task,variant,step,loss_mean
REVERSE,QKV,0,2.43930
REVERSE,QKV,1,2.43266
REVERSE,QKV,2,2.43631
REVERSE,QKV,3,2.43213
REVERSE,QKV,4,2.42869
REVERSE,QKV,5,2.42226
REVERSE,QKV,6,2.42343
REVERSE,QKV,7,2.41952
REVERSE,QKV,8,2.41311
REVERSE,QKV,9,2.40578
REVERSE,QKV,10,2.39732
REVERSE,QKV,11,2.38862
REVERSE,QKV,12,2.39279
REVERSE,QKV,13,2.38064
REVERSE,QKV,14,2.37349
REVERSE,QKV,15,2.37616
REVERSE,QKV,16,2.36913
REVERSE,QKV,17,2.35685
REVERSE,QKV,18,2.35903
REVERSE,QKV,19,2.35244
REVERSE,QKV,20,2.34158
REVERSE,QKV,21,2.34092
REVERSE,QKV,22,2.33834
REVERSE,QKV,23,2.33361
REVERSE,QKV,24,2.33075
REVERSE,QKV,25,2.32584
REVERSE,QKV,26,2.32236
REVERSE,QKV,27,2.32335
REVERSE,QKV,28,2.32018
REVERSE,QKV,29,2.31860
REVERSE,QKV,30,2.31517
REVERSE,QKV,31,2.31491
REVERSE,QKV,32,2.31357
REVERSE,QKV,33,2.31218
REVERSE,QKV,34,2.31163
REVERSE,QKV,35,2.31080
REVERSE,QKV,36,2.31033
REVERSE,QKV,37,2.30909
REVERSE,QKV,38,2.30713
REVERSE,QKV,39,2.30768
REVERSE,QKV,40,2.30759
REVERSE,QKV,41,2.30655
REVERSE,QKV,42,2.30565
REVERSE,QKV,43,2.30610
REVERSE,QKV,44,2.30555
REVERSE,QKV,45,2.30611
REVERSE,QKV,46,2.30524
REVERSE,QKV,47,2.30560
REVERSE,QKV,48,2.30516
REVERSE,QKV,49,2.30448
REVERSE,QKV,50,2.30488
REVERSE,QKV,51,2.30508
REVERSE,QKV,52,2.30461
REVERSE,QKV,53,2.30406
REVERSE,QKV,54,2.30385
REVERSE,QKV,55,2.30394
REVERSE,QKV,56,2.30368
REVERSE,QKV,57,2.30435
REVERSE,QKV,58,2.30329
REVERSE,QKV,59,2.30333
REVERSE,QKV,60,2.30295
REVERSE,QKV,61,2.30402
REVERSE,QKV,62,2.30301
REVERSE,QKV,63,2.30383
REVERSE,QKV,64,2.30342
REVERSE,QKV,65,2.30272
REVERSE,QKV,66,2.30312
REVERSE,QKV,67,2.30311
REVERSE,QKV,68,2.30292
REVERSE,QKV,69,2.30319
REVERSE,QKV,70,2.30247
REVERSE,QKV,71,2.30318
REVERSE,QKV,72,2.30235
REVERSE,QKV,73,2.30215
REVERSE,QKV,74,2.30251
REVERSE,QKV,75,2.30253
REVERSE,QKV,76,2.30291
REVERSE,QKV,77,2.30275
REVERSE,QKV,78,2.30073
REVERSE,QKV,79,2.30186
REVERSE,QKV,80,2.30169
REVERSE,QKV,81,2.30195
REVERSE,QKV,82,2.30200
REVERSE,QKV,83,2.30178
REVERSE,QKV,84,2.30123
REVERSE,QKV,85,2.30094
REVERSE,QKV,86,2.30050
REVERSE,QKV,87,2.30141
REVERSE,QKV,88,2.30081
REVERSE,QKV,89,2.30040
REVERSE,QKV,90,2.30056
REVERSE,QKV,91,2.30120
REVERSE,QKV,92,2.29940
REVERSE,QKV,93,2.30010
REVERSE,QKV,94,2.29958
REVERSE,QKV,95,2.29913
REVERSE,QKV,96,2.29941
REVERSE,QKV,97,2.29859
REVERSE,QKV,98,2.29802
REVERSE,QKV,99,2.29747
REVERSE,QKV,100,2.29769
REVERSE,QKV,101,2.29616
REVERSE,QKV,102,2.29639
REVERSE,QKV,103,2.29546
REVERSE,QKV,104,2.29525
REVERSE,QKV,105,2.29392
REVERSE,QKV,106,2.29339
REVERSE,QKV,107,2.29236
REVERSE,QKV,108,2.28997
REVERSE,QKV,109,2.28857
REVERSE,QKV,110,2.28668
REVERSE,QKV,111,2.28466
REVERSE,QKV,112,2.28323
REVERSE,QKV,113,2.28014
REVERSE,QKV,114,2.27744
REVERSE,QKV,115,2.27295
REVERSE,QKV,116,2.26674
REVERSE,QKV,117,2.26269
REVERSE,QKV,118,2.25561
REVERSE,QKV,119,2.24864
REVERSE,QKV,120,2.23872
REVERSE,QKV,121,2.23219
REVERSE,QKV,122,2.22171
REVERSE,QKV,123,2.20978
REVERSE,QKV,124,2.19158
REVERSE,QKV,125,2.17705
REVERSE,QKV,126,2.16049
REVERSE,QKV,127,2.14093
REVERSE,QKV,128,2.12305
REVERSE,QKV,129,2.09734
REVERSE,QKV,130,2.07467
REVERSE,QKV,131,2.04702
REVERSE,QKV,132,2.02169
REVERSE,QKV,133,1.99065
REVERSE,QKV,134,1.95166
REVERSE,QKV,135,1.92445
REVERSE,QKV,136,1.88371
REVERSE,QKV,137,1.85897
REVERSE,QKV,138,1.81788
REVERSE,QKV,139,1.78014
REVERSE,QKV,140,1.74589
REVERSE,QKV,141,1.70774
REVERSE,QKV,142,1.66579
REVERSE,QKV,143,1.62564
REVERSE,QKV,144,1.57725
REVERSE,QKV,145,1.53257
REVERSE,QKV,146,1.48908
REVERSE,QKV,147,1.44710
REVERSE,QKV,148,1.39768
REVERSE,QKV,149,1.35073
REVERSE,QKV,150,1.30573
REVERSE,QKV,151,1.26165
REVERSE,QKV,152,1.21622
REVERSE,QKV,153,1.16234
REVERSE,QKV,154,1.11587
REVERSE,QKV,155,1.07087
REVERSE,QKV,156,1.02077
REVERSE,QKV,157,0.98358
REVERSE,QKV,158,0.93304
REVERSE,QKV,159,0.88863
REVERSE,QKV,160,0.84892
REVERSE,QKV,161,0.79898
REVERSE,QKV,162,0.76502
REVERSE,QKV,163,0.72091
REVERSE,QKV,164,0.68309
REVERSE,QKV,165,0.64636
REVERSE,QKV,166,0.60890
REVERSE,QKV,167,0.56962
REVERSE,QKV,168,0.53335
REVERSE,QKV,169,0.49278
REVERSE,QKV,170,0.46358
REVERSE,QKV,171,0.42722
REVERSE,QKV,172,0.39264
REVERSE,QKV,173,0.36533
REVERSE,QKV,174,0.33236
REVERSE,QKV,175,0.31084
REVERSE,QKV,176,0.28462
REVERSE,QKV,177,0.26652
REVERSE,QKV,178,0.24149
REVERSE,QKV,179,0.21997
REVERSE,QKV,180,0.20442
REVERSE,QKV,181,0.18429
REVERSE,QKV,182,0.17204
REVERSE,QKV,183,0.15566
REVERSE,QKV,184,0.14214
REVERSE,QKV,185,0.12686
REVERSE,QKV,186,0.11204
REVERSE,QKV,187,0.10340
REVERSE,QKV,188,0.09237
REVERSE,QKV,189,0.08414
REVERSE,QKV,190,0.07624
REVERSE,QKV,191,0.06868
REVERSE,QKV,192,0.06261
REVERSE,QKV,193,0.05973
REVERSE,QKV,194,0.05254
REVERSE,QKV,195,0.04729
REVERSE,QKV,196,0.04331
REVERSE,QKV,197,0.03983
REVERSE,QKV,198,0.03510
REVERSE,QKV,199,0.03097
REVERSE,QKV,200,0.02852
REVERSE,QKV,201,0.02565
REVERSE,QKV,202,0.02298
REVERSE,QKV,203,0.02083
REVERSE,QKV,204,0.01990
REVERSE,QKV,205,0.01843
REVERSE,QKV,206,0.01746
REVERSE,QKV,207,0.01638
REVERSE,QKV,208,0.01622
REVERSE,QKV,209,0.01537
REVERSE,QKV,210,0.01474
REVERSE,QKV,211,0.01374
REVERSE,QKV,212,0.01331
REVERSE,QKV,213,0.01277
REVERSE,QKV,214,0.01246
REVERSE,QKV,215,0.01206
REVERSE,QKV,216,0.01168
REVERSE,QKV,217,0.01120
REVERSE,QKV,218,0.01093
REVERSE,QKV,219,0.01059
REVERSE,QKV,220,0.01039
REVERSE,QKV,221,0.00998
REVERSE,QKV,222,0.00981
REVERSE,QKV,223,0.00946
REVERSE,QKV,224,0.00927
REVERSE,QKV,225,0.00908
REVERSE,QKV,226,0.00891
REVERSE,QKV,227,0.00848
REVERSE,QKV,228,0.00848
REVERSE,QKV,229,0.00825
REVERSE,QKV,230,0.00822
REVERSE,QKV,231,0.00807
REVERSE,QKV,232,0.00784
REVERSE,QKV,233,0.00779
REVERSE,QKV,234,0.00772
REVERSE,QKV,235,0.00752
REVERSE,QKV,236,0.00773
REVERSE,QKV,237,0.00715
REVERSE,QKV,238,0.00709
REVERSE,QKV,239,0.00694
REVERSE,QKV,240,0.00694
REVERSE,QKV,241,0.00691
REVERSE,QKV,242,0.00677
REVERSE,QKV,243,0.00658
REVERSE,QKV,244,0.00656
REVERSE,QKV,245,0.00649
REVERSE,QKV,246,0.00642
REVERSE,QKV,247,0.00651
REVERSE,QKV,248,0.00625
REVERSE,QKV,249,0.00606
REVERSE,QKV,250,0.00609
REVERSE,QKV,251,0.00601
REVERSE,QKV,252,0.00598
REVERSE,QKV,253,0.00584
REVERSE,QKV,254,0.00589
REVERSE,QKV,255,0.00574
REVERSE,QKV,256,0.00566
REVERSE,QKV,257,0.00565
REVERSE,QKV,258,0.00558
REVERSE,QKV,259,0.00553
REVERSE,QKV,260,0.00545
REVERSE,QKV,261,0.00540
REVERSE,QKV,262,0.00537
REVERSE,QKV,263,0.00538
REVERSE,QKV,264,0.00529
REVERSE,QKV,265,0.00518
REVERSE,QKV,266,0.00512
REVERSE,QKV,267,0.00514
REVERSE,QKV,268,0.00509
REVERSE,QKV,269,0.00502
REVERSE,QKV,270,0.00496
REVERSE,QKV,271,0.00494
REVERSE,QKV,272,0.00492
REVERSE,QKV,273,0.00485
REVERSE,QKV,274,0.00482
REVERSE,QKV,275,0.00471
REVERSE,QKV,276,0.00472
REVERSE,QKV,277,0.00471
REVERSE,QKV,278,0.00466
REVERSE,QKV,279,0.00462
REVERSE,QKV,280,0.00455
REVERSE,QKV,281,0.00455
REVERSE,QKV,282,0.00450
REVERSE,QKV,283,0.00445
REVERSE,QKV,284,0.00441
REVERSE,QKV,285,0.00440
REVERSE,QKV,286,0.00434
REVERSE,QKV,287,0.00431
REVERSE,QKV,288,0.00435
REVERSE,QKV,289,0.00432
REVERSE,QKV,290,0.00421
REVERSE,QKV,291,0.00419
REVERSE,QKV,292,0.00419
REVERSE,QKV,293,0.00414
REVERSE,QKV,294,0.00411
REVERSE,QKV,295,0.00407
REVERSE,QKV,296,0.00407
REVERSE,QKV,297,0.00407
REVERSE,QKV,298,0.00400
REVERSE,QKV,299,0.00399
REVERSE,QKV,300,0.00395
REVERSE,QKV,301,0.00394
REVERSE,QKV,302,0.00389
REVERSE,QKV,303,0.00395
REVERSE,QKV,304,0.00387
REVERSE,QKV,305,0.00382
REVERSE,QKV,306,0.00380
REVERSE,QKV,307,0.00376
REVERSE,QKV,308,0.00375
REVERSE,QKV,309,0.00374
REVERSE,QKV,310,0.00371
REVERSE,QKV,311,0.00369
REVERSE,QKV,312,0.00364
REVERSE,QKV,313,0.00367
REVERSE,QKV,314,0.00358
REVERSE,QKV,315,0.00367
REVERSE,QKV,316,0.00355
REVERSE,QKV,317,0.00352
REVERSE,QKV,318,0.00353
REVERSE,QKV,319,0.00352
REVERSE,QKV,320,0.00346
REVERSE,QKV,321,0.00345
REVERSE,QKV,322,0.00346
REVERSE,QKV,323,0.00344
REVERSE,QKV,324,0.00340
REVERSE,QKV,325,0.00337
REVERSE,QKV,326,0.00335
REVERSE,QKV,327,0.00333
REVERSE,QKV,328,0.00333
REVERSE,QKV,329,0.00330
REVERSE,QKV,330,0.00325
REVERSE,QKV,331,0.00325
REVERSE,QKV,332,0.00330
REVERSE,QKV,333,0.00320
REVERSE,QKV,334,0.00324
REVERSE,QKV,335,0.00322
REVERSE,QKV,336,0.00318
REVERSE,QKV,337,0.00319
REVERSE,QKV,338,0.00313
REVERSE,QKV,339,0.00311
REVERSE,QKV,340,0.00314
REVERSE,QKV,341,0.00308
REVERSE,QKV,342,0.00308
REVERSE,QKV,343,0.00306
REVERSE,QKV,344,0.00307
REVERSE,QKV,345,0.00307
REVERSE,QKV,346,0.00304
REVERSE,QKV,347,0.00301
REVERSE,QKV,348,0.00301
REVERSE,QKV,349,0.00297
REVERSE,QKV,350,0.00300
REVERSE,QKV,351,0.00292
REVERSE,QKV,352,0.00293
REVERSE,QKV,353,0.00292
REVERSE,QKV,354,0.00295
REVERSE,QKV,355,0.00292
REVERSE,QKV,356,0.00289
REVERSE,QKV,357,0.00290
REVERSE,QKV,358,0.00286
REVERSE,QKV,359,0.00286
REVERSE,QKV,360,0.00283
REVERSE,QKV,361,0.00282
REVERSE,QKV,362,0.00282
REVERSE,QKV,363,0.00280
REVERSE,QKV,364,0.00276
REVERSE,QKV,365,0.00278
REVERSE,QKV,366,0.00275
REVERSE,QKV,367,0.00273
REVERSE,QKV,368,0.00279
REVERSE,QKV,369,0.00268
REVERSE,QKV,370,0.00272
REVERSE,QKV,371,0.00268
REVERSE,QKV,372,0.00270
REVERSE,QKV,373,0.00267
REVERSE,QKV,374,0.00269
REVERSE,QKV,375,0.00265
REVERSE,QKV,376,0.00262
REVERSE,QKV,377,0.00265
REVERSE,QKV,378,0.00266
REVERSE,QKV,379,0.00260
REVERSE,QKV,380,0.00263
REVERSE,QKV,381,0.00259
REVERSE,QKV,382,0.00257
REVERSE,QKV,383,0.00255
REVERSE,QKV,384,0.00255
REVERSE,QKV,385,0.00256
REVERSE,QKV,386,0.00252
REVERSE,QKV,387,0.00253
REVERSE,QKV,388,0.00251
REVERSE,QKV,389,0.00253
REVERSE,QKV,390,0.00248
REVERSE,QKV,391,0.00249
REVERSE,QKV,392,0.00247
REVERSE,QKV,393,0.00247
REVERSE,QKV,394,0.00244
REVERSE,QKV,395,0.00243
REVERSE,QKV,396,0.00245
REVERSE,QKV,397,0.00244
REVERSE,QKV,398,0.00242
REVERSE,QKV,399,0.00242
REVERSE,QKV,400,0.00240
REVERSE,QKV,401,0.00240
REVERSE,QKV,402,0.00239
REVERSE,QKV,403,0.00239
REVERSE,QKV,404,0.00238
REVERSE,QKV,405,0.00237
REVERSE,QKV,406,0.00235
REVERSE,QKV,407,0.00235
REVERSE,QKV,408,0.00234
REVERSE,QKV,409,0.00235
REVERSE,QKV,410,0.00232
REVERSE,QKV,411,0.00232
REVERSE,QKV,412,0.00233
REVERSE,QKV,413,0.00229
REVERSE,QKV,414,0.00229
REVERSE,QKV,415,0.00229
REVERSE,QKV,416,0.00227
REVERSE,QKV,417,0.00230
REVERSE,QKV,418,0.00228
REVERSE,QKV,419,0.00224
REVERSE,QKV,420,0.00226
REVERSE,QKV,421,0.00224
REVERSE,QKV,422,0.00225
REVERSE,QKV,423,0.00226
REVERSE,QKV,424,0.00223
REVERSE,QKV,425,0.00223
REVERSE,QKV,426,0.00220
REVERSE,QKV,427,0.00219
REVERSE,QKV,428,0.00220
REVERSE,QKV,429,0.00219
REVERSE,QKV,430,0.00215
REVERSE,QKV,431,0.00217
REVERSE,QKV,432,0.00216
REVERSE,QKV,433,0.00216
REVERSE,QKV,434,0.00220
REVERSE,QKV,435,0.00218
REVERSE,QKV,436,0.00215
REVERSE,QKV,437,0.00211
REVERSE,QKV,438,0.00213
REVERSE,QKV,439,0.00214
REVERSE,QKV,440,0.00214
REVERSE,QKV,441,0.00211
REVERSE,QKV,442,0.00211
REVERSE,QKV,443,0.00211
REVERSE,QKV,444,0.00209
REVERSE,QKV,445,0.00207
REVERSE,QKV,446,0.00206
REVERSE,QKV,447,0.00208
REVERSE,QKV,448,0.00210
REVERSE,QKV,449,0.00205
REVERSE,QKV,450,0.00204
REVERSE,QKV,451,0.00211
REVERSE,QKV,452,0.00206
REVERSE,QKV,453,0.00202
REVERSE,QKV,454,0.00204
REVERSE,QKV,455,0.00204
REVERSE,QKV,456,0.00205
REVERSE,QKV,457,0.00202
REVERSE,QKV,458,0.00204
REVERSE,QKV,459,0.00202
REVERSE,QKV,460,0.00199
REVERSE,QKV,461,0.00202
REVERSE,QKV,462,0.00201
REVERSE,QKV,463,0.00199
REVERSE,QKV,464,0.00198
REVERSE,QKV,465,0.00199
REVERSE,QKV,466,0.00198
REVERSE,QKV,467,0.00200
REVERSE,QKV,468,0.00198
REVERSE,QKV,469,0.00198
REVERSE,QKV,470,0.00198
REVERSE,QKV,471,0.00197
REVERSE,QKV,472,0.00194
REVERSE,QKV,473,0.00197
REVERSE,QKV,474,0.00195
REVERSE,QKV,475,0.00194
REVERSE,QKV,476,0.00193
REVERSE,QKV,477,0.00193
REVERSE,QKV,478,0.00192
REVERSE,QKV,479,0.00192
REVERSE,QKV,480,0.00190
REVERSE,QKV,481,0.00191
REVERSE,QKV,482,0.00191
REVERSE,QKV,483,0.00191
REVERSE,QKV,484,0.00189
REVERSE,QKV,485,0.00189
REVERSE,QKV,486,0.00190
REVERSE,QKV,487,0.00189
REVERSE,QKV,488,0.00190
REVERSE,QKV,489,0.00189
REVERSE,QKV,490,0.00188
REVERSE,QKV,491,0.00189
REVERSE,QKV,492,0.00185
REVERSE,QKV,493,0.00186
REVERSE,QKV,494,0.00187
REVERSE,QKV,495,0.00188
REVERSE,QKV,496,0.00186
REVERSE,QKV,497,0.00185
REVERSE,QKV,498,0.00186
REVERSE,QKV,499,0.00185
REVERSE,QKV,500,0.00185
REVERSE,QKV,501,0.00184
REVERSE,QKV,502,0.00183
REVERSE,QKV,503,0.00185
REVERSE,QKV,504,0.00183
REVERSE,QKV,505,0.00183
REVERSE,QKV,506,0.00182
REVERSE,QKV,507,0.00180
REVERSE,QKV,508,0.00182
REVERSE,QKV,509,0.00182
REVERSE,QKV,510,0.00182
REVERSE,QKV,511,0.00182
REVERSE,QKV,512,0.00181
REVERSE,QKV,513,0.00179
REVERSE,QKV,514,0.00179
REVERSE,QKV,515,0.00181
REVERSE,QKV,516,0.00180
REVERSE,QKV,517,0.00180
REVERSE,QKV,518,0.00177
REVERSE,QKV,519,0.00179
REVERSE,QKV,520,0.00177
REVERSE,QKV,521,0.00176
REVERSE,QKV,522,0.00176
REVERSE,QKV,523,0.00175
REVERSE,QKV,524,0.00177
REVERSE,QKV,525,0.00175
REVERSE,QKV,526,0.00177
REVERSE,QKV,527,0.00176
REVERSE,QKV,528,0.00177
REVERSE,QKV,529,0.00174
REVERSE,QKV,530,0.00175
REVERSE,QKV,531,0.00174
REVERSE,QKV,532,0.00174
REVERSE,QKV,533,0.00174
REVERSE,QKV,534,0.00175
REVERSE,QKV,535,0.00174
REVERSE,QKV,536,0.00175
REVERSE,QKV,537,0.00172
REVERSE,QKV,538,0.00173
REVERSE,QKV,539,0.00175
REVERSE,QKV,540,0.00173
REVERSE,QKV,541,0.00174
REVERSE,QKV,542,0.00170
REVERSE,QKV,543,0.00172
REVERSE,QKV,544,0.00170
REVERSE,QKV,545,0.00171
REVERSE,QKV,546,0.00170
REVERSE,QKV,547,0.00170
REVERSE,QKV,548,0.00170
REVERSE,QKV,549,0.00169
REVERSE,QKV,550,0.00170
REVERSE,QKV,551,0.00170
REVERSE,QKV,552,0.00168
REVERSE,QKV,553,0.00172
REVERSE,QKV,554,0.00170
REVERSE,QKV,555,0.00168
REVERSE,QKV,556,0.00168
REVERSE,QKV,557,0.00169
REVERSE,QKV,558,0.00168
REVERSE,QKV,559,0.00169
REVERSE,QKV,560,0.00167
REVERSE,QKV,561,0.00170
REVERSE,QKV,562,0.00167
REVERSE,QKV,563,0.00167
REVERSE,QKV,564,0.00166
REVERSE,QKV,565,0.00167
REVERSE,QKV,566,0.00167
REVERSE,QKV,567,0.00166
REVERSE,QKV,568,0.00166
REVERSE,QKV,569,0.00166
REVERSE,QKV,570,0.00165
REVERSE,QKV,571,0.00164
REVERSE,QKV,572,0.00165
REVERSE,QKV,573,0.00165
REVERSE,QKV,574,0.00164
REVERSE,QKV,575,0.00164
REVERSE,QKV,576,0.00165
REVERSE,QKV,577,0.00165
REVERSE,QKV,578,0.00163
REVERSE,QKV,579,0.00164
REVERSE,QKV,580,0.00164
REVERSE,QKV,581,0.00163
REVERSE,QKV,582,0.00164
REVERSE,QKV,583,0.00164
REVERSE,QKV,584,0.00162
REVERSE,QKV,585,0.00162
REVERSE,QKV,586,0.00163
REVERSE,QKV,587,0.00163
REVERSE,QKV,588,0.00161
REVERSE,QKV,589,0.00161
REVERSE,QKV,590,0.00163
REVERSE,QKV,591,0.00161
REVERSE,QKV,592,0.00162
REVERSE,QKV,593,0.00162
REVERSE,QKV,594,0.00163
REVERSE,QKV,595,0.00161
REVERSE,QKV,596,0.00161
REVERSE,QKV,597,0.00163
REVERSE,QKV,598,0.00162
REVERSE,QKV,599,0.00160
REVERSE,QKV,600,0.00161
REVERSE,QKV,601,0.00160
REVERSE,QKV,602,0.00161
REVERSE,QKV,603,0.00162
REVERSE,QKV,604,0.00162
REVERSE,QKV,605,0.00160
REVERSE,QKV,606,0.00161
REVERSE,QKV,607,0.00159
REVERSE,QKV,608,0.00160
REVERSE,QKV,609,0.00159
REVERSE,QKV,610,0.00158
REVERSE,QKV,611,0.00160
REVERSE,QKV,612,0.00157
REVERSE,QKV,613,0.00158
REVERSE,QKV,614,0.00157
REVERSE,QKV,615,0.00159
REVERSE,QKV,616,0.00159
REVERSE,QKV,617,0.00158
REVERSE,QKV,618,0.00158
REVERSE,QKV,619,0.00158
REVERSE,QKV,620,0.00160
REVERSE,QKV,621,0.00157
REVERSE,QKV,622,0.00159
REVERSE,QKV,623,0.00158
REVERSE,QKV,624,0.00158
REVERSE,QKV,625,0.00158
REVERSE,QKV,626,0.00159
REVERSE,QKV,627,0.00158
REVERSE,QKV,628,0.00159
REVERSE,QKV,629,0.00157
REVERSE,QKV,630,0.00156
REVERSE,QKV,631,0.00160
REVERSE,QKV,632,0.00156
REVERSE,QKV,633,0.00157
REVERSE,QKV,634,0.00157
REVERSE,QKV,635,0.00157
REVERSE,QKV,636,0.00156
REVERSE,QKV,637,0.00156
REVERSE,QKV,638,0.00154
REVERSE,QKV,639,0.00157
REVERSE,QKV,640,0.00156
REVERSE,QKV,641,0.00156
REVERSE,QKV,642,0.00156
REVERSE,QKV,643,0.00155
REVERSE,QKV,644,0.00156
REVERSE,QKV,645,0.00156
REVERSE,QKV,646,0.00156
REVERSE,QKV,647,0.00156
REVERSE,QKV,648,0.00155
REVERSE,QKV,649,0.00153
REVERSE,QKV,650,0.00155
REVERSE,QKV,651,0.00155
REVERSE,QKV,652,0.00154
REVERSE,QKV,653,0.00155
REVERSE,QKV,654,0.00155
REVERSE,QKV,655,0.00156
REVERSE,QKV,656,0.00155
REVERSE,QKV,657,0.00156
REVERSE,QKV,658,0.00153
REVERSE,QKV,659,0.00154
REVERSE,QKV,660,0.00155
REVERSE,QKV,661,0.00154
REVERSE,QKV,662,0.00155
REVERSE,QKV,663,0.00154
REVERSE,QKV,664,0.00155
REVERSE,QKV,665,0.00154
REVERSE,QKV,666,0.00154
REVERSE,QKV,667,0.00155
REVERSE,QKV,668,0.00155
REVERSE,QKV,669,0.00157
REVERSE,QKV,670,0.00154
REVERSE,QKV,671,0.00154
REVERSE,QKV,672,0.00156
REVERSE,QKV,673,0.00154
REVERSE,QKV,674,0.00154
REVERSE,QKV,675,0.00154
REVERSE,QKV,676,0.00153
REVERSE,QKV,677,0.00153
REVERSE,QKV,678,0.00154
REVERSE,QKV,679,0.00153
REVERSE,QKV,680,0.00153
REVERSE,QKV,681,0.00154
REVERSE,QKV,682,0.00154
REVERSE,QKV,683,0.00153
REVERSE,QKV,684,0.00154
REVERSE,QKV,685,0.00153
REVERSE,QKV,686,0.00153
REVERSE,QKV,687,0.00154
REVERSE,QKV,688,0.00153
REVERSE,QKV,689,0.00153
REVERSE,QKV,690,0.00151
REVERSE,QKV,691,0.00153
REVERSE,QKV,692,0.00152
REVERSE,QKV,693,0.00151
REVERSE,QKV,694,0.00156
REVERSE,QKV,695,0.00152
REVERSE,QKV,696,0.00153
REVERSE,QKV,697,0.00154
REVERSE,QKV,698,0.00153
REVERSE,QKV,699,0.00153
REVERSE,QKV,700,0.00152
REVERSE,QKV,701,0.00154
REVERSE,QKV,702,0.00152
REVERSE,QKV,703,0.00153
REVERSE,QKV,704,0.00152
REVERSE,QKV,705,0.00152
REVERSE,QKV,706,0.00151
REVERSE,QKV,707,0.00152
REVERSE,QKV,708,0.00153
REVERSE,QKV,709,0.00151
REVERSE,QKV,710,0.00153
REVERSE,QKV,711,0.00153
REVERSE,QKV,712,0.00152
REVERSE,QKV,713,0.00152
REVERSE,QKV,714,0.00152
REVERSE,QKV,715,0.00151
REVERSE,QKV,716,0.00153
REVERSE,QKV,717,0.00153
REVERSE,QKV,718,0.00153
REVERSE,QKV,719,0.00151
REVERSE,QKV,720,0.00152
REVERSE,QKV,721,0.00154
REVERSE,QKV,722,0.00152
REVERSE,QKV,723,0.00152
REVERSE,QKV,724,0.00152
REVERSE,QKV,725,0.00152
REVERSE,QKV,726,0.00152
REVERSE,QKV,727,0.00150
REVERSE,QKV,728,0.00151
REVERSE,QKV,729,0.00152
REVERSE,QKV,730,0.00151
REVERSE,QKV,731,0.00152
REVERSE,QKV,732,0.00151
REVERSE,QKV,733,0.00152
REVERSE,QKV,734,0.00152
REVERSE,QKV,735,0.00153
REVERSE,QKV,736,0.00151
REVERSE,QKV,737,0.00152
REVERSE,QKV,738,0.00152
REVERSE,QKV,739,0.00152
REVERSE,QKV,740,0.00152
REVERSE,QKV,741,0.00152
REVERSE,QKV,742,0.00152
REVERSE,QKV,743,0.00151
REVERSE,QKV,744,0.00151
REVERSE,QKV,745,0.00151
REVERSE,QKV,746,0.00152
REVERSE,QKV,747,0.00153
REVERSE,QKV,748,0.00151
REVERSE,QKV,749,0.00152
REVERSE,QKV,750,0.00152
REVERSE,QKV,751,0.00152
REVERSE,QKV,752,0.00153
REVERSE,QKV,753,0.00153
REVERSE,QKV,754,0.00152
REVERSE,QKV,755,0.00153
REVERSE,QKV,756,0.00151
REVERSE,QKV,757,0.00152
REVERSE,QKV,758,0.00153
REVERSE,QKV,759,0.00153
REVERSE,QKV,760,0.00150
REVERSE,QKV,761,0.00152
REVERSE,QKV,762,0.00151
REVERSE,QKV,763,0.00153
REVERSE,QKV,764,0.00152
REVERSE,QKV,765,0.00153
REVERSE,QKV,766,0.00151
REVERSE,QKV,767,0.00153
REVERSE,QKV,768,0.00150
REVERSE,QKV,769,0.00151
REVERSE,QKV,770,0.00152
REVERSE,QKV,771,0.00152
REVERSE,QKV,772,0.00152
REVERSE,QKV,773,0.00152
REVERSE,QKV,774,0.00151
REVERSE,QKV,775,0.00152
REVERSE,QKV,776,0.00151
REVERSE,QKV,777,0.00151
REVERSE,QKV,778,0.00150
REVERSE,QKV,779,0.00151
REVERSE,QKV,780,0.00150
REVERSE,QKV,781,0.00153
REVERSE,QKV,782,0.00153
REVERSE,QKV,783,0.00152
REVERSE,QKV,784,0.00152
REVERSE,QKV,785,0.00152
REVERSE,QKV,786,0.00151
REVERSE,QKV,787,0.00151
REVERSE,QKV,788,0.00151
REVERSE,QKV,789,0.00149
REVERSE,Q=K!=V,0,2.46558
REVERSE,Q=K!=V,1,2.45796
REVERSE,Q=K!=V,2,2.46988
REVERSE,Q=K!=V,3,2.46575
REVERSE,Q=K!=V,4,2.45986
REVERSE,Q=K!=V,5,2.44940
REVERSE,Q=K!=V,6,2.44678
REVERSE,Q=K!=V,7,2.44122
REVERSE,Q=K!=V,8,2.43505
REVERSE,Q=K!=V,9,2.42765
REVERSE,Q=K!=V,10,2.41488
REVERSE,Q=K!=V,11,2.41878
REVERSE,Q=K!=V,12,2.40546
REVERSE,Q=K!=V,13,2.39638
REVERSE,Q=K!=V,14,2.39432
REVERSE,Q=K!=V,15,2.38727
REVERSE,Q=K!=V,16,2.38020
REVERSE,Q=K!=V,17,2.37615
REVERSE,Q=K!=V,18,2.36263
REVERSE,Q=K!=V,19,2.36282
REVERSE,Q=K!=V,20,2.35251
REVERSE,Q=K!=V,21,2.35049
REVERSE,Q=K!=V,22,2.34329
REVERSE,Q=K!=V,23,2.34050
REVERSE,Q=K!=V,24,2.33902
REVERSE,Q=K!=V,25,2.33246
REVERSE,Q=K!=V,26,2.32819
REVERSE,Q=K!=V,27,2.32752
REVERSE,Q=K!=V,28,2.32489
REVERSE,Q=K!=V,29,2.32004
REVERSE,Q=K!=V,30,2.31834
REVERSE,Q=K!=V,31,2.31570
REVERSE,Q=K!=V,32,2.31489
REVERSE,Q=K!=V,33,2.31346
REVERSE,Q=K!=V,34,2.31283
REVERSE,Q=K!=V,35,2.31274
REVERSE,Q=K!=V,36,2.31028
REVERSE,Q=K!=V,37,2.30770
REVERSE,Q=K!=V,38,2.30847
REVERSE,Q=K!=V,39,2.30964
REVERSE,Q=K!=V,40,2.30721
REVERSE,Q=K!=V,41,2.30635
REVERSE,Q=K!=V,42,2.30810
REVERSE,Q=K!=V,43,2.30675
REVERSE,Q=K!=V,44,2.30490
REVERSE,Q=K!=V,45,2.30673
REVERSE,Q=K!=V,46,2.30610
REVERSE,Q=K!=V,47,2.30665
REVERSE,Q=K!=V,48,2.30632
REVERSE,Q=K!=V,49,2.30521
REVERSE,Q=K!=V,50,2.30463
REVERSE,Q=K!=V,51,2.30451
REVERSE,Q=K!=V,52,2.30432
REVERSE,Q=K!=V,53,2.30486
REVERSE,Q=K!=V,54,2.30403
REVERSE,Q=K!=V,55,2.30382
REVERSE,Q=K!=V,56,2.30443
REVERSE,Q=K!=V,57,2.30410
REVERSE,Q=K!=V,58,2.30463
REVERSE,Q=K!=V,59,2.30353
REVERSE,Q=K!=V,60,2.30327
REVERSE,Q=K!=V,61,2.30416
REVERSE,Q=K!=V,62,2.30413
REVERSE,Q=K!=V,63,2.30395
REVERSE,Q=K!=V,64,2.30387
REVERSE,Q=K!=V,65,2.30391
REVERSE,Q=K!=V,66,2.30368
REVERSE,Q=K!=V,67,2.30351
REVERSE,Q=K!=V,68,2.30359
REVERSE,Q=K!=V,69,2.30350
REVERSE,Q=K!=V,70,2.30304
REVERSE,Q=K!=V,71,2.30373
REVERSE,Q=K!=V,72,2.30254
REVERSE,Q=K!=V,73,2.30311
REVERSE,Q=K!=V,74,2.30359
REVERSE,Q=K!=V,75,2.30235
REVERSE,Q=K!=V,76,2.30359
REVERSE,Q=K!=V,77,2.30353
REVERSE,Q=K!=V,78,2.30298
REVERSE,Q=K!=V,79,2.30280
REVERSE,Q=K!=V,80,2.30328
REVERSE,Q=K!=V,81,2.30289
REVERSE,Q=K!=V,82,2.30269
REVERSE,Q=K!=V,83,2.30311
REVERSE,Q=K!=V,84,2.30225
REVERSE,Q=K!=V,85,2.30228
REVERSE,Q=K!=V,86,2.30202
REVERSE,Q=K!=V,87,2.30221
REVERSE,Q=K!=V,88,2.30287
REVERSE,Q=K!=V,89,2.30190
REVERSE,Q=K!=V,90,2.30299
REVERSE,Q=K!=V,91,2.30294
REVERSE,Q=K!=V,92,2.30138
REVERSE,Q=K!=V,93,2.30254
REVERSE,Q=K!=V,94,2.30187
REVERSE,Q=K!=V,95,2.30284
REVERSE,Q=K!=V,96,2.30264
REVERSE,Q=K!=V,97,2.30208
REVERSE,Q=K!=V,98,2.30196
REVERSE,Q=K!=V,99,2.30195
REVERSE,Q=K!=V,100,2.30243
REVERSE,Q=K!=V,101,2.30203
REVERSE,Q=K!=V,102,2.30162
REVERSE,Q=K!=V,103,2.30178
REVERSE,Q=K!=V,104,2.30175
REVERSE,Q=K!=V,105,2.30162
REVERSE,Q=K!=V,106,2.30256
REVERSE,Q=K!=V,107,2.30224
REVERSE,Q=K!=V,108,2.30153
REVERSE,Q=K!=V,109,2.30066
REVERSE,Q=K!=V,110,2.30163
REVERSE,Q=K!=V,111,2.30183
REVERSE,Q=K!=V,112,2.30059
REVERSE,Q=K!=V,113,2.30113
REVERSE,Q=K!=V,114,2.30132
REVERSE,Q=K!=V,115,2.30169
REVERSE,Q=K!=V,116,2.30096
REVERSE,Q=K!=V,117,2.30124
REVERSE,Q=K!=V,118,2.30039
REVERSE,Q=K!=V,119,2.29975
REVERSE,Q=K!=V,120,2.30011
REVERSE,Q=K!=V,121,2.30045
REVERSE,Q=K!=V,122,2.29955
REVERSE,Q=K!=V,123,2.29973
REVERSE,Q=K!=V,124,2.29900
REVERSE,Q=K!=V,125,2.29969
REVERSE,Q=K!=V,126,2.29987
REVERSE,Q=K!=V,127,2.29862
REVERSE,Q=K!=V,128,2.29886
REVERSE,Q=K!=V,129,2.29778
REVERSE,Q=K!=V,130,2.29804
REVERSE,Q=K!=V,131,2.29798
REVERSE,Q=K!=V,132,2.29735
REVERSE,Q=K!=V,133,2.29703
REVERSE,Q=K!=V,134,2.29625
REVERSE,Q=K!=V,135,2.29566
REVERSE,Q=K!=V,136,2.29499
REVERSE,Q=K!=V,137,2.29443
REVERSE,Q=K!=V,138,2.29422
REVERSE,Q=K!=V,139,2.29241
REVERSE,Q=K!=V,140,2.29212
REVERSE,Q=K!=V,141,2.29035
REVERSE,Q=K!=V,142,2.28995
REVERSE,Q=K!=V,143,2.28829
REVERSE,Q=K!=V,144,2.28562
REVERSE,Q=K!=V,145,2.28485
REVERSE,Q=K!=V,146,2.28220
REVERSE,Q=K!=V,147,2.27861
REVERSE,Q=K!=V,148,2.27603
REVERSE,Q=K!=V,149,2.27332
REVERSE,Q=K!=V,150,2.26802
REVERSE,Q=K!=V,151,2.26494
REVERSE,Q=K!=V,152,2.25941
REVERSE,Q=K!=V,153,2.25182
REVERSE,Q=K!=V,154,2.24434
REVERSE,Q=K!=V,155,2.23690
REVERSE,Q=K!=V,156,2.22579
REVERSE,Q=K!=V,157,2.21425
REVERSE,Q=K!=V,158,2.20762
REVERSE,Q=K!=V,159,2.19584
REVERSE,Q=K!=V,160,2.18476
REVERSE,Q=K!=V,161,2.16806
REVERSE,Q=K!=V,162,2.15508
REVERSE,Q=K!=V,163,2.13699
REVERSE,Q=K!=V,164,2.12177
REVERSE,Q=K!=V,165,2.10123
REVERSE,Q=K!=V,166,2.08508
REVERSE,Q=K!=V,167,2.05978
REVERSE,Q=K!=V,168,2.03194
REVERSE,Q=K!=V,169,2.01308
REVERSE,Q=K!=V,170,1.98921
REVERSE,Q=K!=V,171,1.95835
REVERSE,Q=K!=V,172,1.93404
REVERSE,Q=K!=V,173,1.90197
REVERSE,Q=K!=V,174,1.86580
REVERSE,Q=K!=V,175,1.83888
REVERSE,Q=K!=V,176,1.79879
REVERSE,Q=K!=V,177,1.76133
REVERSE,Q=K!=V,178,1.72162
REVERSE,Q=K!=V,179,1.67761
REVERSE,Q=K!=V,180,1.63654
REVERSE,Q=K!=V,181,1.58805
REVERSE,Q=K!=V,182,1.54397
REVERSE,Q=K!=V,183,1.49192
REVERSE,Q=K!=V,184,1.43848
REVERSE,Q=K!=V,185,1.39215
REVERSE,Q=K!=V,186,1.32993
REVERSE,Q=K!=V,187,1.28043
REVERSE,Q=K!=V,188,1.22908
REVERSE,Q=K!=V,189,1.17343
REVERSE,Q=K!=V,190,1.12160
REVERSE,Q=K!=V,191,1.07235
REVERSE,Q=K!=V,192,1.01816
REVERSE,Q=K!=V,193,0.96551
REVERSE,Q=K!=V,194,0.91108
REVERSE,Q=K!=V,195,0.85847
REVERSE,Q=K!=V,196,0.81294
REVERSE,Q=K!=V,197,0.76879
REVERSE,Q=K!=V,198,0.72210
REVERSE,Q=K!=V,199,0.68010
REVERSE,Q=K!=V,200,0.64047
REVERSE,Q=K!=V,201,0.59795
REVERSE,Q=K!=V,202,0.55898
REVERSE,Q=K!=V,203,0.52400
REVERSE,Q=K!=V,204,0.48713
REVERSE,Q=K!=V,205,0.45410
REVERSE,Q=K!=V,206,0.42648
REVERSE,Q=K!=V,207,0.39762
REVERSE,Q=K!=V,208,0.36788
REVERSE,Q=K!=V,209,0.34302
REVERSE,Q=K!=V,210,0.32037
REVERSE,Q=K!=V,211,0.29502
REVERSE,Q=K!=V,212,0.27845
REVERSE,Q=K!=V,213,0.25647
REVERSE,Q=K!=V,214,0.23878
REVERSE,Q=K!=V,215,0.22321
REVERSE,Q=K!=V,216,0.20330
REVERSE,Q=K!=V,217,0.18770
REVERSE,Q=K!=V,218,0.17351
REVERSE,Q=K!=V,219,0.15932
REVERSE,Q=K!=V,220,0.14473
REVERSE,Q=K!=V,221,0.13345
REVERSE,Q=K!=V,222,0.12155
REVERSE,Q=K!=V,223,0.11460
REVERSE,Q=K!=V,224,0.10217
REVERSE,Q=K!=V,225,0.09580
REVERSE,Q=K!=V,226,0.08860
REVERSE,Q=K!=V,227,0.08083
REVERSE,Q=K!=V,228,0.07457
REVERSE,Q=K!=V,229,0.06807
REVERSE,Q=K!=V,230,0.06257
REVERSE,Q=K!=V,231,0.05821
REVERSE,Q=K!=V,232,0.05139
REVERSE,Q=K!=V,233,0.04792
REVERSE,Q=K!=V,234,0.04326
REVERSE,Q=K!=V,235,0.03820
REVERSE,Q=K!=V,236,0.03405
REVERSE,Q=K!=V,237,0.03130
REVERSE,Q=K!=V,238,0.02823
REVERSE,Q=K!=V,239,0.02580
REVERSE,Q=K!=V,240,0.02408
REVERSE,Q=K!=V,241,0.02226
REVERSE,Q=K!=V,242,0.02085
REVERSE,Q=K!=V,243,0.01939
REVERSE,Q=K!=V,244,0.01857
REVERSE,Q=K!=V,245,0.01726
REVERSE,Q=K!=V,246,0.01627
REVERSE,Q=K!=V,247,0.01551
REVERSE,Q=K!=V,248,0.01511
REVERSE,Q=K!=V,249,0.01455
REVERSE,Q=K!=V,250,0.01383
REVERSE,Q=K!=V,251,0.01314
REVERSE,Q=K!=V,252,0.01281
REVERSE,Q=K!=V,253,0.01255
REVERSE,Q=K!=V,254,0.01191
REVERSE,Q=K!=V,255,0.01180
REVERSE,Q=K!=V,256,0.01128
REVERSE,Q=K!=V,257,0.01104
REVERSE,Q=K!=V,258,0.01078
REVERSE,Q=K!=V,259,0.01044
REVERSE,Q=K!=V,260,0.01018
REVERSE,Q=K!=V,261,0.00995
REVERSE,Q=K!=V,262,0.00971
REVERSE,Q=K!=V,263,0.00949
REVERSE,Q=K!=V,264,0.00923
REVERSE,Q=K!=V,265,0.00909
REVERSE,Q=K!=V,266,0.00897
REVERSE,Q=K!=V,267,0.00885
REVERSE,Q=K!=V,268,0.00870
REVERSE,Q=K!=V,269,0.00843
REVERSE,Q=K!=V,270,0.00823
REVERSE,Q=K!=V,271,0.00806
REVERSE,Q=K!=V,272,0.00810
REVERSE,Q=K!=V,273,0.00786
REVERSE,Q=K!=V,274,0.00784
REVERSE,Q=K!=V,275,0.00765
REVERSE,Q=K!=V,276,0.00748
REVERSE,Q=K!=V,277,0.00744
REVERSE,Q=K!=V,278,0.00731
REVERSE,Q=K!=V,279,0.00716
REVERSE,Q=K!=V,280,0.00711
REVERSE,Q=K!=V,281,0.00704
REVERSE,Q=K!=V,282,0.00698
REVERSE,Q=K!=V,283,0.00687
REVERSE,Q=K!=V,284,0.00684
REVERSE,Q=K!=V,285,0.00664
REVERSE,Q=K!=V,286,0.00667
REVERSE,Q=K!=V,287,0.00654
REVERSE,Q=K!=V,288,0.00649
REVERSE,Q=K!=V,289,0.00650
REVERSE,Q=K!=V,290,0.00630
REVERSE,Q=K!=V,291,0.00628
REVERSE,Q=K!=V,292,0.00623
REVERSE,Q=K!=V,293,0.00612
REVERSE,Q=K!=V,294,0.00602
REVERSE,Q=K!=V,295,0.00597
REVERSE,Q=K!=V,296,0.00593
REVERSE,Q=K!=V,297,0.00590
REVERSE,Q=K!=V,298,0.00578
REVERSE,Q=K!=V,299,0.00575
REVERSE,Q=K!=V,300,0.00570
REVERSE,Q=K!=V,301,0.00562
REVERSE,Q=K!=V,302,0.00557
REVERSE,Q=K!=V,303,0.00555
REVERSE,Q=K!=V,304,0.00554
REVERSE,Q=K!=V,305,0.00546
REVERSE,Q=K!=V,306,0.00536
REVERSE,Q=K!=V,307,0.00529
REVERSE,Q=K!=V,308,0.00523
REVERSE,Q=K!=V,309,0.00526
REVERSE,Q=K!=V,310,0.00518
REVERSE,Q=K!=V,311,0.00521
REVERSE,Q=K!=V,312,0.00511
REVERSE,Q=K!=V,313,0.00511
REVERSE,Q=K!=V,314,0.00497
REVERSE,Q=K!=V,315,0.00492
REVERSE,Q=K!=V,316,0.00493
REVERSE,Q=K!=V,317,0.00485
REVERSE,Q=K!=V,318,0.00481
REVERSE,Q=K!=V,319,0.00485
REVERSE,Q=K!=V,320,0.00483
REVERSE,Q=K!=V,321,0.00474
REVERSE,Q=K!=V,322,0.00472
REVERSE,Q=K!=V,323,0.00467
REVERSE,Q=K!=V,324,0.00463
REVERSE,Q=K!=V,325,0.00462
REVERSE,Q=K!=V,326,0.00459
REVERSE,Q=K!=V,327,0.00454
REVERSE,Q=K!=V,328,0.00450
REVERSE,Q=K!=V,329,0.00448
REVERSE,Q=K!=V,330,0.00438
REVERSE,Q=K!=V,331,0.00440
REVERSE,Q=K!=V,332,0.00442
REVERSE,Q=K!=V,333,0.00435
REVERSE,Q=K!=V,334,0.00435
REVERSE,Q=K!=V,335,0.00432
REVERSE,Q=K!=V,336,0.00426
REVERSE,Q=K!=V,337,0.00427
REVERSE,Q=K!=V,338,0.00422
REVERSE,Q=K!=V,339,0.00420
REVERSE,Q=K!=V,340,0.00415
REVERSE,Q=K!=V,341,0.00411
REVERSE,Q=K!=V,342,0.00407
REVERSE,Q=K!=V,343,0.00410
REVERSE,Q=K!=V,344,0.00408
REVERSE,Q=K!=V,345,0.00401
REVERSE,Q=K!=V,346,0.00398
REVERSE,Q=K!=V,347,0.00398
REVERSE,Q=K!=V,348,0.00396
REVERSE,Q=K!=V,349,0.00390
REVERSE,Q=K!=V,350,0.00390
REVERSE,Q=K!=V,351,0.00390
REVERSE,Q=K!=V,352,0.00386
REVERSE,Q=K!=V,353,0.00381
REVERSE,Q=K!=V,354,0.00381
REVERSE,Q=K!=V,355,0.00382
REVERSE,Q=K!=V,356,0.00375
REVERSE,Q=K!=V,357,0.00378
REVERSE,Q=K!=V,358,0.00370
REVERSE,Q=K!=V,359,0.00369
REVERSE,Q=K!=V,360,0.00367
REVERSE,Q=K!=V,361,0.00365
REVERSE,Q=K!=V,362,0.00362
REVERSE,Q=K!=V,363,0.00363
REVERSE,Q=K!=V,364,0.00361
REVERSE,Q=K!=V,365,0.00357
REVERSE,Q=K!=V,366,0.00353
REVERSE,Q=K!=V,367,0.00355
REVERSE,Q=K!=V,368,0.00354
REVERSE,Q=K!=V,369,0.00352
REVERSE,Q=K!=V,370,0.00349
REVERSE,Q=K!=V,371,0.00343
REVERSE,Q=K!=V,372,0.00341
REVERSE,Q=K!=V,373,0.00343
REVERSE,Q=K!=V,374,0.00343
REVERSE,Q=K!=V,375,0.00337
REVERSE,Q=K!=V,376,0.00341
REVERSE,Q=K!=V,377,0.00334
REVERSE,Q=K!=V,378,0.00335
REVERSE,Q=K!=V,379,0.00331
REVERSE,Q=K!=V,380,0.00331
REVERSE,Q=K!=V,381,0.00329
REVERSE,Q=K!=V,382,0.00328
REVERSE,Q=K!=V,383,0.00326
REVERSE,Q=K!=V,384,0.00325
REVERSE,Q=K!=V,385,0.00324
REVERSE,Q=K!=V,386,0.00325
REVERSE,Q=K!=V,387,0.00321
REVERSE,Q=K!=V,388,0.00318
REVERSE,Q=K!=V,389,0.00321
REVERSE,Q=K!=V,390,0.00318
REVERSE,Q=K!=V,391,0.00317
REVERSE,Q=K!=V,392,0.00312
REVERSE,Q=K!=V,393,0.00317
REVERSE,Q=K!=V,394,0.00304
REVERSE,Q=K!=V,395,0.00309
REVERSE,Q=K!=V,396,0.00309
REVERSE,Q=K!=V,397,0.00306
REVERSE,Q=K!=V,398,0.00307
REVERSE,Q=K!=V,399,0.00302
REVERSE,Q=K!=V,400,0.00303
REVERSE,Q=K!=V,401,0.00301
REVERSE,Q=K!=V,402,0.00299
REVERSE,Q=K!=V,403,0.00300
REVERSE,Q=K!=V,404,0.00299
REVERSE,Q=K!=V,405,0.00293
REVERSE,Q=K!=V,406,0.00294
REVERSE,Q=K!=V,407,0.00292
REVERSE,Q=K!=V,408,0.00295
REVERSE,Q=K!=V,409,0.00290
REVERSE,Q=K!=V,410,0.00292
REVERSE,Q=K!=V,411,0.00294
REVERSE,Q=K!=V,412,0.00288
REVERSE,Q=K!=V,413,0.00287
REVERSE,Q=K!=V,414,0.00285
REVERSE,Q=K!=V,415,0.00283
REVERSE,Q=K!=V,416,0.00282
REVERSE,Q=K!=V,417,0.00283
REVERSE,Q=K!=V,418,0.00279
REVERSE,Q=K!=V,419,0.00280
REVERSE,Q=K!=V,420,0.00280
REVERSE,Q=K!=V,421,0.00280
REVERSE,Q=K!=V,422,0.00278
REVERSE,Q=K!=V,423,0.00276
REVERSE,Q=K!=V,424,0.00276
REVERSE,Q=K!=V,425,0.00273
REVERSE,Q=K!=V,426,0.00272
REVERSE,Q=K!=V,427,0.00272
REVERSE,Q=K!=V,428,0.00275
REVERSE,Q=K!=V,429,0.00268
REVERSE,Q=K!=V,430,0.00270
REVERSE,Q=K!=V,431,0.00269
REVERSE,Q=K!=V,432,0.00268
REVERSE,Q=K!=V,433,0.00267
REVERSE,Q=K!=V,434,0.00267
REVERSE,Q=K!=V,435,0.00267
REVERSE,Q=K!=V,436,0.00261
REVERSE,Q=K!=V,437,0.00264
REVERSE,Q=K!=V,438,0.00261
REVERSE,Q=K!=V,439,0.00262
REVERSE,Q=K!=V,440,0.00261
REVERSE,Q=K!=V,441,0.00261
REVERSE,Q=K!=V,442,0.00262
REVERSE,Q=K!=V,443,0.00258
REVERSE,Q=K!=V,444,0.00260
REVERSE,Q=K!=V,445,0.00256
REVERSE,Q=K!=V,446,0.00257
REVERSE,Q=K!=V,447,0.00253
REVERSE,Q=K!=V,448,0.00252
REVERSE,Q=K!=V,449,0.00252
REVERSE,Q=K!=V,450,0.00252
REVERSE,Q=K!=V,451,0.00251
REVERSE,Q=K!=V,452,0.00252
REVERSE,Q=K!=V,453,0.00251
REVERSE,Q=K!=V,454,0.00246
REVERSE,Q=K!=V,455,0.00248
REVERSE,Q=K!=V,456,0.00248
REVERSE,Q=K!=V,457,0.00247
REVERSE,Q=K!=V,458,0.00245
REVERSE,Q=K!=V,459,0.00245
REVERSE,Q=K!=V,460,0.00245
REVERSE,Q=K!=V,461,0.00245
REVERSE,Q=K!=V,462,0.00246
REVERSE,Q=K!=V,463,0.00247
REVERSE,Q=K!=V,464,0.00242
REVERSE,Q=K!=V,465,0.00241
REVERSE,Q=K!=V,466,0.00241
REVERSE,Q=K!=V,467,0.00239
REVERSE,Q=K!=V,468,0.00238
REVERSE,Q=K!=V,469,0.00239
REVERSE,Q=K!=V,470,0.00238
REVERSE,Q=K!=V,471,0.00238
REVERSE,Q=K!=V,472,0.00234
REVERSE,Q=K!=V,473,0.00235
REVERSE,Q=K!=V,474,0.00234
REVERSE,Q=K!=V,475,0.00236
REVERSE,Q=K!=V,476,0.00234
REVERSE,Q=K!=V,477,0.00234
REVERSE,Q=K!=V,478,0.00234
REVERSE,Q=K!=V,479,0.00233
REVERSE,Q=K!=V,480,0.00231
REVERSE,Q=K!=V,481,0.00230
REVERSE,Q=K!=V,482,0.00229
REVERSE,Q=K!=V,483,0.00230
REVERSE,Q=K!=V,484,0.00232
REVERSE,Q=K!=V,485,0.00230
REVERSE,Q=K!=V,486,0.00229
REVERSE,Q=K!=V,487,0.00226
REVERSE,Q=K!=V,488,0.00228
REVERSE,Q=K!=V,489,0.00228
REVERSE,Q=K!=V,490,0.00224
REVERSE,Q=K!=V,491,0.00225
REVERSE,Q=K!=V,492,0.00224
REVERSE,Q=K!=V,493,0.00224
REVERSE,Q=K!=V,494,0.00224
REVERSE,Q=K!=V,495,0.00224
REVERSE,Q=K!=V,496,0.00224
REVERSE,Q=K!=V,497,0.00221
REVERSE,Q=K!=V,498,0.00222
REVERSE,Q=K!=V,499,0.00222
REVERSE,Q=K!=V,500,0.00221
REVERSE,Q=K!=V,501,0.00220
REVERSE,Q=K!=V,502,0.00219
REVERSE,Q=K!=V,503,0.00219
REVERSE,Q=K!=V,504,0.00219
REVERSE,Q=K!=V,505,0.00220
REVERSE,Q=K!=V,506,0.00217
REVERSE,Q=K!=V,507,0.00217
REVERSE,Q=K!=V,508,0.00218
REVERSE,Q=K!=V,509,0.00216
REVERSE,Q=K!=V,510,0.00215
REVERSE,Q=K!=V,511,0.00215
REVERSE,Q=K!=V,512,0.00216
REVERSE,Q=K!=V,513,0.00216
REVERSE,Q=K!=V,514,0.00215
REVERSE,Q=K!=V,515,0.00214
REVERSE,Q=K!=V,516,0.00215
REVERSE,Q=K!=V,517,0.00211
REVERSE,Q=K!=V,518,0.00213
REVERSE,Q=K!=V,519,0.00215
REVERSE,Q=K!=V,520,0.00211
REVERSE,Q=K!=V,521,0.00212
REVERSE,Q=K!=V,522,0.00211
REVERSE,Q=K!=V,523,0.00209
REVERSE,Q=K!=V,524,0.00210
REVERSE,Q=K!=V,525,0.00211
REVERSE,Q=K!=V,526,0.00209
REVERSE,Q=K!=V,527,0.00212
REVERSE,Q=K!=V,528,0.00212
REVERSE,Q=K!=V,529,0.00206
REVERSE,Q=K!=V,530,0.00208
REVERSE,Q=K!=V,531,0.00207
REVERSE,Q=K!=V,532,0.00210
REVERSE,Q=K!=V,533,0.00206
REVERSE,Q=K!=V,534,0.00205
REVERSE,Q=K!=V,535,0.00206
REVERSE,Q=K!=V,536,0.00207
REVERSE,Q=K!=V,537,0.00208
REVERSE,Q=K!=V,538,0.00205
REVERSE,Q=K!=V,539,0.00206
REVERSE,Q=K!=V,540,0.00204
REVERSE,Q=K!=V,541,0.00203
REVERSE,Q=K!=V,542,0.00204
REVERSE,Q=K!=V,543,0.00207
REVERSE,Q=K!=V,544,0.00202
REVERSE,Q=K!=V,545,0.00203
REVERSE,Q=K!=V,546,0.00202
REVERSE,Q=K!=V,547,0.00201
REVERSE,Q=K!=V,548,0.00202
REVERSE,Q=K!=V,549,0.00201
REVERSE,Q=K!=V,550,0.00200
REVERSE,Q=K!=V,551,0.00201
REVERSE,Q=K!=V,552,0.00204
REVERSE,Q=K!=V,553,0.00200
REVERSE,Q=K!=V,554,0.00200
REVERSE,Q=K!=V,555,0.00200
REVERSE,Q=K!=V,556,0.00198
REVERSE,Q=K!=V,557,0.00200
REVERSE,Q=K!=V,558,0.00199
REVERSE,Q=K!=V,559,0.00199
REVERSE,Q=K!=V,560,0.00198
REVERSE,Q=K!=V,561,0.00198
REVERSE,Q=K!=V,562,0.00197
REVERSE,Q=K!=V,563,0.00197
REVERSE,Q=K!=V,564,0.00196
REVERSE,Q=K!=V,565,0.00198
REVERSE,Q=K!=V,566,0.00196
REVERSE,Q=K!=V,567,0.00196
REVERSE,Q=K!=V,568,0.00197
REVERSE,Q=K!=V,569,0.00197
REVERSE,Q=K!=V,570,0.00194
REVERSE,Q=K!=V,571,0.00195
REVERSE,Q=K!=V,572,0.00197
REVERSE,Q=K!=V,573,0.00195
REVERSE,Q=K!=V,574,0.00195
REVERSE,Q=K!=V,575,0.00194
REVERSE,Q=K!=V,576,0.00195
REVERSE,Q=K!=V,577,0.00194
REVERSE,Q=K!=V,578,0.00195
REVERSE,Q=K!=V,579,0.00192
REVERSE,Q=K!=V,580,0.00195
REVERSE,Q=K!=V,581,0.00193
REVERSE,Q=K!=V,582,0.00192
REVERSE,Q=K!=V,583,0.00192
REVERSE,Q=K!=V,584,0.00192
REVERSE,Q=K!=V,585,0.00192
REVERSE,Q=K!=V,586,0.00190
REVERSE,Q=K!=V,587,0.00194
REVERSE,Q=K!=V,588,0.00194
REVERSE,Q=K!=V,589,0.00195
REVERSE,Q=K!=V,590,0.00190
REVERSE,Q=K!=V,591,0.00191
REVERSE,Q=K!=V,592,0.00191
REVERSE,Q=K!=V,593,0.00190
REVERSE,Q=K!=V,594,0.00191
REVERSE,Q=K!=V,595,0.00190
REVERSE,Q=K!=V,596,0.00191
REVERSE,Q=K!=V,597,0.00190
REVERSE,Q=K!=V,598,0.00190
REVERSE,Q=K!=V,599,0.00189
REVERSE,Q=K!=V,600,0.00189
REVERSE,Q=K!=V,601,0.00189
REVERSE,Q=K!=V,602,0.00191
REVERSE,Q=K!=V,603,0.00190
REVERSE,Q=K!=V,604,0.00189
REVERSE,Q=K!=V,605,0.00189
REVERSE,Q=K!=V,606,0.00187
REVERSE,Q=K!=V,607,0.00187
REVERSE,Q=K!=V,608,0.00186
REVERSE,Q=K!=V,609,0.00187
REVERSE,Q=K!=V,610,0.00188
REVERSE,Q=K!=V,611,0.00187
REVERSE,Q=K!=V,612,0.00186
REVERSE,Q=K!=V,613,0.00187
REVERSE,Q=K!=V,614,0.00187
REVERSE,Q=K!=V,615,0.00186
REVERSE,Q=K!=V,616,0.00186
REVERSE,Q=K!=V,617,0.00184
REVERSE,Q=K!=V,618,0.00186
REVERSE,Q=K!=V,619,0.00183
REVERSE,Q=K!=V,620,0.00186
REVERSE,Q=K!=V,621,0.00183
REVERSE,Q=K!=V,622,0.00186
REVERSE,Q=K!=V,623,0.00185
REVERSE,Q=K!=V,624,0.00185
REVERSE,Q=K!=V,625,0.00186
REVERSE,Q=K!=V,626,0.00185
REVERSE,Q=K!=V,627,0.00183
REVERSE,Q=K!=V,628,0.00187
REVERSE,Q=K!=V,629,0.00183
REVERSE,Q=K!=V,630,0.00185
REVERSE,Q=K!=V,631,0.00185
REVERSE,Q=K!=V,632,0.00184
REVERSE,Q=K!=V,633,0.00183
REVERSE,Q=K!=V,634,0.00182
REVERSE,Q=K!=V,635,0.00183
REVERSE,Q=K!=V,636,0.00183
REVERSE,Q=K!=V,637,0.00184
REVERSE,Q=K!=V,638,0.00182
REVERSE,Q=K!=V,639,0.00183
REVERSE,Q=K!=V,640,0.00183
REVERSE,Q=K!=V,641,0.00182
REVERSE,Q=K!=V,642,0.00184
REVERSE,Q=K!=V,643,0.00181
REVERSE,Q=K!=V,644,0.00182
REVERSE,Q=K!=V,645,0.00182
REVERSE,Q=K!=V,646,0.00184
REVERSE,Q=K!=V,647,0.00182
REVERSE,Q=K!=V,648,0.00183
REVERSE,Q=K!=V,649,0.00181
REVERSE,Q=K!=V,650,0.00181
REVERSE,Q=K!=V,651,0.00184
REVERSE,Q=K!=V,652,0.00181
REVERSE,Q=K!=V,653,0.00178
REVERSE,Q=K!=V,654,0.00183
REVERSE,Q=K!=V,655,0.00181
REVERSE,Q=K!=V,656,0.00181
REVERSE,Q=K!=V,657,0.00181
REVERSE,Q=K!=V,658,0.00179
REVERSE,Q=K!=V,659,0.00180
REVERSE,Q=K!=V,660,0.00181
REVERSE,Q=K!=V,661,0.00181
REVERSE,Q=K!=V,662,0.00181
REVERSE,Q=K!=V,663,0.00179
REVERSE,Q=K!=V,664,0.00180
REVERSE,Q=K!=V,665,0.00181
REVERSE,Q=K!=V,666,0.00180
REVERSE,Q=K!=V,667,0.00181
REVERSE,Q=K!=V,668,0.00182
REVERSE,Q=K!=V,669,0.00181
REVERSE,Q=K!=V,670,0.00180
REVERSE,Q=K!=V,671,0.00182
REVERSE,Q=K!=V,672,0.00180
REVERSE,Q=K!=V,673,0.00179
REVERSE,Q=K!=V,674,0.00181
REVERSE,Q=K!=V,675,0.00179
REVERSE,Q=K!=V,676,0.00181
REVERSE,Q=K!=V,677,0.00180
REVERSE,Q=K!=V,678,0.00179
REVERSE,Q=K!=V,679,0.00180
REVERSE,Q=K!=V,680,0.00181
REVERSE,Q=K!=V,681,0.00179
REVERSE,Q=K!=V,682,0.00179
REVERSE,Q=K!=V,683,0.00178
REVERSE,Q=K!=V,684,0.00179
REVERSE,Q=K!=V,685,0.00180
REVERSE,Q=K!=V,686,0.00178
REVERSE,Q=K!=V,687,0.00179
REVERSE,Q=K!=V,688,0.00180
REVERSE,Q=K!=V,689,0.00179
REVERSE,Q=K!=V,690,0.00179
REVERSE,Q=K!=V,691,0.00180
REVERSE,Q=K!=V,692,0.00179
REVERSE,Q=K!=V,693,0.00177
REVERSE,Q=K!=V,694,0.00182
REVERSE,Q=K!=V,695,0.00179
REVERSE,Q=K!=V,696,0.00179
REVERSE,Q=K!=V,697,0.00177
REVERSE,Q=K!=V,698,0.00178
REVERSE,Q=K!=V,699,0.00179
REVERSE,Q=K!=V,700,0.00177
REVERSE,Q=K!=V,701,0.00179
REVERSE,Q=K!=V,702,0.00178
REVERSE,Q=K!=V,703,0.00179
REVERSE,Q=K!=V,704,0.00178
REVERSE,Q=K!=V,705,0.00179
REVERSE,Q=K!=V,706,0.00178
REVERSE,Q=K!=V,707,0.00178
REVERSE,Q=K!=V,708,0.00178
REVERSE,Q=K!=V,709,0.00178
REVERSE,Q=K!=V,710,0.00180
REVERSE,Q=K!=V,711,0.00179
REVERSE,Q=K!=V,712,0.00177
REVERSE,Q=K!=V,713,0.00177
REVERSE,Q=K!=V,714,0.00176
REVERSE,Q=K!=V,715,0.00178
REVERSE,Q=K!=V,716,0.00178
REVERSE,Q=K!=V,717,0.00178
REVERSE,Q=K!=V,718,0.00177
REVERSE,Q=K!=V,719,0.00178
REVERSE,Q=K!=V,720,0.00178
REVERSE,Q=K!=V,721,0.00178
REVERSE,Q=K!=V,722,0.00178
REVERSE,Q=K!=V,723,0.00178
REVERSE,Q=K!=V,724,0.00179
REVERSE,Q=K!=V,725,0.00178
REVERSE,Q=K!=V,726,0.00177
REVERSE,Q=K!=V,727,0.00177
REVERSE,Q=K!=V,728,0.00177
REVERSE,Q=K!=V,729,0.00178
REVERSE,Q=K!=V,730,0.00175
REVERSE,Q=K!=V,731,0.00177
REVERSE,Q=K!=V,732,0.00179
REVERSE,Q=K!=V,733,0.00178
REVERSE,Q=K!=V,734,0.00177
REVERSE,Q=K!=V,735,0.00177
REVERSE,Q=K!=V,736,0.00176
REVERSE,Q=K!=V,737,0.00176
REVERSE,Q=K!=V,738,0.00179
REVERSE,Q=K!=V,739,0.00178
REVERSE,Q=K!=V,740,0.00176
REVERSE,Q=K!=V,741,0.00177
REVERSE,Q=K!=V,742,0.00178
REVERSE,Q=K!=V,743,0.00177
REVERSE,Q=K!=V,744,0.00177
REVERSE,Q=K!=V,745,0.00177
REVERSE,Q=K!=V,746,0.00178
REVERSE,Q=K!=V,747,0.00177
REVERSE,Q=K!=V,748,0.00176
REVERSE,Q=K!=V,749,0.00178
REVERSE,Q=K!=V,750,0.00177
REVERSE,Q=K!=V,751,0.00177
REVERSE,Q=K!=V,752,0.00178
REVERSE,Q=K!=V,753,0.00178
REVERSE,Q=K!=V,754,0.00177
REVERSE,Q=K!=V,755,0.00178
REVERSE,Q=K!=V,756,0.00175
REVERSE,Q=K!=V,757,0.00177
REVERSE,Q=K!=V,758,0.00177
REVERSE,Q=K!=V,759,0.00176
REVERSE,Q=K!=V,760,0.00176
REVERSE,Q=K!=V,761,0.00177
REVERSE,Q=K!=V,762,0.00178
REVERSE,Q=K!=V,763,0.00178
REVERSE,Q=K!=V,764,0.00178
REVERSE,Q=K!=V,765,0.00178
REVERSE,Q=K!=V,766,0.00179
REVERSE,Q=K!=V,767,0.00176
REVERSE,Q=K!=V,768,0.00176
REVERSE,Q=K!=V,769,0.00178
REVERSE,Q=K!=V,770,0.00179
REVERSE,Q=K!=V,771,0.00178
REVERSE,Q=K!=V,772,0.00177
REVERSE,Q=K!=V,773,0.00177
REVERSE,Q=K!=V,774,0.00176
REVERSE,Q=K!=V,775,0.00178
REVERSE,Q=K!=V,776,0.00176
REVERSE,Q=K!=V,777,0.00178
REVERSE,Q=K!=V,778,0.00177
REVERSE,Q=K!=V,779,0.00177
REVERSE,Q=K!=V,780,0.00176
REVERSE,Q=K!=V,781,0.00176
REVERSE,Q=K!=V,782,0.00177
REVERSE,Q=K!=V,783,0.00176
REVERSE,Q=K!=V,784,0.00177
REVERSE,Q=K!=V,785,0.00178
REVERSE,Q=K!=V,786,0.00178
REVERSE,Q=K!=V,787,0.00176
REVERSE,Q=K!=V,788,0.00176
REVERSE,Q=K!=V,789,0.00173
REVERSE,(Q=K!=V)+,0,2.45612
REVERSE,(Q=K!=V)+,1,2.45601
REVERSE,(Q=K!=V)+,2,2.45060
REVERSE,(Q=K!=V)+,3,2.45378
REVERSE,(Q=K!=V)+,4,2.45394
REVERSE,(Q=K!=V)+,5,2.44416
REVERSE,(Q=K!=V)+,6,2.43901
REVERSE,(Q=K!=V)+,7,2.43173
REVERSE,(Q=K!=V)+,8,2.42850
REVERSE,(Q=K!=V)+,9,2.42022
REVERSE,(Q=K!=V)+,10,2.41462
REVERSE,(Q=K!=V)+,11,2.40759
REVERSE,(Q=K!=V)+,12,2.39878
REVERSE,(Q=K!=V)+,13,2.39681
REVERSE,(Q=K!=V)+,14,2.39100
REVERSE,(Q=K!=V)+,15,2.38090
REVERSE,(Q=K!=V)+,16,2.37791
REVERSE,(Q=K!=V)+,17,2.37190
REVERSE,(Q=K!=V)+,18,2.36562
REVERSE,(Q=K!=V)+,19,2.36041
REVERSE,(Q=K!=V)+,20,2.35736
REVERSE,(Q=K!=V)+,21,2.34828
REVERSE,(Q=K!=V)+,22,2.34673
REVERSE,(Q=K!=V)+,23,2.34123
REVERSE,(Q=K!=V)+,24,2.33561
REVERSE,(Q=K!=V)+,25,2.33374
REVERSE,(Q=K!=V)+,26,2.32848
REVERSE,(Q=K!=V)+,27,2.32708
REVERSE,(Q=K!=V)+,28,2.32288
REVERSE,(Q=K!=V)+,29,2.32451
REVERSE,(Q=K!=V)+,30,2.32233
REVERSE,(Q=K!=V)+,31,2.31811
REVERSE,(Q=K!=V)+,32,2.31765
REVERSE,(Q=K!=V)+,33,2.31421
REVERSE,(Q=K!=V)+,34,2.31480
REVERSE,(Q=K!=V)+,35,2.31361
REVERSE,(Q=K!=V)+,36,2.31162
REVERSE,(Q=K!=V)+,37,2.31137
REVERSE,(Q=K!=V)+,38,2.30921
REVERSE,(Q=K!=V)+,39,2.30912
REVERSE,(Q=K!=V)+,40,2.30873
REVERSE,(Q=K!=V)+,41,2.30899
REVERSE,(Q=K!=V)+,42,2.30764
REVERSE,(Q=K!=V)+,43,2.30665
REVERSE,(Q=K!=V)+,44,2.30600
REVERSE,(Q=K!=V)+,45,2.30558
REVERSE,(Q=K!=V)+,46,2.30680
REVERSE,(Q=K!=V)+,47,2.30568
REVERSE,(Q=K!=V)+,48,2.30503
REVERSE,(Q=K!=V)+,49,2.30505
REVERSE,(Q=K!=V)+,50,2.30489
REVERSE,(Q=K!=V)+,51,2.30544
REVERSE,(Q=K!=V)+,52,2.30531
REVERSE,(Q=K!=V)+,53,2.30371
REVERSE,(Q=K!=V)+,54,2.30362
REVERSE,(Q=K!=V)+,55,2.30312
REVERSE,(Q=K!=V)+,56,2.30446
REVERSE,(Q=K!=V)+,57,2.30462
REVERSE,(Q=K!=V)+,58,2.30428
REVERSE,(Q=K!=V)+,59,2.30340
REVERSE,(Q=K!=V)+,60,2.30274
REVERSE,(Q=K!=V)+,61,2.30439
REVERSE,(Q=K!=V)+,62,2.30408
REVERSE,(Q=K!=V)+,63,2.30412
REVERSE,(Q=K!=V)+,64,2.30359
REVERSE,(Q=K!=V)+,65,2.30325
REVERSE,(Q=K!=V)+,66,2.30344
REVERSE,(Q=K!=V)+,67,2.30240
REVERSE,(Q=K!=V)+,68,2.30257
REVERSE,(Q=K!=V)+,69,2.30298
REVERSE,(Q=K!=V)+,70,2.30275
REVERSE,(Q=K!=V)+,71,2.30310
REVERSE,(Q=K!=V)+,72,2.30236
REVERSE,(Q=K!=V)+,73,2.30251
REVERSE,(Q=K!=V)+,74,2.30263
REVERSE,(Q=K!=V)+,75,2.30234
REVERSE,(Q=K!=V)+,76,2.30275
REVERSE,(Q=K!=V)+,77,2.30307
REVERSE,(Q=K!=V)+,78,2.30248
REVERSE,(Q=K!=V)+,79,2.30205
REVERSE,(Q=K!=V)+,80,2.30242
REVERSE,(Q=K!=V)+,81,2.30266
REVERSE,(Q=K!=V)+,82,2.30213
REVERSE,(Q=K!=V)+,83,2.30223
REVERSE,(Q=K!=V)+,84,2.30172
REVERSE,(Q=K!=V)+,85,2.30179
REVERSE,(Q=K!=V)+,86,2.30127
REVERSE,(Q=K!=V)+,87,2.30197
REVERSE,(Q=K!=V)+,88,2.30207
REVERSE,(Q=K!=V)+,89,2.30076
REVERSE,(Q=K!=V)+,90,2.30132
REVERSE,(Q=K!=V)+,91,2.30143
REVERSE,(Q=K!=V)+,92,2.30039
REVERSE,(Q=K!=V)+,93,2.30146
REVERSE,(Q=K!=V)+,94,2.30061
REVERSE,(Q=K!=V)+,95,2.30144
REVERSE,(Q=K!=V)+,96,2.30067
REVERSE,(Q=K!=V)+,97,2.30012
REVERSE,(Q=K!=V)+,98,2.29997
REVERSE,(Q=K!=V)+,99,2.30005
REVERSE,(Q=K!=V)+,100,2.30002
REVERSE,(Q=K!=V)+,101,2.29925
REVERSE,(Q=K!=V)+,102,2.29824
REVERSE,(Q=K!=V)+,103,2.29820
REVERSE,(Q=K!=V)+,104,2.29863
REVERSE,(Q=K!=V)+,105,2.29662
REVERSE,(Q=K!=V)+,106,2.29775
REVERSE,(Q=K!=V)+,107,2.29725
REVERSE,(Q=K!=V)+,108,2.29558
REVERSE,(Q=K!=V)+,109,2.29385
REVERSE,(Q=K!=V)+,110,2.29389
REVERSE,(Q=K!=V)+,111,2.29314
REVERSE,(Q=K!=V)+,112,2.29140
REVERSE,(Q=K!=V)+,113,2.28998
REVERSE,(Q=K!=V)+,114,2.28906
REVERSE,(Q=K!=V)+,115,2.28724
REVERSE,(Q=K!=V)+,116,2.28454
REVERSE,(Q=K!=V)+,117,2.28301
REVERSE,(Q=K!=V)+,118,2.27753
REVERSE,(Q=K!=V)+,119,2.27523
REVERSE,(Q=K!=V)+,120,2.26916
REVERSE,(Q=K!=V)+,121,2.26625
REVERSE,(Q=K!=V)+,122,2.25955
REVERSE,(Q=K!=V)+,123,2.25032
REVERSE,(Q=K!=V)+,124,2.24267
REVERSE,(Q=K!=V)+,125,2.23204
REVERSE,(Q=K!=V)+,126,2.21929
REVERSE,(Q=K!=V)+,127,2.20452
REVERSE,(Q=K!=V)+,128,2.18823
REVERSE,(Q=K!=V)+,129,2.16444
REVERSE,(Q=K!=V)+,130,2.14249
REVERSE,(Q=K!=V)+,131,2.11833
REVERSE,(Q=K!=V)+,132,2.08596
REVERSE,(Q=K!=V)+,133,2.05796
REVERSE,(Q=K!=V)+,134,2.02048
REVERSE,(Q=K!=V)+,135,1.98194
REVERSE,(Q=K!=V)+,136,1.94322
REVERSE,(Q=K!=V)+,137,1.90306
REVERSE,(Q=K!=V)+,138,1.84782
REVERSE,(Q=K!=V)+,139,1.79694
REVERSE,(Q=K!=V)+,140,1.74034
REVERSE,(Q=K!=V)+,141,1.68476
REVERSE,(Q=K!=V)+,142,1.62276
REVERSE,(Q=K!=V)+,143,1.55654
REVERSE,(Q=K!=V)+,144,1.49305
REVERSE,(Q=K!=V)+,145,1.42410
REVERSE,(Q=K!=V)+,146,1.35928
REVERSE,(Q=K!=V)+,147,1.28712
REVERSE,(Q=K!=V)+,148,1.21491
REVERSE,(Q=K!=V)+,149,1.15198
REVERSE,(Q=K!=V)+,150,1.08740
REVERSE,(Q=K!=V)+,151,1.01946
REVERSE,(Q=K!=V)+,152,0.95398
REVERSE,(Q=K!=V)+,153,0.88910
REVERSE,(Q=K!=V)+,154,0.83364
REVERSE,(Q=K!=V)+,155,0.76921
REVERSE,(Q=K!=V)+,156,0.71748
REVERSE,(Q=K!=V)+,157,0.65030
REVERSE,(Q=K!=V)+,158,0.62443
REVERSE,(Q=K!=V)+,159,0.58942
REVERSE,(Q=K!=V)+,160,0.54560
REVERSE,(Q=K!=V)+,161,0.49943
REVERSE,(Q=K!=V)+,162,0.46314
REVERSE,(Q=K!=V)+,163,0.42149
REVERSE,(Q=K!=V)+,164,0.39860
REVERSE,(Q=K!=V)+,165,0.36862
REVERSE,(Q=K!=V)+,166,0.33682
REVERSE,(Q=K!=V)+,167,0.31314
REVERSE,(Q=K!=V)+,168,0.28718
REVERSE,(Q=K!=V)+,169,0.25930
REVERSE,(Q=K!=V)+,170,0.23891
REVERSE,(Q=K!=V)+,171,0.21599
REVERSE,(Q=K!=V)+,172,0.19683
REVERSE,(Q=K!=V)+,173,0.18122
REVERSE,(Q=K!=V)+,174,0.16332
REVERSE,(Q=K!=V)+,175,0.14990
REVERSE,(Q=K!=V)+,176,0.13855
REVERSE,(Q=K!=V)+,177,0.12376
REVERSE,(Q=K!=V)+,178,0.11237
REVERSE,(Q=K!=V)+,179,0.10418
REVERSE,(Q=K!=V)+,180,0.09664
REVERSE,(Q=K!=V)+,181,0.08716
REVERSE,(Q=K!=V)+,182,0.07983
REVERSE,(Q=K!=V)+,183,0.07457
REVERSE,(Q=K!=V)+,184,0.06901
REVERSE,(Q=K!=V)+,185,0.06086
REVERSE,(Q=K!=V)+,186,0.05569
REVERSE,(Q=K!=V)+,187,0.05209
REVERSE,(Q=K!=V)+,188,0.04562
REVERSE,(Q=K!=V)+,189,0.04112
REVERSE,(Q=K!=V)+,190,0.03826
REVERSE,(Q=K!=V)+,191,0.03522
REVERSE,(Q=K!=V)+,192,0.03161
REVERSE,(Q=K!=V)+,193,0.02918
REVERSE,(Q=K!=V)+,194,0.02638
REVERSE,(Q=K!=V)+,195,0.02508
REVERSE,(Q=K!=V)+,196,0.02319
REVERSE,(Q=K!=V)+,197,0.02155
REVERSE,(Q=K!=V)+,198,0.02028
REVERSE,(Q=K!=V)+,199,0.01882
REVERSE,(Q=K!=V)+,200,0.01792
REVERSE,(Q=K!=V)+,201,0.01665
REVERSE,(Q=K!=V)+,202,0.01601
REVERSE,(Q=K!=V)+,203,0.01518
REVERSE,(Q=K!=V)+,204,0.01411
REVERSE,(Q=K!=V)+,205,0.01343
REVERSE,(Q=K!=V)+,206,0.01348
REVERSE,(Q=K!=V)+,207,0.01267
REVERSE,(Q=K!=V)+,208,0.01205
REVERSE,(Q=K!=V)+,209,0.01174
REVERSE,(Q=K!=V)+,210,0.01119
REVERSE,(Q=K!=V)+,211,0.01075
REVERSE,(Q=K!=V)+,212,0.01046
REVERSE,(Q=K!=V)+,213,0.01018
REVERSE,(Q=K!=V)+,214,0.01002
REVERSE,(Q=K!=V)+,215,0.00989
REVERSE,(Q=K!=V)+,216,0.00934
REVERSE,(Q=K!=V)+,217,0.00919
REVERSE,(Q=K!=V)+,218,0.00893
REVERSE,(Q=K!=V)+,219,0.00865
REVERSE,(Q=K!=V)+,220,0.00849
REVERSE,(Q=K!=V)+,221,0.00838
REVERSE,(Q=K!=V)+,222,0.00823
REVERSE,(Q=K!=V)+,223,0.00806
REVERSE,(Q=K!=V)+,224,0.00789
REVERSE,(Q=K!=V)+,225,0.00775
REVERSE,(Q=K!=V)+,226,0.00759
REVERSE,(Q=K!=V)+,227,0.00743
REVERSE,(Q=K!=V)+,228,0.00729
REVERSE,(Q=K!=V)+,229,0.00726
REVERSE,(Q=K!=V)+,230,0.00703
REVERSE,(Q=K!=V)+,231,0.00707
REVERSE,(Q=K!=V)+,232,0.00686
REVERSE,(Q=K!=V)+,233,0.00673
REVERSE,(Q=K!=V)+,234,0.00663
REVERSE,(Q=K!=V)+,235,0.00657
REVERSE,(Q=K!=V)+,236,0.00642
REVERSE,(Q=K!=V)+,237,0.00634
REVERSE,(Q=K!=V)+,238,0.00622
REVERSE,(Q=K!=V)+,239,0.00614
REVERSE,(Q=K!=V)+,240,0.00611
REVERSE,(Q=K!=V)+,241,0.00602
REVERSE,(Q=K!=V)+,242,0.00596
REVERSE,(Q=K!=V)+,243,0.00588
REVERSE,(Q=K!=V)+,244,0.00582
REVERSE,(Q=K!=V)+,245,0.00568
REVERSE,(Q=K!=V)+,246,0.00567
REVERSE,(Q=K!=V)+,247,0.00559
REVERSE,(Q=K!=V)+,248,0.00556
REVERSE,(Q=K!=V)+,249,0.00549
REVERSE,(Q=K!=V)+,250,0.00542
REVERSE,(Q=K!=V)+,251,0.00540
REVERSE,(Q=K!=V)+,252,0.00534
REVERSE,(Q=K!=V)+,253,0.00524
REVERSE,(Q=K!=V)+,254,0.00520
REVERSE,(Q=K!=V)+,255,0.00515
REVERSE,(Q=K!=V)+,256,0.00510
REVERSE,(Q=K!=V)+,257,0.00510
REVERSE,(Q=K!=V)+,258,0.00499
REVERSE,(Q=K!=V)+,259,0.00502
REVERSE,(Q=K!=V)+,260,0.00496
REVERSE,(Q=K!=V)+,261,0.00485
REVERSE,(Q=K!=V)+,262,0.00482
REVERSE,(Q=K!=V)+,263,0.00484
REVERSE,(Q=K!=V)+,264,0.00477
REVERSE,(Q=K!=V)+,265,0.00471
REVERSE,(Q=K!=V)+,266,0.00466
REVERSE,(Q=K!=V)+,267,0.00463
REVERSE,(Q=K!=V)+,268,0.00463
REVERSE,(Q=K!=V)+,269,0.00453
REVERSE,(Q=K!=V)+,270,0.00451
REVERSE,(Q=K!=V)+,271,0.00448
REVERSE,(Q=K!=V)+,272,0.00441
REVERSE,(Q=K!=V)+,273,0.00442
REVERSE,(Q=K!=V)+,274,0.00434
REVERSE,(Q=K!=V)+,275,0.00434
REVERSE,(Q=K!=V)+,276,0.00433
REVERSE,(Q=K!=V)+,277,0.00425
REVERSE,(Q=K!=V)+,278,0.00423
REVERSE,(Q=K!=V)+,279,0.00418
REVERSE,(Q=K!=V)+,280,0.00418
REVERSE,(Q=K!=V)+,281,0.00414
REVERSE,(Q=K!=V)+,282,0.00410
REVERSE,(Q=K!=V)+,283,0.00407
REVERSE,(Q=K!=V)+,284,0.00405
REVERSE,(Q=K!=V)+,285,0.00401
REVERSE,(Q=K!=V)+,286,0.00397
REVERSE,(Q=K!=V)+,287,0.00397
REVERSE,(Q=K!=V)+,288,0.00395
REVERSE,(Q=K!=V)+,289,0.00392
REVERSE,(Q=K!=V)+,290,0.00386
REVERSE,(Q=K!=V)+,291,0.00384
REVERSE,(Q=K!=V)+,292,0.00380
REVERSE,(Q=K!=V)+,293,0.00376
REVERSE,(Q=K!=V)+,294,0.00378
REVERSE,(Q=K!=V)+,295,0.00373
REVERSE,(Q=K!=V)+,296,0.00371
REVERSE,(Q=K!=V)+,297,0.00368
REVERSE,(Q=K!=V)+,298,0.00367
REVERSE,(Q=K!=V)+,299,0.00365
REVERSE,(Q=K!=V)+,300,0.00362
REVERSE,(Q=K!=V)+,301,0.00360
REVERSE,(Q=K!=V)+,302,0.00358
REVERSE,(Q=K!=V)+,303,0.00354
REVERSE,(Q=K!=V)+,304,0.00352
REVERSE,(Q=K!=V)+,305,0.00350
REVERSE,(Q=K!=V)+,306,0.00348
REVERSE,(Q=K!=V)+,307,0.00343
REVERSE,(Q=K!=V)+,308,0.00343
REVERSE,(Q=K!=V)+,309,0.00340
REVERSE,(Q=K!=V)+,310,0.00338
REVERSE,(Q=K!=V)+,311,0.00338
REVERSE,(Q=K!=V)+,312,0.00336
REVERSE,(Q=K!=V)+,313,0.00333
REVERSE,(Q=K!=V)+,314,0.00332
REVERSE,(Q=K!=V)+,315,0.00335
REVERSE,(Q=K!=V)+,316,0.00329
REVERSE,(Q=K!=V)+,317,0.00323
REVERSE,(Q=K!=V)+,318,0.00325
REVERSE,(Q=K!=V)+,319,0.00323
REVERSE,(Q=K!=V)+,320,0.00320
REVERSE,(Q=K!=V)+,321,0.00318
REVERSE,(Q=K!=V)+,322,0.00317
REVERSE,(Q=K!=V)+,323,0.00312
REVERSE,(Q=K!=V)+,324,0.00313
REVERSE,(Q=K!=V)+,325,0.00313
REVERSE,(Q=K!=V)+,326,0.00310
REVERSE,(Q=K!=V)+,327,0.00308
REVERSE,(Q=K!=V)+,328,0.00306
REVERSE,(Q=K!=V)+,329,0.00309
REVERSE,(Q=K!=V)+,330,0.00302
REVERSE,(Q=K!=V)+,331,0.00302
REVERSE,(Q=K!=V)+,332,0.00300
REVERSE,(Q=K!=V)+,333,0.00297
REVERSE,(Q=K!=V)+,334,0.00296
REVERSE,(Q=K!=V)+,335,0.00299
REVERSE,(Q=K!=V)+,336,0.00297
REVERSE,(Q=K!=V)+,337,0.00292
REVERSE,(Q=K!=V)+,338,0.00291
REVERSE,(Q=K!=V)+,339,0.00289
REVERSE,(Q=K!=V)+,340,0.00289
REVERSE,(Q=K!=V)+,341,0.00287
REVERSE,(Q=K!=V)+,342,0.00285
REVERSE,(Q=K!=V)+,343,0.00283
REVERSE,(Q=K!=V)+,344,0.00281
REVERSE,(Q=K!=V)+,345,0.00280
REVERSE,(Q=K!=V)+,346,0.00282
REVERSE,(Q=K!=V)+,347,0.00280
REVERSE,(Q=K!=V)+,348,0.00276
REVERSE,(Q=K!=V)+,349,0.00276
REVERSE,(Q=K!=V)+,350,0.00276
REVERSE,(Q=K!=V)+,351,0.00275
REVERSE,(Q=K!=V)+,352,0.00275
REVERSE,(Q=K!=V)+,353,0.00269
REVERSE,(Q=K!=V)+,354,0.00272
REVERSE,(Q=K!=V)+,355,0.00272
REVERSE,(Q=K!=V)+,356,0.00271
REVERSE,(Q=K!=V)+,357,0.00267
REVERSE,(Q=K!=V)+,358,0.00267
REVERSE,(Q=K!=V)+,359,0.00267
REVERSE,(Q=K!=V)+,360,0.00262
REVERSE,(Q=K!=V)+,361,0.00261
REVERSE,(Q=K!=V)+,362,0.00263
REVERSE,(Q=K!=V)+,363,0.00259
REVERSE,(Q=K!=V)+,364,0.00259
REVERSE,(Q=K!=V)+,365,0.00257
REVERSE,(Q=K!=V)+,366,0.00255
REVERSE,(Q=K!=V)+,367,0.00257
REVERSE,(Q=K!=V)+,368,0.00256
REVERSE,(Q=K!=V)+,369,0.00255
REVERSE,(Q=K!=V)+,370,0.00255
REVERSE,(Q=K!=V)+,371,0.00250
REVERSE,(Q=K!=V)+,372,0.00248
REVERSE,(Q=K!=V)+,373,0.00250
REVERSE,(Q=K!=V)+,374,0.00249
REVERSE,(Q=K!=V)+,375,0.00246
REVERSE,(Q=K!=V)+,376,0.00248
REVERSE,(Q=K!=V)+,377,0.00244
REVERSE,(Q=K!=V)+,378,0.00244
REVERSE,(Q=K!=V)+,379,0.00244
REVERSE,(Q=K!=V)+,380,0.00246
REVERSE,(Q=K!=V)+,381,0.00241
REVERSE,(Q=K!=V)+,382,0.00241
REVERSE,(Q=K!=V)+,383,0.00240
REVERSE,(Q=K!=V)+,384,0.00239
REVERSE,(Q=K!=V)+,385,0.00238
REVERSE,(Q=K!=V)+,386,0.00238
REVERSE,(Q=K!=V)+,387,0.00234
REVERSE,(Q=K!=V)+,388,0.00234
REVERSE,(Q=K!=V)+,389,0.00234
REVERSE,(Q=K!=V)+,390,0.00234
REVERSE,(Q=K!=V)+,391,0.00232
REVERSE,(Q=K!=V)+,392,0.00232
REVERSE,(Q=K!=V)+,393,0.00231
REVERSE,(Q=K!=V)+,394,0.00235
REVERSE,(Q=K!=V)+,395,0.00228
REVERSE,(Q=K!=V)+,396,0.00228
REVERSE,(Q=K!=V)+,397,0.00228
REVERSE,(Q=K!=V)+,398,0.00228
REVERSE,(Q=K!=V)+,399,0.00227
REVERSE,(Q=K!=V)+,400,0.00225
REVERSE,(Q=K!=V)+,401,0.00227
REVERSE,(Q=K!=V)+,402,0.00222
REVERSE,(Q=K!=V)+,403,0.00225
REVERSE,(Q=K!=V)+,404,0.00222
REVERSE,(Q=K!=V)+,405,0.00221
REVERSE,(Q=K!=V)+,406,0.00221
REVERSE,(Q=K!=V)+,407,0.00221
REVERSE,(Q=K!=V)+,408,0.00221
REVERSE,(Q=K!=V)+,409,0.00218
REVERSE,(Q=K!=V)+,410,0.00218
REVERSE,(Q=K!=V)+,411,0.00217
REVERSE,(Q=K!=V)+,412,0.00216
REVERSE,(Q=K!=V)+,413,0.00216
REVERSE,(Q=K!=V)+,414,0.00216
REVERSE,(Q=K!=V)+,415,0.00214
REVERSE,(Q=K!=V)+,416,0.00214
REVERSE,(Q=K!=V)+,417,0.00212
REVERSE,(Q=K!=V)+,418,0.00212
REVERSE,(Q=K!=V)+,419,0.00212
REVERSE,(Q=K!=V)+,420,0.00209
REVERSE,(Q=K!=V)+,421,0.00211
REVERSE,(Q=K!=V)+,422,0.00209
REVERSE,(Q=K!=V)+,423,0.00209
REVERSE,(Q=K!=V)+,424,0.00210
REVERSE,(Q=K!=V)+,425,0.00208
REVERSE,(Q=K!=V)+,426,0.00207
REVERSE,(Q=K!=V)+,427,0.00208
REVERSE,(Q=K!=V)+,428,0.00207
REVERSE,(Q=K!=V)+,429,0.00206
REVERSE,(Q=K!=V)+,430,0.00206
REVERSE,(Q=K!=V)+,431,0.00205
REVERSE,(Q=K!=V)+,432,0.00204
REVERSE,(Q=K!=V)+,433,0.00204
REVERSE,(Q=K!=V)+,434,0.00203
REVERSE,(Q=K!=V)+,435,0.00203
REVERSE,(Q=K!=V)+,436,0.00203
REVERSE,(Q=K!=V)+,437,0.00200
REVERSE,(Q=K!=V)+,438,0.00199
REVERSE,(Q=K!=V)+,439,0.00201
REVERSE,(Q=K!=V)+,440,0.00202
REVERSE,(Q=K!=V)+,441,0.00199
REVERSE,(Q=K!=V)+,442,0.00199
REVERSE,(Q=K!=V)+,443,0.00198
REVERSE,(Q=K!=V)+,444,0.00198
REVERSE,(Q=K!=V)+,445,0.00197
REVERSE,(Q=K!=V)+,446,0.00196
REVERSE,(Q=K!=V)+,447,0.00197
REVERSE,(Q=K!=V)+,448,0.00196
REVERSE,(Q=K!=V)+,449,0.00196
REVERSE,(Q=K!=V)+,450,0.00194
REVERSE,(Q=K!=V)+,451,0.00195
REVERSE,(Q=K!=V)+,452,0.00195
REVERSE,(Q=K!=V)+,453,0.00192
REVERSE,(Q=K!=V)+,454,0.00192
REVERSE,(Q=K!=V)+,455,0.00192
REVERSE,(Q=K!=V)+,456,0.00192
REVERSE,(Q=K!=V)+,457,0.00192
REVERSE,(Q=K!=V)+,458,0.00192
REVERSE,(Q=K!=V)+,459,0.00191
REVERSE,(Q=K!=V)+,460,0.00189
REVERSE,(Q=K!=V)+,461,0.00190
REVERSE,(Q=K!=V)+,462,0.00190
REVERSE,(Q=K!=V)+,463,0.00188
REVERSE,(Q=K!=V)+,464,0.00188
REVERSE,(Q=K!=V)+,465,0.00188
REVERSE,(Q=K!=V)+,466,0.00188
REVERSE,(Q=K!=V)+,467,0.00187
REVERSE,(Q=K!=V)+,468,0.00187
REVERSE,(Q=K!=V)+,469,0.00186
REVERSE,(Q=K!=V)+,470,0.00186
REVERSE,(Q=K!=V)+,471,0.00185
REVERSE,(Q=K!=V)+,472,0.00185
REVERSE,(Q=K!=V)+,473,0.00189
REVERSE,(Q=K!=V)+,474,0.00184
REVERSE,(Q=K!=V)+,475,0.00184
REVERSE,(Q=K!=V)+,476,0.00182
REVERSE,(Q=K!=V)+,477,0.00183
REVERSE,(Q=K!=V)+,478,0.00183
REVERSE,(Q=K!=V)+,479,0.00182
REVERSE,(Q=K!=V)+,480,0.00181
REVERSE,(Q=K!=V)+,481,0.00183
REVERSE,(Q=K!=V)+,482,0.00180
REVERSE,(Q=K!=V)+,483,0.00180
REVERSE,(Q=K!=V)+,484,0.00182
REVERSE,(Q=K!=V)+,485,0.00180
REVERSE,(Q=K!=V)+,486,0.00178
REVERSE,(Q=K!=V)+,487,0.00179
REVERSE,(Q=K!=V)+,488,0.00178
REVERSE,(Q=K!=V)+,489,0.00178
REVERSE,(Q=K!=V)+,490,0.00178
REVERSE,(Q=K!=V)+,491,0.00177
REVERSE,(Q=K!=V)+,492,0.00178
REVERSE,(Q=K!=V)+,493,0.00177
REVERSE,(Q=K!=V)+,494,0.00177
REVERSE,(Q=K!=V)+,495,0.00177
REVERSE,(Q=K!=V)+,496,0.00176
REVERSE,(Q=K!=V)+,497,0.00175
REVERSE,(Q=K!=V)+,498,0.00176
REVERSE,(Q=K!=V)+,499,0.00175
REVERSE,(Q=K!=V)+,500,0.00175
REVERSE,(Q=K!=V)+,501,0.00174
REVERSE,(Q=K!=V)+,502,0.00174
REVERSE,(Q=K!=V)+,503,0.00173
REVERSE,(Q=K!=V)+,504,0.00172
REVERSE,(Q=K!=V)+,505,0.00173
REVERSE,(Q=K!=V)+,506,0.00172
REVERSE,(Q=K!=V)+,507,0.00173
REVERSE,(Q=K!=V)+,508,0.00173
REVERSE,(Q=K!=V)+,509,0.00171
REVERSE,(Q=K!=V)+,510,0.00172
REVERSE,(Q=K!=V)+,511,0.00171
REVERSE,(Q=K!=V)+,512,0.00170
REVERSE,(Q=K!=V)+,513,0.00170
REVERSE,(Q=K!=V)+,514,0.00171
REVERSE,(Q=K!=V)+,515,0.00172
REVERSE,(Q=K!=V)+,516,0.00169
REVERSE,(Q=K!=V)+,517,0.00170
REVERSE,(Q=K!=V)+,518,0.00169
REVERSE,(Q=K!=V)+,519,0.00169
REVERSE,(Q=K!=V)+,520,0.00168
REVERSE,(Q=K!=V)+,521,0.00168
REVERSE,(Q=K!=V)+,522,0.00168
REVERSE,(Q=K!=V)+,523,0.00167
REVERSE,(Q=K!=V)+,524,0.00167
REVERSE,(Q=K!=V)+,525,0.00167
REVERSE,(Q=K!=V)+,526,0.00167
REVERSE,(Q=K!=V)+,527,0.00167
REVERSE,(Q=K!=V)+,528,0.00166
REVERSE,(Q=K!=V)+,529,0.00164
REVERSE,(Q=K!=V)+,530,0.00165
REVERSE,(Q=K!=V)+,531,0.00165
REVERSE,(Q=K!=V)+,532,0.00166
REVERSE,(Q=K!=V)+,533,0.00165
REVERSE,(Q=K!=V)+,534,0.00165
REVERSE,(Q=K!=V)+,535,0.00165
REVERSE,(Q=K!=V)+,536,0.00165
REVERSE,(Q=K!=V)+,537,0.00164
REVERSE,(Q=K!=V)+,538,0.00164
REVERSE,(Q=K!=V)+,539,0.00164
REVERSE,(Q=K!=V)+,540,0.00164
REVERSE,(Q=K!=V)+,541,0.00163
REVERSE,(Q=K!=V)+,542,0.00163
REVERSE,(Q=K!=V)+,543,0.00162
REVERSE,(Q=K!=V)+,544,0.00162
REVERSE,(Q=K!=V)+,545,0.00162
REVERSE,(Q=K!=V)+,546,0.00163
REVERSE,(Q=K!=V)+,547,0.00162
REVERSE,(Q=K!=V)+,548,0.00161
REVERSE,(Q=K!=V)+,549,0.00162
REVERSE,(Q=K!=V)+,550,0.00160
REVERSE,(Q=K!=V)+,551,0.00160
REVERSE,(Q=K!=V)+,552,0.00160
REVERSE,(Q=K!=V)+,553,0.00161
REVERSE,(Q=K!=V)+,554,0.00161
REVERSE,(Q=K!=V)+,555,0.00161
REVERSE,(Q=K!=V)+,556,0.00161
REVERSE,(Q=K!=V)+,557,0.00161
REVERSE,(Q=K!=V)+,558,0.00159
REVERSE,(Q=K!=V)+,559,0.00159
REVERSE,(Q=K!=V)+,560,0.00159
REVERSE,(Q=K!=V)+,561,0.00159
REVERSE,(Q=K!=V)+,562,0.00160
REVERSE,(Q=K!=V)+,563,0.00159
REVERSE,(Q=K!=V)+,564,0.00157
REVERSE,(Q=K!=V)+,565,0.00157
REVERSE,(Q=K!=V)+,566,0.00159
REVERSE,(Q=K!=V)+,567,0.00157
REVERSE,(Q=K!=V)+,568,0.00158
REVERSE,(Q=K!=V)+,569,0.00157
REVERSE,(Q=K!=V)+,570,0.00157
REVERSE,(Q=K!=V)+,571,0.00156
REVERSE,(Q=K!=V)+,572,0.00156
REVERSE,(Q=K!=V)+,573,0.00157
REVERSE,(Q=K!=V)+,574,0.00156
REVERSE,(Q=K!=V)+,575,0.00156
REVERSE,(Q=K!=V)+,576,0.00157
REVERSE,(Q=K!=V)+,577,0.00156
REVERSE,(Q=K!=V)+,578,0.00158
REVERSE,(Q=K!=V)+,579,0.00155
REVERSE,(Q=K!=V)+,580,0.00155
REVERSE,(Q=K!=V)+,581,0.00156
REVERSE,(Q=K!=V)+,582,0.00157
REVERSE,(Q=K!=V)+,583,0.00156
REVERSE,(Q=K!=V)+,584,0.00155
REVERSE,(Q=K!=V)+,585,0.00154
REVERSE,(Q=K!=V)+,586,0.00156
REVERSE,(Q=K!=V)+,587,0.00156
REVERSE,(Q=K!=V)+,588,0.00154
REVERSE,(Q=K!=V)+,589,0.00155
REVERSE,(Q=K!=V)+,590,0.00154
REVERSE,(Q=K!=V)+,591,0.00154
REVERSE,(Q=K!=V)+,592,0.00155
REVERSE,(Q=K!=V)+,593,0.00154
REVERSE,(Q=K!=V)+,594,0.00153
REVERSE,(Q=K!=V)+,595,0.00154
REVERSE,(Q=K!=V)+,596,0.00154
REVERSE,(Q=K!=V)+,597,0.00153
REVERSE,(Q=K!=V)+,598,0.00152
REVERSE,(Q=K!=V)+,599,0.00152
REVERSE,(Q=K!=V)+,600,0.00153
REVERSE,(Q=K!=V)+,601,0.00153
REVERSE,(Q=K!=V)+,602,0.00153
REVERSE,(Q=K!=V)+,603,0.00152
REVERSE,(Q=K!=V)+,604,0.00153
REVERSE,(Q=K!=V)+,605,0.00152
REVERSE,(Q=K!=V)+,606,0.00151
REVERSE,(Q=K!=V)+,607,0.00153
REVERSE,(Q=K!=V)+,608,0.00152
REVERSE,(Q=K!=V)+,609,0.00152
REVERSE,(Q=K!=V)+,610,0.00152
REVERSE,(Q=K!=V)+,611,0.00152
REVERSE,(Q=K!=V)+,612,0.00151
REVERSE,(Q=K!=V)+,613,0.00150
REVERSE,(Q=K!=V)+,614,0.00150
REVERSE,(Q=K!=V)+,615,0.00151
REVERSE,(Q=K!=V)+,616,0.00152
REVERSE,(Q=K!=V)+,617,0.00151
REVERSE,(Q=K!=V)+,618,0.00151
REVERSE,(Q=K!=V)+,619,0.00150
REVERSE,(Q=K!=V)+,620,0.00151
REVERSE,(Q=K!=V)+,621,0.00151
REVERSE,(Q=K!=V)+,622,0.00150
REVERSE,(Q=K!=V)+,623,0.00150
REVERSE,(Q=K!=V)+,624,0.00150
REVERSE,(Q=K!=V)+,625,0.00150
REVERSE,(Q=K!=V)+,626,0.00150
REVERSE,(Q=K!=V)+,627,0.00150
REVERSE,(Q=K!=V)+,628,0.00151
REVERSE,(Q=K!=V)+,629,0.00149
REVERSE,(Q=K!=V)+,630,0.00149
REVERSE,(Q=K!=V)+,631,0.00153
REVERSE,(Q=K!=V)+,632,0.00148
REVERSE,(Q=K!=V)+,633,0.00149
REVERSE,(Q=K!=V)+,634,0.00148
REVERSE,(Q=K!=V)+,635,0.00149
REVERSE,(Q=K!=V)+,636,0.00149
REVERSE,(Q=K!=V)+,637,0.00149
REVERSE,(Q=K!=V)+,638,0.00150
REVERSE,(Q=K!=V)+,639,0.00148
REVERSE,(Q=K!=V)+,640,0.00148
REVERSE,(Q=K!=V)+,641,0.00149
REVERSE,(Q=K!=V)+,642,0.00149
REVERSE,(Q=K!=V)+,643,0.00149
REVERSE,(Q=K!=V)+,644,0.00149
REVERSE,(Q=K!=V)+,645,0.00148
REVERSE,(Q=K!=V)+,646,0.00150
REVERSE,(Q=K!=V)+,647,0.00149
REVERSE,(Q=K!=V)+,648,0.00150
REVERSE,(Q=K!=V)+,649,0.00147
REVERSE,(Q=K!=V)+,650,0.00147
REVERSE,(Q=K!=V)+,651,0.00147
REVERSE,(Q=K!=V)+,652,0.00147
REVERSE,(Q=K!=V)+,653,0.00148
REVERSE,(Q=K!=V)+,654,0.00148
REVERSE,(Q=K!=V)+,655,0.00146
REVERSE,(Q=K!=V)+,656,0.00147
REVERSE,(Q=K!=V)+,657,0.00148
REVERSE,(Q=K!=V)+,658,0.00147
REVERSE,(Q=K!=V)+,659,0.00148
REVERSE,(Q=K!=V)+,660,0.00148
REVERSE,(Q=K!=V)+,661,0.00147
REVERSE,(Q=K!=V)+,662,0.00148
REVERSE,(Q=K!=V)+,663,0.00147
REVERSE,(Q=K!=V)+,664,0.00147
REVERSE,(Q=K!=V)+,665,0.00147
REVERSE,(Q=K!=V)+,666,0.00146
REVERSE,(Q=K!=V)+,667,0.00146
REVERSE,(Q=K!=V)+,668,0.00147
REVERSE,(Q=K!=V)+,669,0.00146
REVERSE,(Q=K!=V)+,670,0.00145
REVERSE,(Q=K!=V)+,671,0.00146
REVERSE,(Q=K!=V)+,672,0.00146
REVERSE,(Q=K!=V)+,673,0.00147
REVERSE,(Q=K!=V)+,674,0.00147
REVERSE,(Q=K!=V)+,675,0.00146
REVERSE,(Q=K!=V)+,676,0.00148
REVERSE,(Q=K!=V)+,677,0.00146
REVERSE,(Q=K!=V)+,678,0.00146
REVERSE,(Q=K!=V)+,679,0.00147
REVERSE,(Q=K!=V)+,680,0.00146
REVERSE,(Q=K!=V)+,681,0.00146
REVERSE,(Q=K!=V)+,682,0.00147
REVERSE,(Q=K!=V)+,683,0.00146
REVERSE,(Q=K!=V)+,684,0.00147
REVERSE,(Q=K!=V)+,685,0.00145
REVERSE,(Q=K!=V)+,686,0.00146
REVERSE,(Q=K!=V)+,687,0.00147
REVERSE,(Q=K!=V)+,688,0.00148
REVERSE,(Q=K!=V)+,689,0.00146
REVERSE,(Q=K!=V)+,690,0.00146
REVERSE,(Q=K!=V)+,691,0.00146
REVERSE,(Q=K!=V)+,692,0.00146
REVERSE,(Q=K!=V)+,693,0.00145
REVERSE,(Q=K!=V)+,694,0.00148
REVERSE,(Q=K!=V)+,695,0.00146
REVERSE,(Q=K!=V)+,696,0.00147
REVERSE,(Q=K!=V)+,697,0.00145
REVERSE,(Q=K!=V)+,698,0.00145
REVERSE,(Q=K!=V)+,699,0.00145
REVERSE,(Q=K!=V)+,700,0.00146
REVERSE,(Q=K!=V)+,701,0.00145
REVERSE,(Q=K!=V)+,702,0.00144
REVERSE,(Q=K!=V)+,703,0.00146
REVERSE,(Q=K!=V)+,704,0.00145
REVERSE,(Q=K!=V)+,705,0.00145
REVERSE,(Q=K!=V)+,706,0.00146
REVERSE,(Q=K!=V)+,707,0.00145
REVERSE,(Q=K!=V)+,708,0.00146
REVERSE,(Q=K!=V)+,709,0.00145
REVERSE,(Q=K!=V)+,710,0.00146
REVERSE,(Q=K!=V)+,711,0.00145
REVERSE,(Q=K!=V)+,712,0.00145
REVERSE,(Q=K!=V)+,713,0.00145
REVERSE,(Q=K!=V)+,714,0.00144
REVERSE,(Q=K!=V)+,715,0.00145
REVERSE,(Q=K!=V)+,716,0.00144
REVERSE,(Q=K!=V)+,717,0.00145
REVERSE,(Q=K!=V)+,718,0.00145
REVERSE,(Q=K!=V)+,719,0.00145
REVERSE,(Q=K!=V)+,720,0.00146
REVERSE,(Q=K!=V)+,721,0.00145
REVERSE,(Q=K!=V)+,722,0.00145
REVERSE,(Q=K!=V)+,723,0.00145
REVERSE,(Q=K!=V)+,724,0.00145
REVERSE,(Q=K!=V)+,725,0.00145
REVERSE,(Q=K!=V)+,726,0.00145
REVERSE,(Q=K!=V)+,727,0.00144
REVERSE,(Q=K!=V)+,728,0.00145
REVERSE,(Q=K!=V)+,729,0.00145
REVERSE,(Q=K!=V)+,730,0.00146
REVERSE,(Q=K!=V)+,731,0.00144
REVERSE,(Q=K!=V)+,732,0.00145
REVERSE,(Q=K!=V)+,733,0.00145
REVERSE,(Q=K!=V)+,734,0.00145
REVERSE,(Q=K!=V)+,735,0.00144
REVERSE,(Q=K!=V)+,736,0.00144
REVERSE,(Q=K!=V)+,737,0.00145
REVERSE,(Q=K!=V)+,738,0.00144
REVERSE,(Q=K!=V)+,739,0.00144
REVERSE,(Q=K!=V)+,740,0.00145
REVERSE,(Q=K!=V)+,741,0.00145
REVERSE,(Q=K!=V)+,742,0.00144
REVERSE,(Q=K!=V)+,743,0.00145
REVERSE,(Q=K!=V)+,744,0.00144
REVERSE,(Q=K!=V)+,745,0.00145
REVERSE,(Q=K!=V)+,746,0.00145
REVERSE,(Q=K!=V)+,747,0.00145
REVERSE,(Q=K!=V)+,748,0.00145
REVERSE,(Q=K!=V)+,749,0.00144
REVERSE,(Q=K!=V)+,750,0.00145
REVERSE,(Q=K!=V)+,751,0.00144
REVERSE,(Q=K!=V)+,752,0.00145
REVERSE,(Q=K!=V)+,753,0.00144
REVERSE,(Q=K!=V)+,754,0.00145
REVERSE,(Q=K!=V)+,755,0.00145
REVERSE,(Q=K!=V)+,756,0.00144
REVERSE,(Q=K!=V)+,757,0.00144
REVERSE,(Q=K!=V)+,758,0.00146
REVERSE,(Q=K!=V)+,759,0.00144
REVERSE,(Q=K!=V)+,760,0.00145
REVERSE,(Q=K!=V)+,761,0.00146
REVERSE,(Q=K!=V)+,762,0.00144
REVERSE,(Q=K!=V)+,763,0.00145
REVERSE,(Q=K!=V)+,764,0.00145
REVERSE,(Q=K!=V)+,765,0.00145
REVERSE,(Q=K!=V)+,766,0.00145
REVERSE,(Q=K!=V)+,767,0.00145
REVERSE,(Q=K!=V)+,768,0.00145
REVERSE,(Q=K!=V)+,769,0.00145
REVERSE,(Q=K!=V)+,770,0.00145
REVERSE,(Q=K!=V)+,771,0.00145
REVERSE,(Q=K!=V)+,772,0.00145
REVERSE,(Q=K!=V)+,773,0.00145
REVERSE,(Q=K!=V)+,774,0.00145
REVERSE,(Q=K!=V)+,775,0.00145
REVERSE,(Q=K!=V)+,776,0.00144
REVERSE,(Q=K!=V)+,777,0.00144
REVERSE,(Q=K!=V)+,778,0.00144
REVERSE,(Q=K!=V)+,779,0.00145
REVERSE,(Q=K!=V)+,780,0.00144
REVERSE,(Q=K!=V)+,781,0.00145
REVERSE,(Q=K!=V)+,782,0.00145
REVERSE,(Q=K!=V)+,783,0.00144
REVERSE,(Q=K!=V)+,784,0.00145
REVERSE,(Q=K!=V)+,785,0.00145
REVERSE,(Q=K!=V)+,786,0.00144
REVERSE,(Q=K!=V)+,787,0.00146
REVERSE,(Q=K!=V)+,788,0.00144
REVERSE,(Q=K!=V)+,789,0.00143
REVERSE,Q!=K=V,0,2.46638
REVERSE,Q!=K=V,1,2.45844
REVERSE,Q!=K=V,2,2.47055
REVERSE,Q!=K=V,3,2.46649
REVERSE,Q!=K=V,4,2.46027
REVERSE,Q!=K=V,5,2.45018
REVERSE,Q!=K=V,6,2.44738
REVERSE,Q!=K=V,7,2.44203
REVERSE,Q!=K=V,8,2.43544
REVERSE,Q!=K=V,9,2.42863
REVERSE,Q!=K=V,10,2.41510
REVERSE,Q!=K=V,11,2.41950
REVERSE,Q!=K=V,12,2.40607
REVERSE,Q!=K=V,13,2.39660
REVERSE,Q!=K=V,14,2.39475
REVERSE,Q!=K=V,15,2.38774
REVERSE,Q!=K=V,16,2.38050
REVERSE,Q!=K=V,17,2.37640
REVERSE,Q!=K=V,18,2.36275
REVERSE,Q!=K=V,19,2.36281
REVERSE,Q!=K=V,20,2.35251
REVERSE,Q!=K=V,21,2.35054
REVERSE,Q!=K=V,22,2.34319
REVERSE,Q!=K=V,23,2.34079
REVERSE,Q!=K=V,24,2.33895
REVERSE,Q!=K=V,25,2.33238
REVERSE,Q!=K=V,26,2.32813
REVERSE,Q!=K=V,27,2.32744
REVERSE,Q!=K=V,28,2.32478
REVERSE,Q!=K=V,29,2.31984
REVERSE,Q!=K=V,30,2.31828
REVERSE,Q!=K=V,31,2.31554
REVERSE,Q!=K=V,32,2.31465
REVERSE,Q!=K=V,33,2.31348
REVERSE,Q!=K=V,34,2.31275
REVERSE,Q!=K=V,35,2.31265
REVERSE,Q!=K=V,36,2.31030
REVERSE,Q!=K=V,37,2.30760
REVERSE,Q!=K=V,38,2.30840
REVERSE,Q!=K=V,39,2.30959
REVERSE,Q!=K=V,40,2.30709
REVERSE,Q!=K=V,41,2.30632
REVERSE,Q!=K=V,42,2.30796
REVERSE,Q!=K=V,43,2.30679
REVERSE,Q!=K=V,44,2.30481
REVERSE,Q!=K=V,45,2.30666
REVERSE,Q!=K=V,46,2.30597
REVERSE,Q!=K=V,47,2.30652
REVERSE,Q!=K=V,48,2.30622
REVERSE,Q!=K=V,49,2.30507
REVERSE,Q!=K=V,50,2.30459
REVERSE,Q!=K=V,51,2.30444
REVERSE,Q!=K=V,52,2.30421
REVERSE,Q!=K=V,53,2.30478
REVERSE,Q!=K=V,54,2.30383
REVERSE,Q!=K=V,55,2.30376
REVERSE,Q!=K=V,56,2.30442
REVERSE,Q!=K=V,57,2.30399
REVERSE,Q!=K=V,58,2.30462
REVERSE,Q!=K=V,59,2.30339
REVERSE,Q!=K=V,60,2.30317
REVERSE,Q!=K=V,61,2.30410
REVERSE,Q!=K=V,62,2.30393
REVERSE,Q!=K=V,63,2.30380
REVERSE,Q!=K=V,64,2.30376
REVERSE,Q!=K=V,65,2.30377
REVERSE,Q!=K=V,66,2.30354
REVERSE,Q!=K=V,67,2.30335
REVERSE,Q!=K=V,68,2.30341
REVERSE,Q!=K=V,69,2.30345
REVERSE,Q!=K=V,70,2.30289
REVERSE,Q!=K=V,71,2.30359
REVERSE,Q!=K=V,72,2.30239
REVERSE,Q!=K=V,73,2.30283
REVERSE,Q!=K=V,74,2.30334
REVERSE,Q!=K=V,75,2.30223
REVERSE,Q!=K=V,76,2.30349
REVERSE,Q!=K=V,77,2.30337
REVERSE,Q!=K=V,78,2.30282
REVERSE,Q!=K=V,79,2.30268
REVERSE,Q!=K=V,80,2.30312
REVERSE,Q!=K=V,81,2.30269
REVERSE,Q!=K=V,82,2.30257
REVERSE,Q!=K=V,83,2.30286
REVERSE,Q!=K=V,84,2.30211
REVERSE,Q!=K=V,85,2.30209
REVERSE,Q!=K=V,86,2.30183
REVERSE,Q!=K=V,87,2.30211
REVERSE,Q!=K=V,88,2.30267
REVERSE,Q!=K=V,89,2.30174
REVERSE,Q!=K=V,90,2.30283
REVERSE,Q!=K=V,91,2.30281
REVERSE,Q!=K=V,92,2.30116
REVERSE,Q!=K=V,93,2.30245
REVERSE,Q!=K=V,94,2.30167
REVERSE,Q!=K=V,95,2.30270
REVERSE,Q!=K=V,96,2.30242
REVERSE,Q!=K=V,97,2.30195
REVERSE,Q!=K=V,98,2.30184
REVERSE,Q!=K=V,99,2.30179
REVERSE,Q!=K=V,100,2.30233
REVERSE,Q!=K=V,101,2.30181
REVERSE,Q!=K=V,102,2.30150
REVERSE,Q!=K=V,103,2.30171
REVERSE,Q!=K=V,104,2.30168
REVERSE,Q!=K=V,105,2.30149
REVERSE,Q!=K=V,106,2.30252
REVERSE,Q!=K=V,107,2.30220
REVERSE,Q!=K=V,108,2.30146
REVERSE,Q!=K=V,109,2.30068
REVERSE,Q!=K=V,110,2.30155
REVERSE,Q!=K=V,111,2.30178
REVERSE,Q!=K=V,112,2.30057
REVERSE,Q!=K=V,113,2.30107
REVERSE,Q!=K=V,114,2.30144
REVERSE,Q!=K=V,115,2.30187
REVERSE,Q!=K=V,116,2.30092
REVERSE,Q!=K=V,117,2.30133
REVERSE,Q!=K=V,118,2.30058
REVERSE,Q!=K=V,119,2.30004
REVERSE,Q!=K=V,120,2.30054
REVERSE,Q!=K=V,121,2.30081
REVERSE,Q!=K=V,122,2.29975
REVERSE,Q!=K=V,123,2.30019
REVERSE,Q!=K=V,124,2.29938
REVERSE,Q!=K=V,125,2.30046
REVERSE,Q!=K=V,126,2.30064
REVERSE,Q!=K=V,127,2.29927
REVERSE,Q!=K=V,128,2.29967
REVERSE,Q!=K=V,129,2.29858
REVERSE,Q!=K=V,130,2.29927
REVERSE,Q!=K=V,131,2.29921
REVERSE,Q!=K=V,132,2.29857
REVERSE,Q!=K=V,133,2.29872
REVERSE,Q!=K=V,134,2.29842
REVERSE,Q!=K=V,135,2.29792
REVERSE,Q!=K=V,136,2.29745
REVERSE,Q!=K=V,137,2.29721
REVERSE,Q!=K=V,138,2.29762
REVERSE,Q!=K=V,139,2.29682
REVERSE,Q!=K=V,140,2.29715
REVERSE,Q!=K=V,141,2.29549
REVERSE,Q!=K=V,142,2.29569
REVERSE,Q!=K=V,143,2.29500
REVERSE,Q!=K=V,144,2.29400
REVERSE,Q!=K=V,145,2.29401
REVERSE,Q!=K=V,146,2.29272
REVERSE,Q!=K=V,147,2.29133
REVERSE,Q!=K=V,148,2.29146
REVERSE,Q!=K=V,149,2.29122
REVERSE,Q!=K=V,150,2.28845
REVERSE,Q!=K=V,151,2.28786
REVERSE,Q!=K=V,152,2.28672
REVERSE,Q!=K=V,153,2.28510
REVERSE,Q!=K=V,154,2.28341
REVERSE,Q!=K=V,155,2.28030
REVERSE,Q!=K=V,156,2.27788
REVERSE,Q!=K=V,157,2.27183
REVERSE,Q!=K=V,158,2.27364
REVERSE,Q!=K=V,159,2.26966
REVERSE,Q!=K=V,160,2.26500
REVERSE,Q!=K=V,161,2.26175
REVERSE,Q!=K=V,162,2.25628
REVERSE,Q!=K=V,163,2.25120
REVERSE,Q!=K=V,164,2.24484
REVERSE,Q!=K=V,165,2.23855
REVERSE,Q!=K=V,166,2.22961
REVERSE,Q!=K=V,167,2.21964
REVERSE,Q!=K=V,168,2.20538
REVERSE,Q!=K=V,169,2.19607
REVERSE,Q!=K=V,170,2.18154
REVERSE,Q!=K=V,171,2.16485
REVERSE,Q!=K=V,172,2.14963
REVERSE,Q!=K=V,173,2.13115
REVERSE,Q!=K=V,174,2.10522
REVERSE,Q!=K=V,175,2.09033
REVERSE,Q!=K=V,176,2.05695
REVERSE,Q!=K=V,177,2.02936
REVERSE,Q!=K=V,178,2.00374
REVERSE,Q!=K=V,179,1.96623
REVERSE,Q!=K=V,180,1.94315
REVERSE,Q!=K=V,181,1.90025
REVERSE,Q!=K=V,182,1.87789
REVERSE,Q!=K=V,183,1.83007
REVERSE,Q!=K=V,184,1.78761
REVERSE,Q!=K=V,185,1.75357
REVERSE,Q!=K=V,186,1.70165
REVERSE,Q!=K=V,187,1.65572
REVERSE,Q!=K=V,188,1.60796
REVERSE,Q!=K=V,189,1.55663
REVERSE,Q!=K=V,190,1.51967
REVERSE,Q!=K=V,191,1.46246
REVERSE,Q!=K=V,192,1.41817
REVERSE,Q!=K=V,193,1.36792
REVERSE,Q!=K=V,194,1.31463
REVERSE,Q!=K=V,195,1.25747
REVERSE,Q!=K=V,196,1.20366
REVERSE,Q!=K=V,197,1.15093
REVERSE,Q!=K=V,198,1.10652
REVERSE,Q!=K=V,199,1.05631
REVERSE,Q!=K=V,200,0.99577
REVERSE,Q!=K=V,201,0.94701
REVERSE,Q!=K=V,202,0.89175
REVERSE,Q!=K=V,203,0.84930
REVERSE,Q!=K=V,204,0.80782
REVERSE,Q!=K=V,205,0.75822
REVERSE,Q!=K=V,206,0.70999
REVERSE,Q!=K=V,207,0.65667
REVERSE,Q!=K=V,208,0.62001
REVERSE,Q!=K=V,209,0.57889
REVERSE,Q!=K=V,210,0.53213
REVERSE,Q!=K=V,211,0.50053
REVERSE,Q!=K=V,212,0.46180
REVERSE,Q!=K=V,213,0.42242
REVERSE,Q!=K=V,214,0.39164
REVERSE,Q!=K=V,215,0.36110
REVERSE,Q!=K=V,216,0.33229
REVERSE,Q!=K=V,217,0.30533
REVERSE,Q!=K=V,218,0.28518
REVERSE,Q!=K=V,219,0.25734
REVERSE,Q!=K=V,220,0.23528
REVERSE,Q!=K=V,221,0.21615
REVERSE,Q!=K=V,222,0.20370
REVERSE,Q!=K=V,223,0.18164
REVERSE,Q!=K=V,224,0.16687
REVERSE,Q!=K=V,225,0.15455
REVERSE,Q!=K=V,226,0.14217
REVERSE,Q!=K=V,227,0.13351
REVERSE,Q!=K=V,228,0.12410
REVERSE,Q!=K=V,229,0.11571
REVERSE,Q!=K=V,230,0.10691
REVERSE,Q!=K=V,231,0.10013
REVERSE,Q!=K=V,232,0.09549
REVERSE,Q!=K=V,233,0.08995
REVERSE,Q!=K=V,234,0.08488
REVERSE,Q!=K=V,235,0.07910
REVERSE,Q!=K=V,236,0.07355
REVERSE,Q!=K=V,237,0.07250
REVERSE,Q!=K=V,238,0.06946
REVERSE,Q!=K=V,239,0.06646
REVERSE,Q!=K=V,240,0.06171
REVERSE,Q!=K=V,241,0.06022
REVERSE,Q!=K=V,242,0.05669
REVERSE,Q!=K=V,243,0.05464
REVERSE,Q!=K=V,244,0.05042
REVERSE,Q!=K=V,245,0.04876
REVERSE,Q!=K=V,246,0.04697
REVERSE,Q!=K=V,247,0.04409
REVERSE,Q!=K=V,248,0.04239
REVERSE,Q!=K=V,249,0.03904
REVERSE,Q!=K=V,250,0.03677
REVERSE,Q!=K=V,251,0.03404
REVERSE,Q!=K=V,252,0.03262
REVERSE,Q!=K=V,253,0.03040
REVERSE,Q!=K=V,254,0.02968
REVERSE,Q!=K=V,255,0.02804
REVERSE,Q!=K=V,256,0.02597
REVERSE,Q!=K=V,257,0.02593
REVERSE,Q!=K=V,258,0.02314
REVERSE,Q!=K=V,259,0.02271
REVERSE,Q!=K=V,260,0.02141
REVERSE,Q!=K=V,261,0.01999
REVERSE,Q!=K=V,262,0.01893
REVERSE,Q!=K=V,263,0.01747
REVERSE,Q!=K=V,264,0.01651
REVERSE,Q!=K=V,265,0.01520
REVERSE,Q!=K=V,266,0.01459
REVERSE,Q!=K=V,267,0.01425
REVERSE,Q!=K=V,268,0.01405
REVERSE,Q!=K=V,269,0.01317
REVERSE,Q!=K=V,270,0.01264
REVERSE,Q!=K=V,271,0.01203
REVERSE,Q!=K=V,272,0.01221
REVERSE,Q!=K=V,273,0.01152
REVERSE,Q!=K=V,274,0.01145
REVERSE,Q!=K=V,275,0.01107
REVERSE,Q!=K=V,276,0.01066
REVERSE,Q!=K=V,277,0.01077
REVERSE,Q!=K=V,278,0.01020
REVERSE,Q!=K=V,279,0.01015
REVERSE,Q!=K=V,280,0.01015
REVERSE,Q!=K=V,281,0.01015
REVERSE,Q!=K=V,282,0.00973
REVERSE,Q!=K=V,283,0.00954
REVERSE,Q!=K=V,284,0.00899
REVERSE,Q!=K=V,285,0.00905
REVERSE,Q!=K=V,286,0.00896
REVERSE,Q!=K=V,287,0.00855
REVERSE,Q!=K=V,288,0.00880
REVERSE,Q!=K=V,289,0.00857
REVERSE,Q!=K=V,290,0.00844
REVERSE,Q!=K=V,291,0.00852
REVERSE,Q!=K=V,292,0.00837
REVERSE,Q!=K=V,293,0.00815
REVERSE,Q!=K=V,294,0.00808
REVERSE,Q!=K=V,295,0.00771
REVERSE,Q!=K=V,296,0.00780
REVERSE,Q!=K=V,297,0.00771
REVERSE,Q!=K=V,298,0.00763
REVERSE,Q!=K=V,299,0.00750
REVERSE,Q!=K=V,300,0.00739
REVERSE,Q!=K=V,301,0.00718
REVERSE,Q!=K=V,302,0.00703
REVERSE,Q!=K=V,303,0.00717
REVERSE,Q!=K=V,304,0.00711
REVERSE,Q!=K=V,305,0.00680
REVERSE,Q!=K=V,306,0.00702
REVERSE,Q!=K=V,307,0.00660
REVERSE,Q!=K=V,308,0.00674
REVERSE,Q!=K=V,309,0.00658
REVERSE,Q!=K=V,310,0.00668
REVERSE,Q!=K=V,311,0.00652
REVERSE,Q!=K=V,312,0.00646
REVERSE,Q!=K=V,313,0.00635
REVERSE,Q!=K=V,314,0.00633
REVERSE,Q!=K=V,315,0.00689
REVERSE,Q!=K=V,316,0.00598
REVERSE,Q!=K=V,317,0.00597
REVERSE,Q!=K=V,318,0.00609
REVERSE,Q!=K=V,319,0.00599
REVERSE,Q!=K=V,320,0.00593
REVERSE,Q!=K=V,321,0.00587
REVERSE,Q!=K=V,322,0.00580
REVERSE,Q!=K=V,323,0.00587
REVERSE,Q!=K=V,324,0.00586
REVERSE,Q!=K=V,325,0.00579
REVERSE,Q!=K=V,326,0.00561
REVERSE,Q!=K=V,327,0.00552
REVERSE,Q!=K=V,328,0.00551
REVERSE,Q!=K=V,329,0.00552
REVERSE,Q!=K=V,330,0.00545
REVERSE,Q!=K=V,331,0.00538
REVERSE,Q!=K=V,332,0.00529
REVERSE,Q!=K=V,333,0.00532
REVERSE,Q!=K=V,334,0.00526
REVERSE,Q!=K=V,335,0.00526
REVERSE,Q!=K=V,336,0.00531
REVERSE,Q!=K=V,337,0.00511
REVERSE,Q!=K=V,338,0.00510
REVERSE,Q!=K=V,339,0.00496
REVERSE,Q!=K=V,340,0.00497
REVERSE,Q!=K=V,341,0.00496
REVERSE,Q!=K=V,342,0.00494
REVERSE,Q!=K=V,343,0.00492
REVERSE,Q!=K=V,344,0.00483
REVERSE,Q!=K=V,345,0.00482
REVERSE,Q!=K=V,346,0.00473
REVERSE,Q!=K=V,347,0.00471
REVERSE,Q!=K=V,348,0.00464
REVERSE,Q!=K=V,349,0.00474
REVERSE,Q!=K=V,350,0.00468
REVERSE,Q!=K=V,351,0.00457
REVERSE,Q!=K=V,352,0.00461
REVERSE,Q!=K=V,353,0.00464
REVERSE,Q!=K=V,354,0.00457
REVERSE,Q!=K=V,355,0.00455
REVERSE,Q!=K=V,356,0.00448
REVERSE,Q!=K=V,357,0.00443
REVERSE,Q!=K=V,358,0.00436
REVERSE,Q!=K=V,359,0.00432
REVERSE,Q!=K=V,360,0.00432
REVERSE,Q!=K=V,361,0.00443
REVERSE,Q!=K=V,362,0.00434
REVERSE,Q!=K=V,363,0.00426
REVERSE,Q!=K=V,364,0.00418
REVERSE,Q!=K=V,365,0.00422
REVERSE,Q!=K=V,366,0.00418
REVERSE,Q!=K=V,367,0.00407
REVERSE,Q!=K=V,368,0.00421
REVERSE,Q!=K=V,369,0.00408
REVERSE,Q!=K=V,370,0.00422
REVERSE,Q!=K=V,371,0.00406
REVERSE,Q!=K=V,372,0.00400
REVERSE,Q!=K=V,373,0.00398
REVERSE,Q!=K=V,374,0.00402
REVERSE,Q!=K=V,375,0.00401
REVERSE,Q!=K=V,376,0.00407
REVERSE,Q!=K=V,377,0.00393
REVERSE,Q!=K=V,378,0.00382
REVERSE,Q!=K=V,379,0.00382
REVERSE,Q!=K=V,380,0.00376
REVERSE,Q!=K=V,381,0.00388
REVERSE,Q!=K=V,382,0.00393
REVERSE,Q!=K=V,383,0.00377
REVERSE,Q!=K=V,384,0.00382
REVERSE,Q!=K=V,385,0.00382
REVERSE,Q!=K=V,386,0.00371
REVERSE,Q!=K=V,387,0.00363
REVERSE,Q!=K=V,388,0.00372
REVERSE,Q!=K=V,389,0.00370
REVERSE,Q!=K=V,390,0.00373
REVERSE,Q!=K=V,391,0.00365
REVERSE,Q!=K=V,392,0.00359
REVERSE,Q!=K=V,393,0.00356
REVERSE,Q!=K=V,394,0.00368
REVERSE,Q!=K=V,395,0.00365
REVERSE,Q!=K=V,396,0.00356
REVERSE,Q!=K=V,397,0.00360
REVERSE,Q!=K=V,398,0.00355
REVERSE,Q!=K=V,399,0.00349
REVERSE,Q!=K=V,400,0.00349
REVERSE,Q!=K=V,401,0.00351
REVERSE,Q!=K=V,402,0.00345
REVERSE,Q!=K=V,403,0.00349
REVERSE,Q!=K=V,404,0.00344
REVERSE,Q!=K=V,405,0.00334
REVERSE,Q!=K=V,406,0.00336
REVERSE,Q!=K=V,407,0.00341
REVERSE,Q!=K=V,408,0.00336
REVERSE,Q!=K=V,409,0.00334
REVERSE,Q!=K=V,410,0.00331
REVERSE,Q!=K=V,411,0.00328
REVERSE,Q!=K=V,412,0.00330
REVERSE,Q!=K=V,413,0.00333
REVERSE,Q!=K=V,414,0.00323
REVERSE,Q!=K=V,415,0.00319
REVERSE,Q!=K=V,416,0.00324
REVERSE,Q!=K=V,417,0.00321
REVERSE,Q!=K=V,418,0.00319
REVERSE,Q!=K=V,419,0.00321
REVERSE,Q!=K=V,420,0.00311
REVERSE,Q!=K=V,421,0.00321
REVERSE,Q!=K=V,422,0.00313
REVERSE,Q!=K=V,423,0.00314
REVERSE,Q!=K=V,424,0.00314
REVERSE,Q!=K=V,425,0.00323
REVERSE,Q!=K=V,426,0.00312
REVERSE,Q!=K=V,427,0.00312
REVERSE,Q!=K=V,428,0.00304
REVERSE,Q!=K=V,429,0.00309
REVERSE,Q!=K=V,430,0.00308
REVERSE,Q!=K=V,431,0.00307
REVERSE,Q!=K=V,432,0.00303
REVERSE,Q!=K=V,433,0.00305
REVERSE,Q!=K=V,434,0.00297
REVERSE,Q!=K=V,435,0.00293
REVERSE,Q!=K=V,436,0.00296
REVERSE,Q!=K=V,437,0.00299
REVERSE,Q!=K=V,438,0.00294
REVERSE,Q!=K=V,439,0.00300
REVERSE,Q!=K=V,440,0.00297
REVERSE,Q!=K=V,441,0.00299
REVERSE,Q!=K=V,442,0.00297
REVERSE,Q!=K=V,443,0.00287
REVERSE,Q!=K=V,444,0.00294
REVERSE,Q!=K=V,445,0.00288
REVERSE,Q!=K=V,446,0.00282
REVERSE,Q!=K=V,447,0.00291
REVERSE,Q!=K=V,448,0.00289
REVERSE,Q!=K=V,449,0.00285
REVERSE,Q!=K=V,450,0.00282
REVERSE,Q!=K=V,451,0.00287
REVERSE,Q!=K=V,452,0.00282
REVERSE,Q!=K=V,453,0.00277
REVERSE,Q!=K=V,454,0.00281
REVERSE,Q!=K=V,455,0.00280
REVERSE,Q!=K=V,456,0.00288
REVERSE,Q!=K=V,457,0.00279
REVERSE,Q!=K=V,458,0.00277
REVERSE,Q!=K=V,459,0.00284
REVERSE,Q!=K=V,460,0.00269
REVERSE,Q!=K=V,461,0.00278
REVERSE,Q!=K=V,462,0.00277
REVERSE,Q!=K=V,463,0.00269
REVERSE,Q!=K=V,464,0.00273
REVERSE,Q!=K=V,465,0.00270
REVERSE,Q!=K=V,466,0.00273
REVERSE,Q!=K=V,467,0.00267
REVERSE,Q!=K=V,468,0.00265
REVERSE,Q!=K=V,469,0.00264
REVERSE,Q!=K=V,470,0.00270
REVERSE,Q!=K=V,471,0.00264
REVERSE,Q!=K=V,472,0.00266
REVERSE,Q!=K=V,473,0.00269
REVERSE,Q!=K=V,474,0.00260
REVERSE,Q!=K=V,475,0.00262
REVERSE,Q!=K=V,476,0.00261
REVERSE,Q!=K=V,477,0.00261
REVERSE,Q!=K=V,478,0.00263
REVERSE,Q!=K=V,479,0.00262
REVERSE,Q!=K=V,480,0.00256
REVERSE,Q!=K=V,481,0.00260
REVERSE,Q!=K=V,482,0.00262
REVERSE,Q!=K=V,483,0.00256
REVERSE,Q!=K=V,484,0.00257
REVERSE,Q!=K=V,485,0.00251
REVERSE,Q!=K=V,486,0.00254
REVERSE,Q!=K=V,487,0.00254
REVERSE,Q!=K=V,488,0.00253
REVERSE,Q!=K=V,489,0.00247
REVERSE,Q!=K=V,490,0.00253
REVERSE,Q!=K=V,491,0.00254
REVERSE,Q!=K=V,492,0.00249
REVERSE,Q!=K=V,493,0.00247
REVERSE,Q!=K=V,494,0.00249
REVERSE,Q!=K=V,495,0.00252
REVERSE,Q!=K=V,496,0.00246
REVERSE,Q!=K=V,497,0.00251
REVERSE,Q!=K=V,498,0.00245
REVERSE,Q!=K=V,499,0.00250
REVERSE,Q!=K=V,500,0.00238
REVERSE,Q!=K=V,501,0.00249
REVERSE,Q!=K=V,502,0.00248
REVERSE,Q!=K=V,503,0.00248
REVERSE,Q!=K=V,504,0.00250
REVERSE,Q!=K=V,505,0.00244
REVERSE,Q!=K=V,506,0.00242
REVERSE,Q!=K=V,507,0.00244
REVERSE,Q!=K=V,508,0.00242
REVERSE,Q!=K=V,509,0.00236
REVERSE,Q!=K=V,510,0.00237
REVERSE,Q!=K=V,511,0.00241
REVERSE,Q!=K=V,512,0.00240
REVERSE,Q!=K=V,513,0.00238
REVERSE,Q!=K=V,514,0.00238
REVERSE,Q!=K=V,515,0.00242
REVERSE,Q!=K=V,516,0.00237
REVERSE,Q!=K=V,517,0.00233
REVERSE,Q!=K=V,518,0.00242
REVERSE,Q!=K=V,519,0.00236
REVERSE,Q!=K=V,520,0.00233
REVERSE,Q!=K=V,521,0.00234
REVERSE,Q!=K=V,522,0.00234
REVERSE,Q!=K=V,523,0.00232
REVERSE,Q!=K=V,524,0.00235
REVERSE,Q!=K=V,525,0.00235
REVERSE,Q!=K=V,526,0.00234
REVERSE,Q!=K=V,527,0.00234
REVERSE,Q!=K=V,528,0.00236
REVERSE,Q!=K=V,529,0.00226
REVERSE,Q!=K=V,530,0.00233
REVERSE,Q!=K=V,531,0.00238
REVERSE,Q!=K=V,532,0.00230
REVERSE,Q!=K=V,533,0.00227
REVERSE,Q!=K=V,534,0.00227
REVERSE,Q!=K=V,535,0.00228
REVERSE,Q!=K=V,536,0.00229
REVERSE,Q!=K=V,537,0.00235
REVERSE,Q!=K=V,538,0.00228
REVERSE,Q!=K=V,539,0.00227
REVERSE,Q!=K=V,540,0.00228
REVERSE,Q!=K=V,541,0.00228
REVERSE,Q!=K=V,542,0.00225
REVERSE,Q!=K=V,543,0.00227
REVERSE,Q!=K=V,544,0.00229
REVERSE,Q!=K=V,545,0.00231
REVERSE,Q!=K=V,546,0.00226
REVERSE,Q!=K=V,547,0.00232
REVERSE,Q!=K=V,548,0.00222
REVERSE,Q!=K=V,549,0.00226
REVERSE,Q!=K=V,550,0.00226
REVERSE,Q!=K=V,551,0.00224
REVERSE,Q!=K=V,552,0.00216
REVERSE,Q!=K=V,553,0.00224
REVERSE,Q!=K=V,554,0.00221
REVERSE,Q!=K=V,555,0.00221
REVERSE,Q!=K=V,556,0.00219
REVERSE,Q!=K=V,557,0.00225
REVERSE,Q!=K=V,558,0.00219
REVERSE,Q!=K=V,559,0.00217
REVERSE,Q!=K=V,560,0.00218
REVERSE,Q!=K=V,561,0.00218
REVERSE,Q!=K=V,562,0.00216
REVERSE,Q!=K=V,563,0.00222
REVERSE,Q!=K=V,564,0.00213
REVERSE,Q!=K=V,565,0.00216
REVERSE,Q!=K=V,566,0.00214
REVERSE,Q!=K=V,567,0.00215
REVERSE,Q!=K=V,568,0.00215
REVERSE,Q!=K=V,569,0.00217
REVERSE,Q!=K=V,570,0.00218
REVERSE,Q!=K=V,571,0.00216
REVERSE,Q!=K=V,572,0.00219
REVERSE,Q!=K=V,573,0.00216
REVERSE,Q!=K=V,574,0.00214
REVERSE,Q!=K=V,575,0.00211
REVERSE,Q!=K=V,576,0.00215
REVERSE,Q!=K=V,577,0.00216
REVERSE,Q!=K=V,578,0.00210
REVERSE,Q!=K=V,579,0.00215
REVERSE,Q!=K=V,580,0.00216
REVERSE,Q!=K=V,581,0.00210
REVERSE,Q!=K=V,582,0.00216
REVERSE,Q!=K=V,583,0.00217
REVERSE,Q!=K=V,584,0.00217
REVERSE,Q!=K=V,585,0.00208
REVERSE,Q!=K=V,586,0.00213
REVERSE,Q!=K=V,587,0.00210
REVERSE,Q!=K=V,588,0.00212
REVERSE,Q!=K=V,589,0.00211
REVERSE,Q!=K=V,590,0.00210
REVERSE,Q!=K=V,591,0.00215
REVERSE,Q!=K=V,592,0.00209
REVERSE,Q!=K=V,593,0.00213
REVERSE,Q!=K=V,594,0.00208
REVERSE,Q!=K=V,595,0.00208
REVERSE,Q!=K=V,596,0.00208
REVERSE,Q!=K=V,597,0.00209
REVERSE,Q!=K=V,598,0.00208
REVERSE,Q!=K=V,599,0.00211
REVERSE,Q!=K=V,600,0.00213
REVERSE,Q!=K=V,601,0.00210
REVERSE,Q!=K=V,602,0.00211
REVERSE,Q!=K=V,603,0.00209
REVERSE,Q!=K=V,604,0.00207
REVERSE,Q!=K=V,605,0.00208
REVERSE,Q!=K=V,606,0.00206
REVERSE,Q!=K=V,607,0.00212
REVERSE,Q!=K=V,608,0.00207
REVERSE,Q!=K=V,609,0.00202
REVERSE,Q!=K=V,610,0.00208
REVERSE,Q!=K=V,611,0.00206
REVERSE,Q!=K=V,612,0.00205
REVERSE,Q!=K=V,613,0.00204
REVERSE,Q!=K=V,614,0.00203
REVERSE,Q!=K=V,615,0.00204
REVERSE,Q!=K=V,616,0.00205
REVERSE,Q!=K=V,617,0.00203
REVERSE,Q!=K=V,618,0.00204
REVERSE,Q!=K=V,619,0.00205
REVERSE,Q!=K=V,620,0.00207
REVERSE,Q!=K=V,621,0.00203
REVERSE,Q!=K=V,622,0.00201
REVERSE,Q!=K=V,623,0.00207
REVERSE,Q!=K=V,624,0.00202
REVERSE,Q!=K=V,625,0.00213
REVERSE,Q!=K=V,626,0.00203
REVERSE,Q!=K=V,627,0.00204
REVERSE,Q!=K=V,628,0.00207
REVERSE,Q!=K=V,629,0.00201
REVERSE,Q!=K=V,630,0.00203
REVERSE,Q!=K=V,631,0.00198
REVERSE,Q!=K=V,632,0.00200
REVERSE,Q!=K=V,633,0.00199
REVERSE,Q!=K=V,634,0.00201
REVERSE,Q!=K=V,635,0.00200
REVERSE,Q!=K=V,636,0.00201
REVERSE,Q!=K=V,637,0.00206
REVERSE,Q!=K=V,638,0.00203
REVERSE,Q!=K=V,639,0.00198
REVERSE,Q!=K=V,640,0.00199
REVERSE,Q!=K=V,641,0.00200
REVERSE,Q!=K=V,642,0.00203
REVERSE,Q!=K=V,643,0.00198
REVERSE,Q!=K=V,644,0.00203
REVERSE,Q!=K=V,645,0.00200
REVERSE,Q!=K=V,646,0.00199
REVERSE,Q!=K=V,647,0.00203
REVERSE,Q!=K=V,648,0.00200
REVERSE,Q!=K=V,649,0.00199
REVERSE,Q!=K=V,650,0.00198
REVERSE,Q!=K=V,651,0.00200
REVERSE,Q!=K=V,652,0.00196
REVERSE,Q!=K=V,653,0.00200
REVERSE,Q!=K=V,654,0.00203
REVERSE,Q!=K=V,655,0.00200
REVERSE,Q!=K=V,656,0.00199
REVERSE,Q!=K=V,657,0.00198
REVERSE,Q!=K=V,658,0.00200
REVERSE,Q!=K=V,659,0.00200
REVERSE,Q!=K=V,660,0.00197
REVERSE,Q!=K=V,661,0.00196
REVERSE,Q!=K=V,662,0.00203
REVERSE,Q!=K=V,663,0.00198
REVERSE,Q!=K=V,664,0.00200
REVERSE,Q!=K=V,665,0.00198
REVERSE,Q!=K=V,666,0.00201
REVERSE,Q!=K=V,667,0.00194
REVERSE,Q!=K=V,668,0.00200
REVERSE,Q!=K=V,669,0.00201
REVERSE,Q!=K=V,670,0.00197
REVERSE,Q!=K=V,671,0.00194
REVERSE,Q!=K=V,672,0.00195
REVERSE,Q!=K=V,673,0.00199
REVERSE,Q!=K=V,674,0.00199
REVERSE,Q!=K=V,675,0.00196
REVERSE,Q!=K=V,676,0.00201
REVERSE,Q!=K=V,677,0.00197
REVERSE,Q!=K=V,678,0.00195
REVERSE,Q!=K=V,679,0.00203
REVERSE,Q!=K=V,680,0.00199
REVERSE,Q!=K=V,681,0.00197
REVERSE,Q!=K=V,682,0.00196
REVERSE,Q!=K=V,683,0.00196
REVERSE,Q!=K=V,684,0.00196
REVERSE,Q!=K=V,685,0.00194
REVERSE,Q!=K=V,686,0.00196
REVERSE,Q!=K=V,687,0.00196
REVERSE,Q!=K=V,688,0.00199
REVERSE,Q!=K=V,689,0.00198
REVERSE,Q!=K=V,690,0.00201
REVERSE,Q!=K=V,691,0.00200
REVERSE,Q!=K=V,692,0.00193
REVERSE,Q!=K=V,693,0.00193
REVERSE,Q!=K=V,694,0.00199
REVERSE,Q!=K=V,695,0.00202
REVERSE,Q!=K=V,696,0.00193
REVERSE,Q!=K=V,697,0.00195
REVERSE,Q!=K=V,698,0.00195
REVERSE,Q!=K=V,699,0.00198
REVERSE,Q!=K=V,700,0.00195
REVERSE,Q!=K=V,701,0.00196
REVERSE,Q!=K=V,702,0.00197
REVERSE,Q!=K=V,703,0.00197
REVERSE,Q!=K=V,704,0.00194
REVERSE,Q!=K=V,705,0.00199
REVERSE,Q!=K=V,706,0.00198
REVERSE,Q!=K=V,707,0.00197
REVERSE,Q!=K=V,708,0.00195
REVERSE,Q!=K=V,709,0.00196
REVERSE,Q!=K=V,710,0.00208
REVERSE,Q!=K=V,711,0.00195
REVERSE,Q!=K=V,712,0.00198
REVERSE,Q!=K=V,713,0.00192
REVERSE,Q!=K=V,714,0.00196
REVERSE,Q!=K=V,715,0.00194
REVERSE,Q!=K=V,716,0.00192
REVERSE,Q!=K=V,717,0.00199
REVERSE,Q!=K=V,718,0.00192
REVERSE,Q!=K=V,719,0.00195
REVERSE,Q!=K=V,720,0.00196
REVERSE,Q!=K=V,721,0.00198
REVERSE,Q!=K=V,722,0.00195
REVERSE,Q!=K=V,723,0.00196
REVERSE,Q!=K=V,724,0.00196
REVERSE,Q!=K=V,725,0.00193
REVERSE,Q!=K=V,726,0.00199
REVERSE,Q!=K=V,727,0.00193
REVERSE,Q!=K=V,728,0.00195
REVERSE,Q!=K=V,729,0.00196
REVERSE,Q!=K=V,730,0.00193
REVERSE,Q!=K=V,731,0.00193
REVERSE,Q!=K=V,732,0.00192
REVERSE,Q!=K=V,733,0.00193
REVERSE,Q!=K=V,734,0.00194
REVERSE,Q!=K=V,735,0.00195
REVERSE,Q!=K=V,736,0.00191
REVERSE,Q!=K=V,737,0.00195
REVERSE,Q!=K=V,738,0.00191
REVERSE,Q!=K=V,739,0.00194
REVERSE,Q!=K=V,740,0.00196
REVERSE,Q!=K=V,741,0.00197
REVERSE,Q!=K=V,742,0.00196
REVERSE,Q!=K=V,743,0.00196
REVERSE,Q!=K=V,744,0.00195
REVERSE,Q!=K=V,745,0.00197
REVERSE,Q!=K=V,746,0.00195
REVERSE,Q!=K=V,747,0.00196
REVERSE,Q!=K=V,748,0.00190
REVERSE,Q!=K=V,749,0.00196
REVERSE,Q!=K=V,750,0.00192
REVERSE,Q!=K=V,751,0.00194
REVERSE,Q!=K=V,752,0.00196
REVERSE,Q!=K=V,753,0.00195
REVERSE,Q!=K=V,754,0.00196
REVERSE,Q!=K=V,755,0.00198
REVERSE,Q!=K=V,756,0.00192
REVERSE,Q!=K=V,757,0.00194
REVERSE,Q!=K=V,758,0.00194
REVERSE,Q!=K=V,759,0.00195
REVERSE,Q!=K=V,760,0.00197
REVERSE,Q!=K=V,761,0.00191
REVERSE,Q!=K=V,762,0.00195
REVERSE,Q!=K=V,763,0.00195
REVERSE,Q!=K=V,764,0.00195
REVERSE,Q!=K=V,765,0.00194
REVERSE,Q!=K=V,766,0.00193
REVERSE,Q!=K=V,767,0.00192
REVERSE,Q!=K=V,768,0.00193
REVERSE,Q!=K=V,769,0.00194
REVERSE,Q!=K=V,770,0.00191
REVERSE,Q!=K=V,771,0.00197
REVERSE,Q!=K=V,772,0.00195
REVERSE,Q!=K=V,773,0.00193
REVERSE,Q!=K=V,774,0.00195
REVERSE,Q!=K=V,775,0.00195
REVERSE,Q!=K=V,776,0.00194
REVERSE,Q!=K=V,777,0.00198
REVERSE,Q!=K=V,778,0.00192
REVERSE,Q!=K=V,779,0.00193
REVERSE,Q!=K=V,780,0.00193
REVERSE,Q!=K=V,781,0.00198
REVERSE,Q!=K=V,782,0.00198
REVERSE,Q!=K=V,783,0.00194
REVERSE,Q!=K=V,784,0.00196
REVERSE,Q!=K=V,785,0.00195
REVERSE,Q!=K=V,786,0.00195
REVERSE,Q!=K=V,787,0.00194
REVERSE,Q!=K=V,788,0.00193
REVERSE,Q!=K=V,789,0.00185
REVERSE,Q=K=V,0,2.44636
REVERSE,Q=K=V,1,2.44145
REVERSE,Q=K=V,2,2.43877
REVERSE,Q=K=V,3,2.44338
REVERSE,Q=K=V,4,2.43848
REVERSE,Q=K=V,5,2.43676
REVERSE,Q=K=V,6,2.43195
REVERSE,Q=K=V,7,2.42372
REVERSE,Q=K=V,8,2.41576
REVERSE,Q=K=V,9,2.41577
REVERSE,Q=K=V,10,2.40293
REVERSE,Q=K=V,11,2.39789
REVERSE,Q=K=V,12,2.39435
REVERSE,Q=K=V,13,2.38908
REVERSE,Q=K=V,14,2.38172
REVERSE,Q=K=V,15,2.37530
REVERSE,Q=K=V,16,2.36878
REVERSE,Q=K=V,17,2.36756
REVERSE,Q=K=V,18,2.36598
REVERSE,Q=K=V,19,2.36069
REVERSE,Q=K=V,20,2.34922
REVERSE,Q=K=V,21,2.34472
REVERSE,Q=K=V,22,2.33989
REVERSE,Q=K=V,23,2.33876
REVERSE,Q=K=V,24,2.33489
REVERSE,Q=K=V,25,2.32890
REVERSE,Q=K=V,26,2.32765
REVERSE,Q=K=V,27,2.32493
REVERSE,Q=K=V,28,2.32258
REVERSE,Q=K=V,29,2.31913
REVERSE,Q=K=V,30,2.31986
REVERSE,Q=K=V,31,2.31798
REVERSE,Q=K=V,32,2.31632
REVERSE,Q=K=V,33,2.31441
REVERSE,Q=K=V,34,2.31349
REVERSE,Q=K=V,35,2.31194
REVERSE,Q=K=V,36,2.31113
REVERSE,Q=K=V,37,2.30914
REVERSE,Q=K=V,38,2.30928
REVERSE,Q=K=V,39,2.30676
REVERSE,Q=K=V,40,2.30904
REVERSE,Q=K=V,41,2.30776
REVERSE,Q=K=V,42,2.30799
REVERSE,Q=K=V,43,2.30630
REVERSE,Q=K=V,44,2.30657
REVERSE,Q=K=V,45,2.30571
REVERSE,Q=K=V,46,2.30631
REVERSE,Q=K=V,47,2.30627
REVERSE,Q=K=V,48,2.30642
REVERSE,Q=K=V,49,2.30546
REVERSE,Q=K=V,50,2.30498
REVERSE,Q=K=V,51,2.30576
REVERSE,Q=K=V,52,2.30551
REVERSE,Q=K=V,53,2.30445
REVERSE,Q=K=V,54,2.30397
REVERSE,Q=K=V,55,2.30446
REVERSE,Q=K=V,56,2.30449
REVERSE,Q=K=V,57,2.30421
REVERSE,Q=K=V,58,2.30386
REVERSE,Q=K=V,59,2.30397
REVERSE,Q=K=V,60,2.30372
REVERSE,Q=K=V,61,2.30429
REVERSE,Q=K=V,62,2.30481
REVERSE,Q=K=V,63,2.30425
REVERSE,Q=K=V,64,2.30369
REVERSE,Q=K=V,65,2.30278
REVERSE,Q=K=V,66,2.30405
REVERSE,Q=K=V,67,2.30403
REVERSE,Q=K=V,68,2.30371
REVERSE,Q=K=V,69,2.30349
REVERSE,Q=K=V,70,2.30360
REVERSE,Q=K=V,71,2.30424
REVERSE,Q=K=V,72,2.30335
REVERSE,Q=K=V,73,2.30310
REVERSE,Q=K=V,74,2.30297
REVERSE,Q=K=V,75,2.30303
REVERSE,Q=K=V,76,2.30443
REVERSE,Q=K=V,77,2.30401
REVERSE,Q=K=V,78,2.30346
REVERSE,Q=K=V,79,2.30293
REVERSE,Q=K=V,80,2.30280
REVERSE,Q=K=V,81,2.30321
REVERSE,Q=K=V,82,2.30319
REVERSE,Q=K=V,83,2.30365
REVERSE,Q=K=V,84,2.30207
REVERSE,Q=K=V,85,2.30216
REVERSE,Q=K=V,86,2.30265
REVERSE,Q=K=V,87,2.30295
REVERSE,Q=K=V,88,2.30332
REVERSE,Q=K=V,89,2.30232
REVERSE,Q=K=V,90,2.30249
REVERSE,Q=K=V,91,2.30269
REVERSE,Q=K=V,92,2.30149
REVERSE,Q=K=V,93,2.30243
REVERSE,Q=K=V,94,2.30243
REVERSE,Q=K=V,95,2.30332
REVERSE,Q=K=V,96,2.30282
REVERSE,Q=K=V,97,2.30290
REVERSE,Q=K=V,98,2.30229
REVERSE,Q=K=V,99,2.30249
REVERSE,Q=K=V,100,2.30283
REVERSE,Q=K=V,101,2.30272
REVERSE,Q=K=V,102,2.30192
REVERSE,Q=K=V,103,2.30264
REVERSE,Q=K=V,104,2.30261
REVERSE,Q=K=V,105,2.30177
REVERSE,Q=K=V,106,2.30308
REVERSE,Q=K=V,107,2.30251
REVERSE,Q=K=V,108,2.30231
REVERSE,Q=K=V,109,2.30135
REVERSE,Q=K=V,110,2.30243
REVERSE,Q=K=V,111,2.30226
REVERSE,Q=K=V,112,2.30177
REVERSE,Q=K=V,113,2.30246
REVERSE,Q=K=V,114,2.30234
REVERSE,Q=K=V,115,2.30255
REVERSE,Q=K=V,116,2.30124
REVERSE,Q=K=V,117,2.30264
REVERSE,Q=K=V,118,2.30196
REVERSE,Q=K=V,119,2.30133
REVERSE,Q=K=V,120,2.30143
REVERSE,Q=K=V,121,2.30196
REVERSE,Q=K=V,122,2.30219
REVERSE,Q=K=V,123,2.30163
REVERSE,Q=K=V,124,2.30139
REVERSE,Q=K=V,125,2.30186
REVERSE,Q=K=V,126,2.30141
REVERSE,Q=K=V,127,2.30120
REVERSE,Q=K=V,128,2.30109
REVERSE,Q=K=V,129,2.30100
REVERSE,Q=K=V,130,2.30106
REVERSE,Q=K=V,131,2.30132
REVERSE,Q=K=V,132,2.30159
REVERSE,Q=K=V,133,2.30164
REVERSE,Q=K=V,134,2.30083
REVERSE,Q=K=V,135,2.30046
REVERSE,Q=K=V,136,2.30027
REVERSE,Q=K=V,137,2.30050
REVERSE,Q=K=V,138,2.30101
REVERSE,Q=K=V,139,2.30062
REVERSE,Q=K=V,140,2.30030
REVERSE,Q=K=V,141,2.29980
REVERSE,Q=K=V,142,2.30029
REVERSE,Q=K=V,143,2.30001
REVERSE,Q=K=V,144,2.29980
REVERSE,Q=K=V,145,2.30001
REVERSE,Q=K=V,146,2.29956
REVERSE,Q=K=V,147,2.29890
REVERSE,Q=K=V,148,2.29855
REVERSE,Q=K=V,149,2.29881
REVERSE,Q=K=V,150,2.29941
REVERSE,Q=K=V,151,2.29967
REVERSE,Q=K=V,152,2.29981
REVERSE,Q=K=V,153,2.29797
REVERSE,Q=K=V,154,2.29740
REVERSE,Q=K=V,155,2.29878
REVERSE,Q=K=V,156,2.29776
REVERSE,Q=K=V,157,2.29840
REVERSE,Q=K=V,158,2.29729
REVERSE,Q=K=V,159,2.29677
REVERSE,Q=K=V,160,2.29752
REVERSE,Q=K=V,161,2.29547
REVERSE,Q=K=V,162,2.29585
REVERSE,Q=K=V,163,2.29627
REVERSE,Q=K=V,164,2.29596
REVERSE,Q=K=V,165,2.29420
REVERSE,Q=K=V,166,2.29451
REVERSE,Q=K=V,167,2.29336
REVERSE,Q=K=V,168,2.29275
REVERSE,Q=K=V,169,2.29245
REVERSE,Q=K=V,170,2.29226
REVERSE,Q=K=V,171,2.29190
REVERSE,Q=K=V,172,2.29203
REVERSE,Q=K=V,173,2.29084
REVERSE,Q=K=V,174,2.28901
REVERSE,Q=K=V,175,2.29018
REVERSE,Q=K=V,176,2.28895
REVERSE,Q=K=V,177,2.28808
REVERSE,Q=K=V,178,2.28599
REVERSE,Q=K=V,179,2.28375
REVERSE,Q=K=V,180,2.28501
REVERSE,Q=K=V,181,2.28231
REVERSE,Q=K=V,182,2.28229
REVERSE,Q=K=V,183,2.27914
REVERSE,Q=K=V,184,2.27713
REVERSE,Q=K=V,185,2.27778
REVERSE,Q=K=V,186,2.27365
REVERSE,Q=K=V,187,2.27037
REVERSE,Q=K=V,188,2.26942
REVERSE,Q=K=V,189,2.26623
REVERSE,Q=K=V,190,2.26367
REVERSE,Q=K=V,191,2.26009
REVERSE,Q=K=V,192,2.25856
REVERSE,Q=K=V,193,2.25401
REVERSE,Q=K=V,194,2.24916
REVERSE,Q=K=V,195,2.24665
REVERSE,Q=K=V,196,2.24417
REVERSE,Q=K=V,197,2.23397
REVERSE,Q=K=V,198,2.23059
REVERSE,Q=K=V,199,2.22548
REVERSE,Q=K=V,200,2.21764
REVERSE,Q=K=V,201,2.21479
REVERSE,Q=K=V,202,2.20112
REVERSE,Q=K=V,203,2.19770
REVERSE,Q=K=V,204,2.19118
REVERSE,Q=K=V,205,2.18660
REVERSE,Q=K=V,206,2.18372
REVERSE,Q=K=V,207,2.16074
REVERSE,Q=K=V,208,2.16788
REVERSE,Q=K=V,209,2.14525
REVERSE,Q=K=V,210,2.14329
REVERSE,Q=K=V,211,2.12245
REVERSE,Q=K=V,212,2.11902
REVERSE,Q=K=V,213,2.10200
REVERSE,Q=K=V,214,2.09079
REVERSE,Q=K=V,215,2.07335
REVERSE,Q=K=V,216,2.07086
REVERSE,Q=K=V,217,2.04672
REVERSE,Q=K=V,218,2.03425
REVERSE,Q=K=V,219,2.01884
REVERSE,Q=K=V,220,2.00401
REVERSE,Q=K=V,221,1.98478
REVERSE,Q=K=V,222,1.97295
REVERSE,Q=K=V,223,1.95611
REVERSE,Q=K=V,224,1.93656
REVERSE,Q=K=V,225,1.91889
REVERSE,Q=K=V,226,1.90230
REVERSE,Q=K=V,227,1.88706
REVERSE,Q=K=V,228,1.86662
REVERSE,Q=K=V,229,1.84406
REVERSE,Q=K=V,230,1.82947
REVERSE,Q=K=V,231,1.80343
REVERSE,Q=K=V,232,1.79641
REVERSE,Q=K=V,233,1.77434
REVERSE,Q=K=V,234,1.75747
REVERSE,Q=K=V,235,1.72916
REVERSE,Q=K=V,236,1.71197
REVERSE,Q=K=V,237,1.70120
REVERSE,Q=K=V,238,1.68050
REVERSE,Q=K=V,239,1.65666
REVERSE,Q=K=V,240,1.63370
REVERSE,Q=K=V,241,1.60664
REVERSE,Q=K=V,242,1.58691
REVERSE,Q=K=V,243,1.56261
REVERSE,Q=K=V,244,1.53192
REVERSE,Q=K=V,245,1.51563
REVERSE,Q=K=V,246,1.48803
REVERSE,Q=K=V,247,1.45803
REVERSE,Q=K=V,248,1.43905
REVERSE,Q=K=V,249,1.40899
REVERSE,Q=K=V,250,1.39306
REVERSE,Q=K=V,251,1.36276
REVERSE,Q=K=V,252,1.33464
REVERSE,Q=K=V,253,1.31094
REVERSE,Q=K=V,254,1.27946
REVERSE,Q=K=V,255,1.26042
REVERSE,Q=K=V,256,1.22809
REVERSE,Q=K=V,257,1.20983
REVERSE,Q=K=V,258,1.18781
REVERSE,Q=K=V,259,1.15529
REVERSE,Q=K=V,260,1.13378
REVERSE,Q=K=V,261,1.10376
REVERSE,Q=K=V,262,1.07512
REVERSE,Q=K=V,263,1.05096
REVERSE,Q=K=V,264,1.02682
REVERSE,Q=K=V,265,0.99477
REVERSE,Q=K=V,266,0.97517
REVERSE,Q=K=V,267,0.94817
REVERSE,Q=K=V,268,0.92986
REVERSE,Q=K=V,269,0.89435
REVERSE,Q=K=V,270,0.86684
REVERSE,Q=K=V,271,0.84739
REVERSE,Q=K=V,272,0.82124
REVERSE,Q=K=V,273,0.79255
REVERSE,Q=K=V,274,0.77190
REVERSE,Q=K=V,275,0.74335
REVERSE,Q=K=V,276,0.72098
REVERSE,Q=K=V,277,0.68890
REVERSE,Q=K=V,278,0.67220
REVERSE,Q=K=V,279,0.65183
REVERSE,Q=K=V,280,0.62436
REVERSE,Q=K=V,281,0.60344
REVERSE,Q=K=V,282,0.58281
REVERSE,Q=K=V,283,0.55675
REVERSE,Q=K=V,284,0.54313
REVERSE,Q=K=V,285,0.51899
REVERSE,Q=K=V,286,0.50220
REVERSE,Q=K=V,287,0.47560
REVERSE,Q=K=V,288,0.46214
REVERSE,Q=K=V,289,0.44659
REVERSE,Q=K=V,290,0.42483
REVERSE,Q=K=V,291,0.40740
REVERSE,Q=K=V,292,0.38591
REVERSE,Q=K=V,293,0.37842
REVERSE,Q=K=V,294,0.36124
REVERSE,Q=K=V,295,0.34298
REVERSE,Q=K=V,296,0.32765
REVERSE,Q=K=V,297,0.31758
REVERSE,Q=K=V,298,0.30010
REVERSE,Q=K=V,299,0.28530
REVERSE,Q=K=V,300,0.27373
REVERSE,Q=K=V,301,0.26025
REVERSE,Q=K=V,302,0.24754
REVERSE,Q=K=V,303,0.24053
REVERSE,Q=K=V,304,0.23125
REVERSE,Q=K=V,305,0.21866
REVERSE,Q=K=V,306,0.20533
REVERSE,Q=K=V,307,0.19230
REVERSE,Q=K=V,308,0.18470
REVERSE,Q=K=V,309,0.17616
REVERSE,Q=K=V,310,0.16827
REVERSE,Q=K=V,311,0.16099
REVERSE,Q=K=V,312,0.14728
REVERSE,Q=K=V,313,0.14850
REVERSE,Q=K=V,314,0.13438
REVERSE,Q=K=V,315,0.13316
REVERSE,Q=K=V,316,0.12528
REVERSE,Q=K=V,317,0.11486
REVERSE,Q=K=V,318,0.10987
REVERSE,Q=K=V,319,0.10452
REVERSE,Q=K=V,320,0.09803
REVERSE,Q=K=V,321,0.09375
REVERSE,Q=K=V,322,0.08949
REVERSE,Q=K=V,323,0.08746
REVERSE,Q=K=V,324,0.08314
REVERSE,Q=K=V,325,0.07764
REVERSE,Q=K=V,326,0.07362
REVERSE,Q=K=V,327,0.07335
REVERSE,Q=K=V,328,0.06938
REVERSE,Q=K=V,329,0.06784
REVERSE,Q=K=V,330,0.06312
REVERSE,Q=K=V,331,0.06285
REVERSE,Q=K=V,332,0.05882
REVERSE,Q=K=V,333,0.05922
REVERSE,Q=K=V,334,0.05662
REVERSE,Q=K=V,335,0.05459
REVERSE,Q=K=V,336,0.05436
REVERSE,Q=K=V,337,0.05020
REVERSE,Q=K=V,338,0.04893
REVERSE,Q=K=V,339,0.04814
REVERSE,Q=K=V,340,0.04599
REVERSE,Q=K=V,341,0.04352
REVERSE,Q=K=V,342,0.04438
REVERSE,Q=K=V,343,0.04173
REVERSE,Q=K=V,344,0.04115
REVERSE,Q=K=V,345,0.04078
REVERSE,Q=K=V,346,0.03918
REVERSE,Q=K=V,347,0.03732
REVERSE,Q=K=V,348,0.03686
REVERSE,Q=K=V,349,0.03551
REVERSE,Q=K=V,350,0.03507
REVERSE,Q=K=V,351,0.03385
REVERSE,Q=K=V,352,0.03362
REVERSE,Q=K=V,353,0.03219
REVERSE,Q=K=V,354,0.03175
REVERSE,Q=K=V,355,0.03006
REVERSE,Q=K=V,356,0.03028
REVERSE,Q=K=V,357,0.02887
REVERSE,Q=K=V,358,0.02682
REVERSE,Q=K=V,359,0.02632
REVERSE,Q=K=V,360,0.02496
REVERSE,Q=K=V,361,0.02334
REVERSE,Q=K=V,362,0.02297
REVERSE,Q=K=V,363,0.02138
REVERSE,Q=K=V,364,0.02090
REVERSE,Q=K=V,365,0.01945
REVERSE,Q=K=V,366,0.01827
REVERSE,Q=K=V,367,0.01701
REVERSE,Q=K=V,368,0.01607
REVERSE,Q=K=V,369,0.01557
REVERSE,Q=K=V,370,0.01459
REVERSE,Q=K=V,371,0.01351
REVERSE,Q=K=V,372,0.01269
REVERSE,Q=K=V,373,0.01221
REVERSE,Q=K=V,374,0.01149
REVERSE,Q=K=V,375,0.01047
REVERSE,Q=K=V,376,0.01032
REVERSE,Q=K=V,377,0.01015
REVERSE,Q=K=V,378,0.00951
REVERSE,Q=K=V,379,0.00922
REVERSE,Q=K=V,380,0.00913
REVERSE,Q=K=V,381,0.00866
REVERSE,Q=K=V,382,0.00851
REVERSE,Q=K=V,383,0.00833
REVERSE,Q=K=V,384,0.00817
REVERSE,Q=K=V,385,0.00806
REVERSE,Q=K=V,386,0.00794
REVERSE,Q=K=V,387,0.00767
REVERSE,Q=K=V,388,0.00777
REVERSE,Q=K=V,389,0.00759
REVERSE,Q=K=V,390,0.00755
REVERSE,Q=K=V,391,0.00741
REVERSE,Q=K=V,392,0.00714
REVERSE,Q=K=V,393,0.00711
REVERSE,Q=K=V,394,0.00671
REVERSE,Q=K=V,395,0.00699
REVERSE,Q=K=V,396,0.00701
REVERSE,Q=K=V,397,0.00678
REVERSE,Q=K=V,398,0.00676
REVERSE,Q=K=V,399,0.00671
REVERSE,Q=K=V,400,0.00672
REVERSE,Q=K=V,401,0.00659
REVERSE,Q=K=V,402,0.00661
REVERSE,Q=K=V,403,0.00659
REVERSE,Q=K=V,404,0.00634
REVERSE,Q=K=V,405,0.00637
REVERSE,Q=K=V,406,0.00626
REVERSE,Q=K=V,407,0.00631
REVERSE,Q=K=V,408,0.00626
REVERSE,Q=K=V,409,0.00617
REVERSE,Q=K=V,410,0.00625
REVERSE,Q=K=V,411,0.00600
REVERSE,Q=K=V,412,0.00602
REVERSE,Q=K=V,413,0.00597
REVERSE,Q=K=V,414,0.00591
REVERSE,Q=K=V,415,0.00575
REVERSE,Q=K=V,416,0.00584
REVERSE,Q=K=V,417,0.00583
REVERSE,Q=K=V,418,0.00589
REVERSE,Q=K=V,419,0.00573
REVERSE,Q=K=V,420,0.00559
REVERSE,Q=K=V,421,0.00566
REVERSE,Q=K=V,422,0.00571
REVERSE,Q=K=V,423,0.00559
REVERSE,Q=K=V,424,0.00562
REVERSE,Q=K=V,425,0.00546
REVERSE,Q=K=V,426,0.00555
REVERSE,Q=K=V,427,0.00549
REVERSE,Q=K=V,428,0.00545
REVERSE,Q=K=V,429,0.00534
REVERSE,Q=K=V,430,0.00542
REVERSE,Q=K=V,431,0.00539
REVERSE,Q=K=V,432,0.00536
REVERSE,Q=K=V,433,0.00525
REVERSE,Q=K=V,434,0.00534
REVERSE,Q=K=V,435,0.00520
REVERSE,Q=K=V,436,0.00513
REVERSE,Q=K=V,437,0.00515
REVERSE,Q=K=V,438,0.00522
REVERSE,Q=K=V,439,0.00514
REVERSE,Q=K=V,440,0.00503
REVERSE,Q=K=V,441,0.00507
REVERSE,Q=K=V,442,0.00502
REVERSE,Q=K=V,443,0.00505
REVERSE,Q=K=V,444,0.00500
REVERSE,Q=K=V,445,0.00492
REVERSE,Q=K=V,446,0.00495
REVERSE,Q=K=V,447,0.00482
REVERSE,Q=K=V,448,0.00479
REVERSE,Q=K=V,449,0.00477
REVERSE,Q=K=V,450,0.00481
REVERSE,Q=K=V,451,0.00494
REVERSE,Q=K=V,452,0.00476
REVERSE,Q=K=V,453,0.00477
REVERSE,Q=K=V,454,0.00475
REVERSE,Q=K=V,455,0.00472
REVERSE,Q=K=V,456,0.00468
REVERSE,Q=K=V,457,0.00463
REVERSE,Q=K=V,458,0.00464
REVERSE,Q=K=V,459,0.00463
REVERSE,Q=K=V,460,0.00460
REVERSE,Q=K=V,461,0.00463
REVERSE,Q=K=V,462,0.00454
REVERSE,Q=K=V,463,0.00452
REVERSE,Q=K=V,464,0.00455
REVERSE,Q=K=V,465,0.00446
REVERSE,Q=K=V,466,0.00452
REVERSE,Q=K=V,467,0.00446
REVERSE,Q=K=V,468,0.00443
REVERSE,Q=K=V,469,0.00447
REVERSE,Q=K=V,470,0.00444
REVERSE,Q=K=V,471,0.00439
REVERSE,Q=K=V,472,0.00441
REVERSE,Q=K=V,473,0.00422
REVERSE,Q=K=V,474,0.00438
REVERSE,Q=K=V,475,0.00434
REVERSE,Q=K=V,476,0.00428
REVERSE,Q=K=V,477,0.00432
REVERSE,Q=K=V,478,0.00428
REVERSE,Q=K=V,479,0.00431
REVERSE,Q=K=V,480,0.00430
REVERSE,Q=K=V,481,0.00432
REVERSE,Q=K=V,482,0.00420
REVERSE,Q=K=V,483,0.00418
REVERSE,Q=K=V,484,0.00420
REVERSE,Q=K=V,485,0.00420
REVERSE,Q=K=V,486,0.00415
REVERSE,Q=K=V,487,0.00414
REVERSE,Q=K=V,488,0.00417
REVERSE,Q=K=V,489,0.00406
REVERSE,Q=K=V,490,0.00418
REVERSE,Q=K=V,491,0.00408
REVERSE,Q=K=V,492,0.00409
REVERSE,Q=K=V,493,0.00405
REVERSE,Q=K=V,494,0.00403
REVERSE,Q=K=V,495,0.00402
REVERSE,Q=K=V,496,0.00408
REVERSE,Q=K=V,497,0.00403
REVERSE,Q=K=V,498,0.00400
REVERSE,Q=K=V,499,0.00398
REVERSE,Q=K=V,500,0.00402
REVERSE,Q=K=V,501,0.00398
REVERSE,Q=K=V,502,0.00397
REVERSE,Q=K=V,503,0.00395
REVERSE,Q=K=V,504,0.00394
REVERSE,Q=K=V,505,0.00391
REVERSE,Q=K=V,506,0.00393
REVERSE,Q=K=V,507,0.00386
REVERSE,Q=K=V,508,0.00387
REVERSE,Q=K=V,509,0.00387
REVERSE,Q=K=V,510,0.00387
REVERSE,Q=K=V,511,0.00388
REVERSE,Q=K=V,512,0.00389
REVERSE,Q=K=V,513,0.00380
REVERSE,Q=K=V,514,0.00383
REVERSE,Q=K=V,515,0.00384
REVERSE,Q=K=V,516,0.00381
REVERSE,Q=K=V,517,0.00374
REVERSE,Q=K=V,518,0.00377
REVERSE,Q=K=V,519,0.00379
REVERSE,Q=K=V,520,0.00383
REVERSE,Q=K=V,521,0.00374
REVERSE,Q=K=V,522,0.00372
REVERSE,Q=K=V,523,0.00366
REVERSE,Q=K=V,524,0.00370
REVERSE,Q=K=V,525,0.00372
REVERSE,Q=K=V,526,0.00367
REVERSE,Q=K=V,527,0.00374
REVERSE,Q=K=V,528,0.00370
REVERSE,Q=K=V,529,0.00365
REVERSE,Q=K=V,530,0.00367
REVERSE,Q=K=V,531,0.00361
REVERSE,Q=K=V,532,0.00366
REVERSE,Q=K=V,533,0.00369
REVERSE,Q=K=V,534,0.00364
REVERSE,Q=K=V,535,0.00364
REVERSE,Q=K=V,536,0.00360
REVERSE,Q=K=V,537,0.00367
REVERSE,Q=K=V,538,0.00360
REVERSE,Q=K=V,539,0.00360
REVERSE,Q=K=V,540,0.00356
REVERSE,Q=K=V,541,0.00359
REVERSE,Q=K=V,542,0.00358
REVERSE,Q=K=V,543,0.00353
REVERSE,Q=K=V,544,0.00356
REVERSE,Q=K=V,545,0.00359
REVERSE,Q=K=V,546,0.00352
REVERSE,Q=K=V,547,0.00350
REVERSE,Q=K=V,548,0.00354
REVERSE,Q=K=V,549,0.00357
REVERSE,Q=K=V,550,0.00352
REVERSE,Q=K=V,551,0.00351
REVERSE,Q=K=V,552,0.00351
REVERSE,Q=K=V,553,0.00347
REVERSE,Q=K=V,554,0.00352
REVERSE,Q=K=V,555,0.00352
REVERSE,Q=K=V,556,0.00349
REVERSE,Q=K=V,557,0.00348
REVERSE,Q=K=V,558,0.00341
REVERSE,Q=K=V,559,0.00346
REVERSE,Q=K=V,560,0.00346
REVERSE,Q=K=V,561,0.00345
REVERSE,Q=K=V,562,0.00349
REVERSE,Q=K=V,563,0.00338
REVERSE,Q=K=V,564,0.00343
REVERSE,Q=K=V,565,0.00339
REVERSE,Q=K=V,566,0.00342
REVERSE,Q=K=V,567,0.00342
REVERSE,Q=K=V,568,0.00342
REVERSE,Q=K=V,569,0.00337
REVERSE,Q=K=V,570,0.00337
REVERSE,Q=K=V,571,0.00340
REVERSE,Q=K=V,572,0.00339
REVERSE,Q=K=V,573,0.00338
REVERSE,Q=K=V,574,0.00331
REVERSE,Q=K=V,575,0.00333
REVERSE,Q=K=V,576,0.00336
REVERSE,Q=K=V,577,0.00331
REVERSE,Q=K=V,578,0.00332
REVERSE,Q=K=V,579,0.00334
REVERSE,Q=K=V,580,0.00334
REVERSE,Q=K=V,581,0.00330
REVERSE,Q=K=V,582,0.00332
REVERSE,Q=K=V,583,0.00335
REVERSE,Q=K=V,584,0.00328
REVERSE,Q=K=V,585,0.00324
REVERSE,Q=K=V,586,0.00327
REVERSE,Q=K=V,587,0.00331
REVERSE,Q=K=V,588,0.00329
REVERSE,Q=K=V,589,0.00328
REVERSE,Q=K=V,590,0.00327
REVERSE,Q=K=V,591,0.00328
REVERSE,Q=K=V,592,0.00326
REVERSE,Q=K=V,593,0.00329
REVERSE,Q=K=V,594,0.00326
REVERSE,Q=K=V,595,0.00327
REVERSE,Q=K=V,596,0.00329
REVERSE,Q=K=V,597,0.00329
REVERSE,Q=K=V,598,0.00320
REVERSE,Q=K=V,599,0.00325
REVERSE,Q=K=V,600,0.00325
REVERSE,Q=K=V,601,0.00330
REVERSE,Q=K=V,602,0.00321
REVERSE,Q=K=V,603,0.00320
REVERSE,Q=K=V,604,0.00324
REVERSE,Q=K=V,605,0.00323
REVERSE,Q=K=V,606,0.00319
REVERSE,Q=K=V,607,0.00324
REVERSE,Q=K=V,608,0.00317
REVERSE,Q=K=V,609,0.00323
REVERSE,Q=K=V,610,0.00317
REVERSE,Q=K=V,611,0.00320
REVERSE,Q=K=V,612,0.00318
REVERSE,Q=K=V,613,0.00317
REVERSE,Q=K=V,614,0.00312
REVERSE,Q=K=V,615,0.00317
REVERSE,Q=K=V,616,0.00318
REVERSE,Q=K=V,617,0.00316
REVERSE,Q=K=V,618,0.00314
REVERSE,Q=K=V,619,0.00314
REVERSE,Q=K=V,620,0.00317
REVERSE,Q=K=V,621,0.00313
REVERSE,Q=K=V,622,0.00315
REVERSE,Q=K=V,623,0.00318
REVERSE,Q=K=V,624,0.00313
REVERSE,Q=K=V,625,0.00315
REVERSE,Q=K=V,626,0.00315
REVERSE,Q=K=V,627,0.00313
REVERSE,Q=K=V,628,0.00311
REVERSE,Q=K=V,629,0.00319
REVERSE,Q=K=V,630,0.00313
REVERSE,Q=K=V,631,0.00324
REVERSE,Q=K=V,632,0.00314
REVERSE,Q=K=V,633,0.00315
REVERSE,Q=K=V,634,0.00310
REVERSE,Q=K=V,635,0.00311
REVERSE,Q=K=V,636,0.00307
REVERSE,Q=K=V,637,0.00311
REVERSE,Q=K=V,638,0.00310
REVERSE,Q=K=V,639,0.00304
REVERSE,Q=K=V,640,0.00308
REVERSE,Q=K=V,641,0.00307
REVERSE,Q=K=V,642,0.00311
REVERSE,Q=K=V,643,0.00309
REVERSE,Q=K=V,644,0.00311
REVERSE,Q=K=V,645,0.00307
REVERSE,Q=K=V,646,0.00311
REVERSE,Q=K=V,647,0.00311
REVERSE,Q=K=V,648,0.00306
REVERSE,Q=K=V,649,0.00308
REVERSE,Q=K=V,650,0.00309
REVERSE,Q=K=V,651,0.00305
REVERSE,Q=K=V,652,0.00307
REVERSE,Q=K=V,653,0.00305
REVERSE,Q=K=V,654,0.00305
REVERSE,Q=K=V,655,0.00306
REVERSE,Q=K=V,656,0.00305
REVERSE,Q=K=V,657,0.00301
REVERSE,Q=K=V,658,0.00304
REVERSE,Q=K=V,659,0.00305
REVERSE,Q=K=V,660,0.00308
REVERSE,Q=K=V,661,0.00309
REVERSE,Q=K=V,662,0.00307
REVERSE,Q=K=V,663,0.00302
REVERSE,Q=K=V,664,0.00305
REVERSE,Q=K=V,665,0.00304
REVERSE,Q=K=V,666,0.00302
REVERSE,Q=K=V,667,0.00303
REVERSE,Q=K=V,668,0.00308
REVERSE,Q=K=V,669,0.00309
REVERSE,Q=K=V,670,0.00304
REVERSE,Q=K=V,671,0.00300
REVERSE,Q=K=V,672,0.00299
REVERSE,Q=K=V,673,0.00304
REVERSE,Q=K=V,674,0.00307
REVERSE,Q=K=V,675,0.00294
REVERSE,Q=K=V,676,0.00309
REVERSE,Q=K=V,677,0.00310
REVERSE,Q=K=V,678,0.00302
REVERSE,Q=K=V,679,0.00302
REVERSE,Q=K=V,680,0.00302
REVERSE,Q=K=V,681,0.00303
REVERSE,Q=K=V,682,0.00303
REVERSE,Q=K=V,683,0.00306
REVERSE,Q=K=V,684,0.00298
REVERSE,Q=K=V,685,0.00306
REVERSE,Q=K=V,686,0.00303
REVERSE,Q=K=V,687,0.00301
REVERSE,Q=K=V,688,0.00304
REVERSE,Q=K=V,689,0.00309
REVERSE,Q=K=V,690,0.00303
REVERSE,Q=K=V,691,0.00301
REVERSE,Q=K=V,692,0.00304
REVERSE,Q=K=V,693,0.00303
REVERSE,Q=K=V,694,0.00306
REVERSE,Q=K=V,695,0.00298
REVERSE,Q=K=V,696,0.00307
REVERSE,Q=K=V,697,0.00303
REVERSE,Q=K=V,698,0.00300
REVERSE,Q=K=V,699,0.00299
REVERSE,Q=K=V,700,0.00300
REVERSE,Q=K=V,701,0.00302
REVERSE,Q=K=V,702,0.00300
REVERSE,Q=K=V,703,0.00302
REVERSE,Q=K=V,704,0.00299
REVERSE,Q=K=V,705,0.00297
REVERSE,Q=K=V,706,0.00298
REVERSE,Q=K=V,707,0.00295
REVERSE,Q=K=V,708,0.00300
REVERSE,Q=K=V,709,0.00301
REVERSE,Q=K=V,710,0.00313
REVERSE,Q=K=V,711,0.00300
REVERSE,Q=K=V,712,0.00298
REVERSE,Q=K=V,713,0.00302
REVERSE,Q=K=V,714,0.00300
REVERSE,Q=K=V,715,0.00298
REVERSE,Q=K=V,716,0.00299
REVERSE,Q=K=V,717,0.00302
REVERSE,Q=K=V,718,0.00300
REVERSE,Q=K=V,719,0.00303
REVERSE,Q=K=V,720,0.00305
REVERSE,Q=K=V,721,0.00295
REVERSE,Q=K=V,722,0.00294
REVERSE,Q=K=V,723,0.00296
REVERSE,Q=K=V,724,0.00302
REVERSE,Q=K=V,725,0.00298
REVERSE,Q=K=V,726,0.00302
REVERSE,Q=K=V,727,0.00299
REVERSE,Q=K=V,728,0.00295
REVERSE,Q=K=V,729,0.00296
REVERSE,Q=K=V,730,0.00299
REVERSE,Q=K=V,731,0.00297
REVERSE,Q=K=V,732,0.00302
REVERSE,Q=K=V,733,0.00298
REVERSE,Q=K=V,734,0.00296
REVERSE,Q=K=V,735,0.00300
REVERSE,Q=K=V,736,0.00295
REVERSE,Q=K=V,737,0.00296
REVERSE,Q=K=V,738,0.00301
REVERSE,Q=K=V,739,0.00299
REVERSE,Q=K=V,740,0.00297
REVERSE,Q=K=V,741,0.00295
REVERSE,Q=K=V,742,0.00293
REVERSE,Q=K=V,743,0.00296
REVERSE,Q=K=V,744,0.00293
REVERSE,Q=K=V,745,0.00302
REVERSE,Q=K=V,746,0.00299
REVERSE,Q=K=V,747,0.00294
REVERSE,Q=K=V,748,0.00294
REVERSE,Q=K=V,749,0.00299
REVERSE,Q=K=V,750,0.00297
REVERSE,Q=K=V,751,0.00298
REVERSE,Q=K=V,752,0.00297
REVERSE,Q=K=V,753,0.00300
REVERSE,Q=K=V,754,0.00298
REVERSE,Q=K=V,755,0.00299
REVERSE,Q=K=V,756,0.00297
REVERSE,Q=K=V,757,0.00299
REVERSE,Q=K=V,758,0.00296
REVERSE,Q=K=V,759,0.00296
REVERSE,Q=K=V,760,0.00297
REVERSE,Q=K=V,761,0.00294
REVERSE,Q=K=V,762,0.00297
REVERSE,Q=K=V,763,0.00298
REVERSE,Q=K=V,764,0.00301
REVERSE,Q=K=V,765,0.00298
REVERSE,Q=K=V,766,0.00302
REVERSE,Q=K=V,767,0.00297
REVERSE,Q=K=V,768,0.00296
REVERSE,Q=K=V,769,0.00300
REVERSE,Q=K=V,770,0.00296
REVERSE,Q=K=V,771,0.00298
REVERSE,Q=K=V,772,0.00302
REVERSE,Q=K=V,773,0.00302
REVERSE,Q=K=V,774,0.00299
REVERSE,Q=K=V,775,0.00299
REVERSE,Q=K=V,776,0.00291
REVERSE,Q=K=V,777,0.00294
REVERSE,Q=K=V,778,0.00295
REVERSE,Q=K=V,779,0.00303
REVERSE,Q=K=V,780,0.00295
REVERSE,Q=K=V,781,0.00298
REVERSE,Q=K=V,782,0.00296
REVERSE,Q=K=V,783,0.00298
REVERSE,Q=K=V,784,0.00301
REVERSE,Q=K=V,785,0.00300
REVERSE,Q=K=V,786,0.00296
REVERSE,Q=K=V,787,0.00298
REVERSE,Q=K=V,788,0.00296
REVERSE,Q=K=V,789,0.00290
REVERSE,(Q=K=V)+,0,2.43938
REVERSE,(Q=K=V)+,1,2.44502
REVERSE,(Q=K=V)+,2,2.43874
REVERSE,(Q=K=V)+,3,2.44176
REVERSE,(Q=K=V)+,4,2.43592
REVERSE,(Q=K=V)+,5,2.42813
REVERSE,(Q=K=V)+,6,2.42871
REVERSE,(Q=K=V)+,7,2.41470
REVERSE,(Q=K=V)+,8,2.41267
REVERSE,(Q=K=V)+,9,2.40693
REVERSE,(Q=K=V)+,10,2.40349
REVERSE,(Q=K=V)+,11,2.39859
REVERSE,(Q=K=V)+,12,2.39519
REVERSE,(Q=K=V)+,13,2.38847
REVERSE,(Q=K=V)+,14,2.37980
REVERSE,(Q=K=V)+,15,2.37800
REVERSE,(Q=K=V)+,16,2.36846
REVERSE,(Q=K=V)+,17,2.36201
REVERSE,(Q=K=V)+,18,2.36176
REVERSE,(Q=K=V)+,19,2.35247
REVERSE,(Q=K=V)+,20,2.35049
REVERSE,(Q=K=V)+,21,2.34431
REVERSE,(Q=K=V)+,22,2.33875
REVERSE,(Q=K=V)+,23,2.33481
REVERSE,(Q=K=V)+,24,2.33217
REVERSE,(Q=K=V)+,25,2.32542
REVERSE,(Q=K=V)+,26,2.32555
REVERSE,(Q=K=V)+,27,2.32706
REVERSE,(Q=K=V)+,28,2.32193
REVERSE,(Q=K=V)+,29,2.31747
REVERSE,(Q=K=V)+,30,2.31705
REVERSE,(Q=K=V)+,31,2.31644
REVERSE,(Q=K=V)+,32,2.31390
REVERSE,(Q=K=V)+,33,2.31379
REVERSE,(Q=K=V)+,34,2.31019
REVERSE,(Q=K=V)+,35,2.31086
REVERSE,(Q=K=V)+,36,2.30905
REVERSE,(Q=K=V)+,37,2.31007
REVERSE,(Q=K=V)+,38,2.30849
REVERSE,(Q=K=V)+,39,2.30750
REVERSE,(Q=K=V)+,40,2.30704
REVERSE,(Q=K=V)+,41,2.30666
REVERSE,(Q=K=V)+,42,2.30658
REVERSE,(Q=K=V)+,43,2.30640
REVERSE,(Q=K=V)+,44,2.30578
REVERSE,(Q=K=V)+,45,2.30599
REVERSE,(Q=K=V)+,46,2.30498
REVERSE,(Q=K=V)+,47,2.30485
REVERSE,(Q=K=V)+,48,2.30472
REVERSE,(Q=K=V)+,49,2.30371
REVERSE,(Q=K=V)+,50,2.30560
REVERSE,(Q=K=V)+,51,2.30395
REVERSE,(Q=K=V)+,52,2.30423
REVERSE,(Q=K=V)+,53,2.30340
REVERSE,(Q=K=V)+,54,2.30333
REVERSE,(Q=K=V)+,55,2.30326
REVERSE,(Q=K=V)+,56,2.30373
REVERSE,(Q=K=V)+,57,2.30384
REVERSE,(Q=K=V)+,58,2.30406
REVERSE,(Q=K=V)+,59,2.30332
REVERSE,(Q=K=V)+,60,2.30298
REVERSE,(Q=K=V)+,61,2.30440
REVERSE,(Q=K=V)+,62,2.30427
REVERSE,(Q=K=V)+,63,2.30378
REVERSE,(Q=K=V)+,64,2.30323
REVERSE,(Q=K=V)+,65,2.30240
REVERSE,(Q=K=V)+,66,2.30399
REVERSE,(Q=K=V)+,67,2.30358
REVERSE,(Q=K=V)+,68,2.30318
REVERSE,(Q=K=V)+,69,2.30362
REVERSE,(Q=K=V)+,70,2.30308
REVERSE,(Q=K=V)+,71,2.30364
REVERSE,(Q=K=V)+,72,2.30302
REVERSE,(Q=K=V)+,73,2.30277
REVERSE,(Q=K=V)+,74,2.30302
REVERSE,(Q=K=V)+,75,2.30230
REVERSE,(Q=K=V)+,76,2.30285
REVERSE,(Q=K=V)+,77,2.30338
REVERSE,(Q=K=V)+,78,2.30165
REVERSE,(Q=K=V)+,79,2.30274
REVERSE,(Q=K=V)+,80,2.30301
REVERSE,(Q=K=V)+,81,2.30328
REVERSE,(Q=K=V)+,82,2.30171
REVERSE,(Q=K=V)+,83,2.30265
REVERSE,(Q=K=V)+,84,2.30168
REVERSE,(Q=K=V)+,85,2.30223
REVERSE,(Q=K=V)+,86,2.30191
REVERSE,(Q=K=V)+,87,2.30243
REVERSE,(Q=K=V)+,88,2.30218
REVERSE,(Q=K=V)+,89,2.30147
REVERSE,(Q=K=V)+,90,2.30234
REVERSE,(Q=K=V)+,91,2.30242
REVERSE,(Q=K=V)+,92,2.30151
REVERSE,(Q=K=V)+,93,2.30184
REVERSE,(Q=K=V)+,94,2.30222
REVERSE,(Q=K=V)+,95,2.30214
REVERSE,(Q=K=V)+,96,2.30217
REVERSE,(Q=K=V)+,97,2.30255
REVERSE,(Q=K=V)+,98,2.30152
REVERSE,(Q=K=V)+,99,2.30165
REVERSE,(Q=K=V)+,100,2.30194
REVERSE,(Q=K=V)+,101,2.30156
REVERSE,(Q=K=V)+,102,2.30095
REVERSE,(Q=K=V)+,103,2.30148
REVERSE,(Q=K=V)+,104,2.30173
REVERSE,(Q=K=V)+,105,2.30084
REVERSE,(Q=K=V)+,106,2.30200
REVERSE,(Q=K=V)+,107,2.30216
REVERSE,(Q=K=V)+,108,2.30146
REVERSE,(Q=K=V)+,109,2.30039
REVERSE,(Q=K=V)+,110,2.30085
REVERSE,(Q=K=V)+,111,2.30146
REVERSE,(Q=K=V)+,112,2.30128
REVERSE,(Q=K=V)+,113,2.30169
REVERSE,(Q=K=V)+,114,2.30100
REVERSE,(Q=K=V)+,115,2.30070
REVERSE,(Q=K=V)+,116,2.30037
REVERSE,(Q=K=V)+,117,2.30097
REVERSE,(Q=K=V)+,118,2.30112
REVERSE,(Q=K=V)+,119,2.29993
REVERSE,(Q=K=V)+,120,2.29978
REVERSE,(Q=K=V)+,121,2.30064
REVERSE,(Q=K=V)+,122,2.30026
REVERSE,(Q=K=V)+,123,2.29984
REVERSE,(Q=K=V)+,124,2.29952
REVERSE,(Q=K=V)+,125,2.29977
REVERSE,(Q=K=V)+,126,2.30054
REVERSE,(Q=K=V)+,127,2.29973
REVERSE,(Q=K=V)+,128,2.29980
REVERSE,(Q=K=V)+,129,2.29957
REVERSE,(Q=K=V)+,130,2.29908
REVERSE,(Q=K=V)+,131,2.29926
REVERSE,(Q=K=V)+,132,2.29854
REVERSE,(Q=K=V)+,133,2.29913
REVERSE,(Q=K=V)+,134,2.29866
REVERSE,(Q=K=V)+,135,2.29908
REVERSE,(Q=K=V)+,136,2.29718
REVERSE,(Q=K=V)+,137,2.29750
REVERSE,(Q=K=V)+,138,2.29828
REVERSE,(Q=K=V)+,139,2.29811
REVERSE,(Q=K=V)+,140,2.29723
REVERSE,(Q=K=V)+,141,2.29751
REVERSE,(Q=K=V)+,142,2.29735
REVERSE,(Q=K=V)+,143,2.29716
REVERSE,(Q=K=V)+,144,2.29573
REVERSE,(Q=K=V)+,145,2.29572
REVERSE,(Q=K=V)+,146,2.29557
REVERSE,(Q=K=V)+,147,2.29476
REVERSE,(Q=K=V)+,148,2.29405
REVERSE,(Q=K=V)+,149,2.29357
REVERSE,(Q=K=V)+,150,2.29395
REVERSE,(Q=K=V)+,151,2.29396
REVERSE,(Q=K=V)+,152,2.29375
REVERSE,(Q=K=V)+,153,2.29191
REVERSE,(Q=K=V)+,154,2.29154
REVERSE,(Q=K=V)+,155,2.29285
REVERSE,(Q=K=V)+,156,2.29167
REVERSE,(Q=K=V)+,157,2.28844
REVERSE,(Q=K=V)+,158,2.29169
REVERSE,(Q=K=V)+,159,2.28988
REVERSE,(Q=K=V)+,160,2.28934
REVERSE,(Q=K=V)+,161,2.28779
REVERSE,(Q=K=V)+,162,2.28879
REVERSE,(Q=K=V)+,163,2.28830
REVERSE,(Q=K=V)+,164,2.28760
REVERSE,(Q=K=V)+,165,2.28701
REVERSE,(Q=K=V)+,166,2.28753
REVERSE,(Q=K=V)+,167,2.28580
REVERSE,(Q=K=V)+,168,2.28565
REVERSE,(Q=K=V)+,169,2.28651
REVERSE,(Q=K=V)+,170,2.28588
REVERSE,(Q=K=V)+,171,2.28530
REVERSE,(Q=K=V)+,172,2.28469
REVERSE,(Q=K=V)+,173,2.28491
REVERSE,(Q=K=V)+,174,2.28341
REVERSE,(Q=K=V)+,175,2.28322
REVERSE,(Q=K=V)+,176,2.28347
REVERSE,(Q=K=V)+,177,2.28311
REVERSE,(Q=K=V)+,178,2.28224
REVERSE,(Q=K=V)+,179,2.27989
REVERSE,(Q=K=V)+,180,2.28300
REVERSE,(Q=K=V)+,181,2.27876
REVERSE,(Q=K=V)+,182,2.27898
REVERSE,(Q=K=V)+,183,2.27954
REVERSE,(Q=K=V)+,184,2.27762
REVERSE,(Q=K=V)+,185,2.28103
REVERSE,(Q=K=V)+,186,2.27694
REVERSE,(Q=K=V)+,187,2.27668
REVERSE,(Q=K=V)+,188,2.27748
REVERSE,(Q=K=V)+,189,2.27773
REVERSE,(Q=K=V)+,190,2.27504
REVERSE,(Q=K=V)+,191,2.27549
REVERSE,(Q=K=V)+,192,2.27595
REVERSE,(Q=K=V)+,193,2.27571
REVERSE,(Q=K=V)+,194,2.27364
REVERSE,(Q=K=V)+,195,2.27253
REVERSE,(Q=K=V)+,196,2.27436
REVERSE,(Q=K=V)+,197,2.27222
REVERSE,(Q=K=V)+,198,2.26969
REVERSE,(Q=K=V)+,199,2.27238
REVERSE,(Q=K=V)+,200,2.27006
REVERSE,(Q=K=V)+,201,2.26920
REVERSE,(Q=K=V)+,202,2.26923
REVERSE,(Q=K=V)+,203,2.26627
REVERSE,(Q=K=V)+,204,2.26845
REVERSE,(Q=K=V)+,205,2.26511
REVERSE,(Q=K=V)+,206,2.26317
REVERSE,(Q=K=V)+,207,2.26074
REVERSE,(Q=K=V)+,208,2.25847
REVERSE,(Q=K=V)+,209,2.25877
REVERSE,(Q=K=V)+,210,2.25155
REVERSE,(Q=K=V)+,211,2.25293
REVERSE,(Q=K=V)+,212,2.24819
REVERSE,(Q=K=V)+,213,2.24218
REVERSE,(Q=K=V)+,214,2.23695
REVERSE,(Q=K=V)+,215,2.23028
REVERSE,(Q=K=V)+,216,2.22479
REVERSE,(Q=K=V)+,217,2.21909
REVERSE,(Q=K=V)+,218,2.21057
REVERSE,(Q=K=V)+,219,2.20376
REVERSE,(Q=K=V)+,220,2.19525
REVERSE,(Q=K=V)+,221,2.18054
REVERSE,(Q=K=V)+,222,2.17404
REVERSE,(Q=K=V)+,223,2.16086
REVERSE,(Q=K=V)+,224,2.15245
REVERSE,(Q=K=V)+,225,2.14010
REVERSE,(Q=K=V)+,226,2.13107
REVERSE,(Q=K=V)+,227,2.11832
REVERSE,(Q=K=V)+,228,2.10222
REVERSE,(Q=K=V)+,229,2.08871
REVERSE,(Q=K=V)+,230,2.07661
REVERSE,(Q=K=V)+,231,2.06125
REVERSE,(Q=K=V)+,232,2.04255
REVERSE,(Q=K=V)+,233,2.02996
REVERSE,(Q=K=V)+,234,2.01295
REVERSE,(Q=K=V)+,235,1.99517
REVERSE,(Q=K=V)+,236,1.97521
REVERSE,(Q=K=V)+,237,1.96136
REVERSE,(Q=K=V)+,238,1.94622
REVERSE,(Q=K=V)+,239,1.92714
REVERSE,(Q=K=V)+,240,1.90949
REVERSE,(Q=K=V)+,241,1.89411
REVERSE,(Q=K=V)+,242,1.87509
REVERSE,(Q=K=V)+,243,1.85582
REVERSE,(Q=K=V)+,244,1.83397
REVERSE,(Q=K=V)+,245,1.81970
REVERSE,(Q=K=V)+,246,1.80281
REVERSE,(Q=K=V)+,247,1.77947
REVERSE,(Q=K=V)+,248,1.75507
REVERSE,(Q=K=V)+,249,1.73667
REVERSE,(Q=K=V)+,250,1.71036
REVERSE,(Q=K=V)+,251,1.69713
REVERSE,(Q=K=V)+,252,1.67544
REVERSE,(Q=K=V)+,253,1.65884
REVERSE,(Q=K=V)+,254,1.64287
REVERSE,(Q=K=V)+,255,1.62787
REVERSE,(Q=K=V)+,256,1.61081
REVERSE,(Q=K=V)+,257,1.60364
REVERSE,(Q=K=V)+,258,1.59592
REVERSE,(Q=K=V)+,259,1.58722
REVERSE,(Q=K=V)+,260,1.57789
REVERSE,(Q=K=V)+,261,1.57257
REVERSE,(Q=K=V)+,262,1.56496
REVERSE,(Q=K=V)+,263,1.56330
REVERSE,(Q=K=V)+,264,1.55774
REVERSE,(Q=K=V)+,265,1.55024
REVERSE,(Q=K=V)+,266,1.54644
REVERSE,(Q=K=V)+,267,1.53918
REVERSE,(Q=K=V)+,268,1.53372
REVERSE,(Q=K=V)+,269,1.53273
REVERSE,(Q=K=V)+,270,1.52657
REVERSE,(Q=K=V)+,271,1.52413
REVERSE,(Q=K=V)+,272,1.51602
REVERSE,(Q=K=V)+,273,1.51322
REVERSE,(Q=K=V)+,274,1.50837
REVERSE,(Q=K=V)+,275,1.50584
REVERSE,(Q=K=V)+,276,1.50174
REVERSE,(Q=K=V)+,277,1.49462
REVERSE,(Q=K=V)+,278,1.48831
REVERSE,(Q=K=V)+,279,1.48610
REVERSE,(Q=K=V)+,280,1.47571
REVERSE,(Q=K=V)+,281,1.47242
REVERSE,(Q=K=V)+,282,1.46444
REVERSE,(Q=K=V)+,283,1.45416
REVERSE,(Q=K=V)+,284,1.44579
REVERSE,(Q=K=V)+,285,1.43470
REVERSE,(Q=K=V)+,286,1.42550
REVERSE,(Q=K=V)+,287,1.41383
REVERSE,(Q=K=V)+,288,1.39670
REVERSE,(Q=K=V)+,289,1.38373
REVERSE,(Q=K=V)+,290,1.36729
REVERSE,(Q=K=V)+,291,1.34881
REVERSE,(Q=K=V)+,292,1.33150
REVERSE,(Q=K=V)+,293,1.31539
REVERSE,(Q=K=V)+,294,1.29701
REVERSE,(Q=K=V)+,295,1.27551
REVERSE,(Q=K=V)+,296,1.25034
REVERSE,(Q=K=V)+,297,1.23109
REVERSE,(Q=K=V)+,298,1.21252
REVERSE,(Q=K=V)+,299,1.19232
REVERSE,(Q=K=V)+,300,1.16456
REVERSE,(Q=K=V)+,301,1.14897
REVERSE,(Q=K=V)+,302,1.12793
REVERSE,(Q=K=V)+,303,1.10504
REVERSE,(Q=K=V)+,304,1.08456
REVERSE,(Q=K=V)+,305,1.06740
REVERSE,(Q=K=V)+,306,1.05116
REVERSE,(Q=K=V)+,307,1.03247
REVERSE,(Q=K=V)+,308,1.02099
REVERSE,(Q=K=V)+,309,1.00375
REVERSE,(Q=K=V)+,310,0.99472
REVERSE,(Q=K=V)+,311,0.97869
REVERSE,(Q=K=V)+,312,0.97173
REVERSE,(Q=K=V)+,313,0.96091
REVERSE,(Q=K=V)+,314,0.94942
REVERSE,(Q=K=V)+,315,0.94907
REVERSE,(Q=K=V)+,316,0.94040
REVERSE,(Q=K=V)+,317,0.93400
REVERSE,(Q=K=V)+,318,0.92498
REVERSE,(Q=K=V)+,319,0.92189
REVERSE,(Q=K=V)+,320,0.91430
REVERSE,(Q=K=V)+,321,0.90534
REVERSE,(Q=K=V)+,322,0.89317
REVERSE,(Q=K=V)+,323,0.88036
REVERSE,(Q=K=V)+,324,0.87338
REVERSE,(Q=K=V)+,325,0.85974
REVERSE,(Q=K=V)+,326,0.84942
REVERSE,(Q=K=V)+,327,0.84088
REVERSE,(Q=K=V)+,328,0.82653
REVERSE,(Q=K=V)+,329,0.81287
REVERSE,(Q=K=V)+,330,0.80384
REVERSE,(Q=K=V)+,331,0.79007
REVERSE,(Q=K=V)+,332,0.78215
REVERSE,(Q=K=V)+,333,0.77499
REVERSE,(Q=K=V)+,334,0.76532
REVERSE,(Q=K=V)+,335,0.75942
REVERSE,(Q=K=V)+,336,0.75258
REVERSE,(Q=K=V)+,337,0.74758
REVERSE,(Q=K=V)+,338,0.73953
REVERSE,(Q=K=V)+,339,0.73417
REVERSE,(Q=K=V)+,340,0.72723
REVERSE,(Q=K=V)+,341,0.72112
REVERSE,(Q=K=V)+,342,0.71240
REVERSE,(Q=K=V)+,343,0.70806
REVERSE,(Q=K=V)+,344,0.69839
REVERSE,(Q=K=V)+,345,0.69108
REVERSE,(Q=K=V)+,346,0.68093
REVERSE,(Q=K=V)+,347,0.67298
REVERSE,(Q=K=V)+,348,0.66567
REVERSE,(Q=K=V)+,349,0.65200
REVERSE,(Q=K=V)+,350,0.64150
REVERSE,(Q=K=V)+,351,0.62827
REVERSE,(Q=K=V)+,352,0.61848
REVERSE,(Q=K=V)+,353,0.60342
REVERSE,(Q=K=V)+,354,0.58780
REVERSE,(Q=K=V)+,355,0.57596
REVERSE,(Q=K=V)+,356,0.56423
REVERSE,(Q=K=V)+,357,0.54424
REVERSE,(Q=K=V)+,358,0.52752
REVERSE,(Q=K=V)+,359,0.51312
REVERSE,(Q=K=V)+,360,0.49513
REVERSE,(Q=K=V)+,361,0.47761
REVERSE,(Q=K=V)+,362,0.46198
REVERSE,(Q=K=V)+,363,0.44618
REVERSE,(Q=K=V)+,364,0.42316
REVERSE,(Q=K=V)+,365,0.40495
REVERSE,(Q=K=V)+,366,0.38727
REVERSE,(Q=K=V)+,367,0.37146
REVERSE,(Q=K=V)+,368,0.35574
REVERSE,(Q=K=V)+,369,0.33775
REVERSE,(Q=K=V)+,370,0.31915
REVERSE,(Q=K=V)+,371,0.30616
REVERSE,(Q=K=V)+,372,0.28494
REVERSE,(Q=K=V)+,373,0.27169
REVERSE,(Q=K=V)+,374,0.25480
REVERSE,(Q=K=V)+,375,0.23835
REVERSE,(Q=K=V)+,376,0.22414
REVERSE,(Q=K=V)+,377,0.20643
REVERSE,(Q=K=V)+,378,0.19286
REVERSE,(Q=K=V)+,379,0.18278
REVERSE,(Q=K=V)+,380,0.16985
REVERSE,(Q=K=V)+,381,0.15456
REVERSE,(Q=K=V)+,382,0.14619
REVERSE,(Q=K=V)+,383,0.13470
REVERSE,(Q=K=V)+,384,0.12651
REVERSE,(Q=K=V)+,385,0.12071
REVERSE,(Q=K=V)+,386,0.10897
REVERSE,(Q=K=V)+,387,0.09899
REVERSE,(Q=K=V)+,388,0.09501
REVERSE,(Q=K=V)+,389,0.08763
REVERSE,(Q=K=V)+,390,0.08249
REVERSE,(Q=K=V)+,391,0.07804
REVERSE,(Q=K=V)+,392,0.07440
REVERSE,(Q=K=V)+,393,0.06899
REVERSE,(Q=K=V)+,394,0.06586
REVERSE,(Q=K=V)+,395,0.06243
REVERSE,(Q=K=V)+,396,0.05869
REVERSE,(Q=K=V)+,397,0.05271
REVERSE,(Q=K=V)+,398,0.05021
REVERSE,(Q=K=V)+,399,0.04540
REVERSE,(Q=K=V)+,400,0.04360
REVERSE,(Q=K=V)+,401,0.04016
REVERSE,(Q=K=V)+,402,0.03568
REVERSE,(Q=K=V)+,403,0.03533
REVERSE,(Q=K=V)+,404,0.03319
REVERSE,(Q=K=V)+,405,0.02926
REVERSE,(Q=K=V)+,406,0.02946
REVERSE,(Q=K=V)+,407,0.02674
REVERSE,(Q=K=V)+,408,0.02552
REVERSE,(Q=K=V)+,409,0.02353
REVERSE,(Q=K=V)+,410,0.02118
REVERSE,(Q=K=V)+,411,0.02043
REVERSE,(Q=K=V)+,412,0.01860
REVERSE,(Q=K=V)+,413,0.01742
REVERSE,(Q=K=V)+,414,0.01669
REVERSE,(Q=K=V)+,415,0.01617
REVERSE,(Q=K=V)+,416,0.01478
REVERSE,(Q=K=V)+,417,0.01392
REVERSE,(Q=K=V)+,418,0.01404
REVERSE,(Q=K=V)+,419,0.01284
REVERSE,(Q=K=V)+,420,0.01263
REVERSE,(Q=K=V)+,421,0.01237
REVERSE,(Q=K=V)+,422,0.01118
REVERSE,(Q=K=V)+,423,0.01105
REVERSE,(Q=K=V)+,424,0.01069
REVERSE,(Q=K=V)+,425,0.01028
REVERSE,(Q=K=V)+,426,0.01018
REVERSE,(Q=K=V)+,427,0.00984
REVERSE,(Q=K=V)+,428,0.00923
REVERSE,(Q=K=V)+,429,0.00959
REVERSE,(Q=K=V)+,430,0.00906
REVERSE,(Q=K=V)+,431,0.00875
REVERSE,(Q=K=V)+,432,0.00864
REVERSE,(Q=K=V)+,433,0.00855
REVERSE,(Q=K=V)+,434,0.00826
REVERSE,(Q=K=V)+,435,0.00827
REVERSE,(Q=K=V)+,436,0.00787
REVERSE,(Q=K=V)+,437,0.00784
REVERSE,(Q=K=V)+,438,0.00787
REVERSE,(Q=K=V)+,439,0.00750
REVERSE,(Q=K=V)+,440,0.00720
REVERSE,(Q=K=V)+,441,0.00737
REVERSE,(Q=K=V)+,442,0.00719
REVERSE,(Q=K=V)+,443,0.00706
REVERSE,(Q=K=V)+,444,0.00695
REVERSE,(Q=K=V)+,445,0.00684
REVERSE,(Q=K=V)+,446,0.00676
REVERSE,(Q=K=V)+,447,0.00655
REVERSE,(Q=K=V)+,448,0.00645
REVERSE,(Q=K=V)+,449,0.00642
REVERSE,(Q=K=V)+,450,0.00661
REVERSE,(Q=K=V)+,451,0.00650
REVERSE,(Q=K=V)+,452,0.00641
REVERSE,(Q=K=V)+,453,0.00626
REVERSE,(Q=K=V)+,454,0.00607
REVERSE,(Q=K=V)+,455,0.00609
REVERSE,(Q=K=V)+,456,0.00605
REVERSE,(Q=K=V)+,457,0.00621
REVERSE,(Q=K=V)+,458,0.00587
REVERSE,(Q=K=V)+,459,0.00597
REVERSE,(Q=K=V)+,460,0.00592
REVERSE,(Q=K=V)+,461,0.00580
REVERSE,(Q=K=V)+,462,0.00595
REVERSE,(Q=K=V)+,463,0.00577
REVERSE,(Q=K=V)+,464,0.00577
REVERSE,(Q=K=V)+,465,0.00557
REVERSE,(Q=K=V)+,466,0.00552
REVERSE,(Q=K=V)+,467,0.00550
REVERSE,(Q=K=V)+,468,0.00548
REVERSE,(Q=K=V)+,469,0.00553
REVERSE,(Q=K=V)+,470,0.00531
REVERSE,(Q=K=V)+,471,0.00529
REVERSE,(Q=K=V)+,472,0.00534
REVERSE,(Q=K=V)+,473,0.00531
REVERSE,(Q=K=V)+,474,0.00528
REVERSE,(Q=K=V)+,475,0.00522
REVERSE,(Q=K=V)+,476,0.00531
REVERSE,(Q=K=V)+,477,0.00518
REVERSE,(Q=K=V)+,478,0.00512
REVERSE,(Q=K=V)+,479,0.00522
REVERSE,(Q=K=V)+,480,0.00503
REVERSE,(Q=K=V)+,481,0.00506
REVERSE,(Q=K=V)+,482,0.00502
REVERSE,(Q=K=V)+,483,0.00498
REVERSE,(Q=K=V)+,484,0.00496
REVERSE,(Q=K=V)+,485,0.00497
REVERSE,(Q=K=V)+,486,0.00490
REVERSE,(Q=K=V)+,487,0.00493
REVERSE,(Q=K=V)+,488,0.00479
REVERSE,(Q=K=V)+,489,0.00479
REVERSE,(Q=K=V)+,490,0.00484
REVERSE,(Q=K=V)+,491,0.00479
REVERSE,(Q=K=V)+,492,0.00473
REVERSE,(Q=K=V)+,493,0.00463
REVERSE,(Q=K=V)+,494,0.00467
REVERSE,(Q=K=V)+,495,0.00474
REVERSE,(Q=K=V)+,496,0.00475
REVERSE,(Q=K=V)+,497,0.00468
REVERSE,(Q=K=V)+,498,0.00463
REVERSE,(Q=K=V)+,499,0.00471
REVERSE,(Q=K=V)+,500,0.00457
REVERSE,(Q=K=V)+,501,0.00461
REVERSE,(Q=K=V)+,502,0.00451
REVERSE,(Q=K=V)+,503,0.00452
REVERSE,(Q=K=V)+,504,0.00437
REVERSE,(Q=K=V)+,505,0.00439
REVERSE,(Q=K=V)+,506,0.00448
REVERSE,(Q=K=V)+,507,0.00441
REVERSE,(Q=K=V)+,508,0.00435
REVERSE,(Q=K=V)+,509,0.00444
REVERSE,(Q=K=V)+,510,0.00430
REVERSE,(Q=K=V)+,511,0.00440
REVERSE,(Q=K=V)+,512,0.00431
REVERSE,(Q=K=V)+,513,0.00427
REVERSE,(Q=K=V)+,514,0.00431
REVERSE,(Q=K=V)+,515,0.00426
REVERSE,(Q=K=V)+,516,0.00420
REVERSE,(Q=K=V)+,517,0.00414
REVERSE,(Q=K=V)+,518,0.00418
REVERSE,(Q=K=V)+,519,0.00425
REVERSE,(Q=K=V)+,520,0.00416
REVERSE,(Q=K=V)+,521,0.00416
REVERSE,(Q=K=V)+,522,0.00423
REVERSE,(Q=K=V)+,523,0.00409
REVERSE,(Q=K=V)+,524,0.00411
REVERSE,(Q=K=V)+,525,0.00409
REVERSE,(Q=K=V)+,526,0.00409
REVERSE,(Q=K=V)+,527,0.00406
REVERSE,(Q=K=V)+,528,0.00410
REVERSE,(Q=K=V)+,529,0.00404
REVERSE,(Q=K=V)+,530,0.00402
REVERSE,(Q=K=V)+,531,0.00403
REVERSE,(Q=K=V)+,532,0.00399
REVERSE,(Q=K=V)+,533,0.00404
REVERSE,(Q=K=V)+,534,0.00398
REVERSE,(Q=K=V)+,535,0.00405
REVERSE,(Q=K=V)+,536,0.00389
REVERSE,(Q=K=V)+,537,0.00388
REVERSE,(Q=K=V)+,538,0.00399
REVERSE,(Q=K=V)+,539,0.00393
REVERSE,(Q=K=V)+,540,0.00389
REVERSE,(Q=K=V)+,541,0.00390
REVERSE,(Q=K=V)+,542,0.00393
REVERSE,(Q=K=V)+,543,0.00384
REVERSE,(Q=K=V)+,544,0.00396
REVERSE,(Q=K=V)+,545,0.00382
REVERSE,(Q=K=V)+,546,0.00381
REVERSE,(Q=K=V)+,547,0.00383
REVERSE,(Q=K=V)+,548,0.00385
REVERSE,(Q=K=V)+,549,0.00372
REVERSE,(Q=K=V)+,550,0.00386
REVERSE,(Q=K=V)+,551,0.00379
REVERSE,(Q=K=V)+,552,0.00375
REVERSE,(Q=K=V)+,553,0.00377
REVERSE,(Q=K=V)+,554,0.00387
REVERSE,(Q=K=V)+,555,0.00381
REVERSE,(Q=K=V)+,556,0.00374
REVERSE,(Q=K=V)+,557,0.00367
REVERSE,(Q=K=V)+,558,0.00368
REVERSE,(Q=K=V)+,559,0.00370
REVERSE,(Q=K=V)+,560,0.00370
REVERSE,(Q=K=V)+,561,0.00366
REVERSE,(Q=K=V)+,562,0.00374
REVERSE,(Q=K=V)+,563,0.00362
REVERSE,(Q=K=V)+,564,0.00364
REVERSE,(Q=K=V)+,565,0.00366
REVERSE,(Q=K=V)+,566,0.00361
REVERSE,(Q=K=V)+,567,0.00367
REVERSE,(Q=K=V)+,568,0.00360
REVERSE,(Q=K=V)+,569,0.00362
REVERSE,(Q=K=V)+,570,0.00362
REVERSE,(Q=K=V)+,571,0.00363
REVERSE,(Q=K=V)+,572,0.00359
REVERSE,(Q=K=V)+,573,0.00357
REVERSE,(Q=K=V)+,574,0.00354
REVERSE,(Q=K=V)+,575,0.00355
REVERSE,(Q=K=V)+,576,0.00352
REVERSE,(Q=K=V)+,577,0.00351
REVERSE,(Q=K=V)+,578,0.00356
REVERSE,(Q=K=V)+,579,0.00359
REVERSE,(Q=K=V)+,580,0.00352
REVERSE,(Q=K=V)+,581,0.00350
REVERSE,(Q=K=V)+,582,0.00345
REVERSE,(Q=K=V)+,583,0.00351
REVERSE,(Q=K=V)+,584,0.00344
REVERSE,(Q=K=V)+,585,0.00347
REVERSE,(Q=K=V)+,586,0.00351
REVERSE,(Q=K=V)+,587,0.00344
REVERSE,(Q=K=V)+,588,0.00345
REVERSE,(Q=K=V)+,589,0.00347
REVERSE,(Q=K=V)+,590,0.00346
REVERSE,(Q=K=V)+,591,0.00342
REVERSE,(Q=K=V)+,592,0.00344
REVERSE,(Q=K=V)+,593,0.00344
REVERSE,(Q=K=V)+,594,0.00348
REVERSE,(Q=K=V)+,595,0.00341
REVERSE,(Q=K=V)+,596,0.00345
REVERSE,(Q=K=V)+,597,0.00346
REVERSE,(Q=K=V)+,598,0.00339
REVERSE,(Q=K=V)+,599,0.00344
REVERSE,(Q=K=V)+,600,0.00359
REVERSE,(Q=K=V)+,601,0.00340
REVERSE,(Q=K=V)+,602,0.00335
REVERSE,(Q=K=V)+,603,0.00336
REVERSE,(Q=K=V)+,604,0.00335
REVERSE,(Q=K=V)+,605,0.00340
REVERSE,(Q=K=V)+,606,0.00334
REVERSE,(Q=K=V)+,607,0.00344
REVERSE,(Q=K=V)+,608,0.00339
REVERSE,(Q=K=V)+,609,0.00340
REVERSE,(Q=K=V)+,610,0.00343
REVERSE,(Q=K=V)+,611,0.00333
REVERSE,(Q=K=V)+,612,0.00334
REVERSE,(Q=K=V)+,613,0.00332
REVERSE,(Q=K=V)+,614,0.00328
REVERSE,(Q=K=V)+,615,0.00335
REVERSE,(Q=K=V)+,616,0.00327
REVERSE,(Q=K=V)+,617,0.00326
REVERSE,(Q=K=V)+,618,0.00330
REVERSE,(Q=K=V)+,619,0.00334
REVERSE,(Q=K=V)+,620,0.00336
REVERSE,(Q=K=V)+,621,0.00327
REVERSE,(Q=K=V)+,622,0.00327
REVERSE,(Q=K=V)+,623,0.00332
REVERSE,(Q=K=V)+,624,0.00327
REVERSE,(Q=K=V)+,625,0.00326
REVERSE,(Q=K=V)+,626,0.00332
REVERSE,(Q=K=V)+,627,0.00322
REVERSE,(Q=K=V)+,628,0.00330
REVERSE,(Q=K=V)+,629,0.00327
REVERSE,(Q=K=V)+,630,0.00327
REVERSE,(Q=K=V)+,631,0.00343
REVERSE,(Q=K=V)+,632,0.00326
REVERSE,(Q=K=V)+,633,0.00322
REVERSE,(Q=K=V)+,634,0.00323
REVERSE,(Q=K=V)+,635,0.00326
REVERSE,(Q=K=V)+,636,0.00325
REVERSE,(Q=K=V)+,637,0.00322
REVERSE,(Q=K=V)+,638,0.00329
REVERSE,(Q=K=V)+,639,0.00325
REVERSE,(Q=K=V)+,640,0.00318
REVERSE,(Q=K=V)+,641,0.00321
REVERSE,(Q=K=V)+,642,0.00320
REVERSE,(Q=K=V)+,643,0.00313
REVERSE,(Q=K=V)+,644,0.00325
REVERSE,(Q=K=V)+,645,0.00320
REVERSE,(Q=K=V)+,646,0.00321
REVERSE,(Q=K=V)+,647,0.00320
REVERSE,(Q=K=V)+,648,0.00318
REVERSE,(Q=K=V)+,649,0.00314
REVERSE,(Q=K=V)+,650,0.00319
REVERSE,(Q=K=V)+,651,0.00317
REVERSE,(Q=K=V)+,652,0.00318
REVERSE,(Q=K=V)+,653,0.00314
REVERSE,(Q=K=V)+,654,0.00320
REVERSE,(Q=K=V)+,655,0.00323
REVERSE,(Q=K=V)+,656,0.00316
REVERSE,(Q=K=V)+,657,0.00318
REVERSE,(Q=K=V)+,658,0.00316
REVERSE,(Q=K=V)+,659,0.00308
REVERSE,(Q=K=V)+,660,0.00311
REVERSE,(Q=K=V)+,661,0.00312
REVERSE,(Q=K=V)+,662,0.00312
REVERSE,(Q=K=V)+,663,0.00315
REVERSE,(Q=K=V)+,664,0.00317
REVERSE,(Q=K=V)+,665,0.00315
REVERSE,(Q=K=V)+,666,0.00314
REVERSE,(Q=K=V)+,667,0.00312
REVERSE,(Q=K=V)+,668,0.00327
REVERSE,(Q=K=V)+,669,0.00313
REVERSE,(Q=K=V)+,670,0.00307
REVERSE,(Q=K=V)+,671,0.00313
REVERSE,(Q=K=V)+,672,0.00308
REVERSE,(Q=K=V)+,673,0.00311
REVERSE,(Q=K=V)+,674,0.00320
REVERSE,(Q=K=V)+,675,0.00312
REVERSE,(Q=K=V)+,676,0.00316
REVERSE,(Q=K=V)+,677,0.00310
REVERSE,(Q=K=V)+,678,0.00312
REVERSE,(Q=K=V)+,679,0.00317
REVERSE,(Q=K=V)+,680,0.00321
REVERSE,(Q=K=V)+,681,0.00314
REVERSE,(Q=K=V)+,682,0.00307
REVERSE,(Q=K=V)+,683,0.00313
REVERSE,(Q=K=V)+,684,0.00314
REVERSE,(Q=K=V)+,685,0.00309
REVERSE,(Q=K=V)+,686,0.00308
REVERSE,(Q=K=V)+,687,0.00312
REVERSE,(Q=K=V)+,688,0.00315
REVERSE,(Q=K=V)+,689,0.00315
REVERSE,(Q=K=V)+,690,0.00303
REVERSE,(Q=K=V)+,691,0.00309
REVERSE,(Q=K=V)+,692,0.00314
REVERSE,(Q=K=V)+,693,0.00313
REVERSE,(Q=K=V)+,694,0.00311
REVERSE,(Q=K=V)+,695,0.00310
REVERSE,(Q=K=V)+,696,0.00314
REVERSE,(Q=K=V)+,697,0.00308
REVERSE,(Q=K=V)+,698,0.00306
REVERSE,(Q=K=V)+,699,0.00310
REVERSE,(Q=K=V)+,700,0.00308
REVERSE,(Q=K=V)+,701,0.00311
REVERSE,(Q=K=V)+,702,0.00312
REVERSE,(Q=K=V)+,703,0.00315
REVERSE,(Q=K=V)+,704,0.00307
REVERSE,(Q=K=V)+,705,0.00310
REVERSE,(Q=K=V)+,706,0.00303
REVERSE,(Q=K=V)+,707,0.00305
REVERSE,(Q=K=V)+,708,0.00313
REVERSE,(Q=K=V)+,709,0.00319
REVERSE,(Q=K=V)+,710,0.00309
REVERSE,(Q=K=V)+,711,0.00303
REVERSE,(Q=K=V)+,712,0.00305
REVERSE,(Q=K=V)+,713,0.00303
REVERSE,(Q=K=V)+,714,0.00304
REVERSE,(Q=K=V)+,715,0.00305
REVERSE,(Q=K=V)+,716,0.00314
REVERSE,(Q=K=V)+,717,0.00312
REVERSE,(Q=K=V)+,718,0.00307
REVERSE,(Q=K=V)+,719,0.00307
REVERSE,(Q=K=V)+,720,0.00313
REVERSE,(Q=K=V)+,721,0.00305
REVERSE,(Q=K=V)+,722,0.00298
REVERSE,(Q=K=V)+,723,0.00306
REVERSE,(Q=K=V)+,724,0.00307
REVERSE,(Q=K=V)+,725,0.00306
REVERSE,(Q=K=V)+,726,0.00307
REVERSE,(Q=K=V)+,727,0.00303
REVERSE,(Q=K=V)+,728,0.00308
REVERSE,(Q=K=V)+,729,0.00299
REVERSE,(Q=K=V)+,730,0.00311
REVERSE,(Q=K=V)+,731,0.00306
REVERSE,(Q=K=V)+,732,0.00308
REVERSE,(Q=K=V)+,733,0.00306
REVERSE,(Q=K=V)+,734,0.00308
REVERSE,(Q=K=V)+,735,0.00303
REVERSE,(Q=K=V)+,736,0.00304
REVERSE,(Q=K=V)+,737,0.00304
REVERSE,(Q=K=V)+,738,0.00298
REVERSE,(Q=K=V)+,739,0.00306
REVERSE,(Q=K=V)+,740,0.00301
REVERSE,(Q=K=V)+,741,0.00307
REVERSE,(Q=K=V)+,742,0.00308
REVERSE,(Q=K=V)+,743,0.00302
REVERSE,(Q=K=V)+,744,0.00304
REVERSE,(Q=K=V)+,745,0.00309
REVERSE,(Q=K=V)+,746,0.00307
REVERSE,(Q=K=V)+,747,0.00305
REVERSE,(Q=K=V)+,748,0.00304
REVERSE,(Q=K=V)+,749,0.00312
REVERSE,(Q=K=V)+,750,0.00304
REVERSE,(Q=K=V)+,751,0.00307
REVERSE,(Q=K=V)+,752,0.00303
REVERSE,(Q=K=V)+,753,0.00309
REVERSE,(Q=K=V)+,754,0.00301
REVERSE,(Q=K=V)+,755,0.00308
REVERSE,(Q=K=V)+,756,0.00307
REVERSE,(Q=K=V)+,757,0.00311
REVERSE,(Q=K=V)+,758,0.00303
REVERSE,(Q=K=V)+,759,0.00298
REVERSE,(Q=K=V)+,760,0.00304
REVERSE,(Q=K=V)+,761,0.00303
REVERSE,(Q=K=V)+,762,0.00309
REVERSE,(Q=K=V)+,763,0.00309
REVERSE,(Q=K=V)+,764,0.00306
REVERSE,(Q=K=V)+,765,0.00306
REVERSE,(Q=K=V)+,766,0.00312
REVERSE,(Q=K=V)+,767,0.00306
REVERSE,(Q=K=V)+,768,0.00304
REVERSE,(Q=K=V)+,769,0.00307
REVERSE,(Q=K=V)+,770,0.00304
REVERSE,(Q=K=V)+,771,0.00303
REVERSE,(Q=K=V)+,772,0.00306
REVERSE,(Q=K=V)+,773,0.00310
REVERSE,(Q=K=V)+,774,0.00301
REVERSE,(Q=K=V)+,775,0.00309
REVERSE,(Q=K=V)+,776,0.00308
REVERSE,(Q=K=V)+,777,0.00306
REVERSE,(Q=K=V)+,778,0.00310
REVERSE,(Q=K=V)+,779,0.00307
REVERSE,(Q=K=V)+,780,0.00305
REVERSE,(Q=K=V)+,781,0.00309
REVERSE,(Q=K=V)+,782,0.00320
REVERSE,(Q=K=V)+,783,0.00303
REVERSE,(Q=K=V)+,784,0.00307
REVERSE,(Q=K=V)+,785,0.00302
REVERSE,(Q=K=V)+,786,0.00302
REVERSE,(Q=K=V)+,787,0.00314
REVERSE,(Q=K=V)+,788,0.00305
REVERSE,(Q=K=V)+,789,0.00308
SORT,QKV,0,2.41450
SORT,QKV,1,2.41238
SORT,QKV,2,2.41010
SORT,QKV,3,2.40075
SORT,QKV,4,2.38753
SORT,QKV,5,2.37869
SORT,QKV,6,2.36627
SORT,QKV,7,2.34918
SORT,QKV,8,2.33199
SORT,QKV,9,2.30787
SORT,QKV,10,2.28498
SORT,QKV,11,2.26673
SORT,QKV,12,2.23943
SORT,QKV,13,2.21322
SORT,QKV,14,2.18909
SORT,QKV,15,2.15990
SORT,QKV,16,2.12151
SORT,QKV,17,2.08733
SORT,QKV,18,2.06231
SORT,QKV,19,2.01579
SORT,QKV,20,1.98860
SORT,QKV,21,1.94226
SORT,QKV,22,1.89757
SORT,QKV,23,1.86231
SORT,QKV,24,1.81511
SORT,QKV,25,1.77375
SORT,QKV,26,1.71722
SORT,QKV,27,1.67574
SORT,QKV,28,1.61482
SORT,QKV,29,1.57247
SORT,QKV,30,1.53712
SORT,QKV,31,1.48159
SORT,QKV,32,1.41486
SORT,QKV,33,1.37699
SORT,QKV,34,1.31988
SORT,QKV,35,1.28091
SORT,QKV,36,1.24194
SORT,QKV,37,1.21014
SORT,QKV,38,1.15987
SORT,QKV,39,1.13433
SORT,QKV,40,1.10231
SORT,QKV,41,1.06669
SORT,QKV,42,1.03903
SORT,QKV,43,1.01086
SORT,QKV,44,1.01023
SORT,QKV,45,0.98055
SORT,QKV,46,0.93101
SORT,QKV,47,0.94462
SORT,QKV,48,0.94038
SORT,QKV,49,0.92389
SORT,QKV,50,0.91215
SORT,QKV,51,0.89643
SORT,QKV,52,0.89702
SORT,QKV,53,0.87356
SORT,QKV,54,0.87677
SORT,QKV,55,0.86169
SORT,QKV,56,0.85940
SORT,QKV,57,0.86867
SORT,QKV,58,0.84918
SORT,QKV,59,0.88733
SORT,QKV,60,0.84438
SORT,QKV,61,0.84329
SORT,QKV,62,0.83623
SORT,QKV,63,0.85467
SORT,QKV,64,0.85429
SORT,QKV,65,0.81294
SORT,QKV,66,0.83829
SORT,QKV,67,0.82090
SORT,QKV,68,0.80419
SORT,QKV,69,0.82597
SORT,QKV,70,0.83500
SORT,QKV,71,0.82798
SORT,QKV,72,0.83730
SORT,QKV,73,0.82948
SORT,QKV,74,0.81740
SORT,QKV,75,0.82681
SORT,QKV,76,0.83391
SORT,QKV,77,0.79773
SORT,QKV,78,0.82455
SORT,QKV,79,0.80786
SORT,QKV,80,0.82639
SORT,QKV,81,0.79002
SORT,QKV,82,0.83287
SORT,QKV,83,0.79505
SORT,QKV,84,0.80760
SORT,QKV,85,0.80969
SORT,QKV,86,0.81442
SORT,QKV,87,0.79926
SORT,QKV,88,0.81687
SORT,QKV,89,0.77233
SORT,QKV,90,0.79520
SORT,QKV,91,0.79365
SORT,QKV,92,0.79468
SORT,QKV,93,0.79038
SORT,QKV,94,0.81047
SORT,QKV,95,0.77579
SORT,QKV,96,0.80536
SORT,QKV,97,0.76477
SORT,QKV,98,0.78957
SORT,QKV,99,0.75735
SORT,QKV,100,0.77713
SORT,QKV,101,0.76685
SORT,QKV,102,0.76574
SORT,QKV,103,0.74913
SORT,QKV,104,0.71808
SORT,QKV,105,0.72492
SORT,QKV,106,0.74060
SORT,QKV,107,0.73256
SORT,QKV,108,0.73007
SORT,QKV,109,0.73312
SORT,QKV,110,0.72863
SORT,QKV,111,0.73578
SORT,QKV,112,0.70897
SORT,QKV,113,0.72638
SORT,QKV,114,0.69913
SORT,QKV,115,0.69184
SORT,QKV,116,0.70694
SORT,QKV,117,0.69475
SORT,QKV,118,0.68733
SORT,QKV,119,0.69815
SORT,QKV,120,0.68998
SORT,QKV,121,0.67865
SORT,QKV,122,0.66080
SORT,QKV,123,0.67743
SORT,QKV,124,0.67857
SORT,QKV,125,0.66262
SORT,QKV,126,0.64132
SORT,QKV,127,0.67059
SORT,QKV,128,0.65820
SORT,QKV,129,0.65910
SORT,QKV,130,0.62431
SORT,QKV,131,0.64973
SORT,QKV,132,0.61620
SORT,QKV,133,0.63353
SORT,QKV,134,0.60814
SORT,QKV,135,0.60976
SORT,QKV,136,0.60423
SORT,QKV,137,0.60929
SORT,QKV,138,0.60198
SORT,QKV,139,0.60039
SORT,QKV,140,0.60154
SORT,QKV,141,0.59957
SORT,QKV,142,0.56883
SORT,QKV,143,0.57322
SORT,QKV,144,0.58809
SORT,QKV,145,0.57468
SORT,QKV,146,0.56388
SORT,QKV,147,0.57082
SORT,QKV,148,0.56364
SORT,QKV,149,0.57250
SORT,QKV,150,0.56500
SORT,QKV,151,0.55397
SORT,QKV,152,0.55108
SORT,QKV,153,0.57298
SORT,QKV,154,0.54274
SORT,QKV,155,0.54001
SORT,QKV,156,0.54136
SORT,QKV,157,0.54284
SORT,QKV,158,0.53113
SORT,QKV,159,0.53609
SORT,QKV,160,0.53056
SORT,QKV,161,0.52560
SORT,QKV,162,0.52019
SORT,QKV,163,0.51563
SORT,QKV,164,0.50397
SORT,QKV,165,0.51969
SORT,QKV,166,0.49243
SORT,QKV,167,0.51227
SORT,QKV,168,0.49459
SORT,QKV,169,0.49057
SORT,QKV,170,0.48493
SORT,QKV,171,0.47758
SORT,QKV,172,0.48351
SORT,QKV,173,0.46881
SORT,QKV,174,0.48480
SORT,QKV,175,0.48364
SORT,QKV,176,0.46440
SORT,QKV,177,0.47042
SORT,QKV,178,0.47240
SORT,QKV,179,0.46083
SORT,QKV,180,0.45437
SORT,QKV,181,0.46066
SORT,QKV,182,0.45406
SORT,QKV,183,0.44527
SORT,QKV,184,0.46197
SORT,QKV,185,0.44519
SORT,QKV,186,0.45346
SORT,QKV,187,0.45215
SORT,QKV,188,0.43113
SORT,QKV,189,0.44746
SORT,QKV,190,0.44173
SORT,QKV,191,0.43089
SORT,QKV,192,0.43043
SORT,QKV,193,0.42886
SORT,QKV,194,0.43713
SORT,QKV,195,0.42819
SORT,QKV,196,0.41879
SORT,QKV,197,0.41427
SORT,QKV,198,0.42339
SORT,QKV,199,0.41207
SORT,QKV,200,0.41490
SORT,QKV,201,0.40764
SORT,QKV,202,0.41159
SORT,QKV,203,0.40747
SORT,QKV,204,0.40047
SORT,QKV,205,0.40861
SORT,QKV,206,0.40572
SORT,QKV,207,0.39891
SORT,QKV,208,0.40791
SORT,QKV,209,0.38836
SORT,QKV,210,0.40602
SORT,QKV,211,0.40175
SORT,QKV,212,0.38605
SORT,QKV,213,0.40070
SORT,QKV,214,0.39557
SORT,QKV,215,0.39496
SORT,QKV,216,0.38530
SORT,QKV,217,0.39588
SORT,QKV,218,0.39987
SORT,QKV,219,0.38753
SORT,QKV,220,0.38133
SORT,QKV,221,0.38988
SORT,QKV,222,0.38675
SORT,QKV,223,0.38837
SORT,QKV,224,0.38269
SORT,QKV,225,0.37797
SORT,QKV,226,0.37814
SORT,QKV,227,0.37914
SORT,QKV,228,0.37927
SORT,QKV,229,0.37669
SORT,QKV,230,0.37373
SORT,QKV,231,0.36739
SORT,QKV,232,0.38094
SORT,QKV,233,0.36867
SORT,QKV,234,0.37046
SORT,QKV,235,0.36751
SORT,QKV,236,0.35795
SORT,QKV,237,0.37823
SORT,QKV,238,0.36696
SORT,QKV,239,0.36000
SORT,QKV,240,0.36106
SORT,QKV,241,0.37183
SORT,QKV,242,0.36744
SORT,QKV,243,0.35796
SORT,QKV,244,0.36382
SORT,QKV,245,0.36193
SORT,QKV,246,0.36031
SORT,QKV,247,0.36830
SORT,QKV,248,0.36786
SORT,QKV,249,0.35733
SORT,QKV,250,0.36055
SORT,QKV,251,0.35743
SORT,QKV,252,0.35003
SORT,QKV,253,0.35056
SORT,QKV,254,0.35581
SORT,QKV,255,0.35034
SORT,QKV,256,0.35191
SORT,QKV,257,0.35674
SORT,QKV,258,0.34832
SORT,QKV,259,0.34915
SORT,QKV,260,0.34866
SORT,QKV,261,0.34372
SORT,QKV,262,0.34844
SORT,QKV,263,0.34511
SORT,QKV,264,0.33467
SORT,QKV,265,0.34027
SORT,QKV,266,0.33976
SORT,QKV,267,0.34273
SORT,QKV,268,0.33604
SORT,QKV,269,0.34169
SORT,QKV,270,0.33823
SORT,QKV,271,0.33861
SORT,QKV,272,0.33945
SORT,QKV,273,0.33174
SORT,QKV,274,0.34005
SORT,QKV,275,0.33295
SORT,QKV,276,0.33258
SORT,QKV,277,0.34191
SORT,QKV,278,0.33478
SORT,QKV,279,0.33458
SORT,QKV,280,0.33502
SORT,QKV,281,0.33348
SORT,QKV,282,0.32125
SORT,QKV,283,0.33171
SORT,QKV,284,0.33075
SORT,QKV,285,0.33220
SORT,QKV,286,0.32004
SORT,QKV,287,0.32657
SORT,QKV,288,0.33626
SORT,QKV,289,0.33292
SORT,QKV,290,0.32490
SORT,QKV,291,0.32683
SORT,QKV,292,0.31924
SORT,QKV,293,0.32941
SORT,QKV,294,0.32101
SORT,QKV,295,0.31497
SORT,QKV,296,0.32627
SORT,QKV,297,0.31935
SORT,QKV,298,0.32037
SORT,QKV,299,0.32178
SORT,QKV,300,0.32507
SORT,QKV,301,0.32595
SORT,QKV,302,0.31977
SORT,QKV,303,0.32140
SORT,QKV,304,0.31673
SORT,QKV,305,0.32114
SORT,QKV,306,0.32224
SORT,QKV,307,0.31213
SORT,QKV,308,0.32078
SORT,QKV,309,0.31503
SORT,QKV,310,0.31561
SORT,QKV,311,0.31841
SORT,QKV,312,0.30731
SORT,QKV,313,0.31819
SORT,QKV,314,0.30920
SORT,QKV,315,0.31691
SORT,QKV,316,0.31151
SORT,QKV,317,0.31625
SORT,QKV,318,0.32101
SORT,QKV,319,0.31827
SORT,QKV,320,0.30387
SORT,QKV,321,0.31196
SORT,QKV,322,0.30987
SORT,QKV,323,0.31134
SORT,QKV,324,0.30636
SORT,QKV,325,0.30920
SORT,QKV,326,0.30919
SORT,QKV,327,0.30608
SORT,QKV,328,0.30868
SORT,QKV,329,0.30660
SORT,QKV,330,0.30435
SORT,QKV,331,0.29440
SORT,QKV,332,0.30764
SORT,QKV,333,0.30521
SORT,QKV,334,0.29684
SORT,QKV,335,0.30675
SORT,QKV,336,0.30082
SORT,QKV,337,0.30629
SORT,QKV,338,0.30851
SORT,QKV,339,0.29884
SORT,QKV,340,0.29514
SORT,QKV,341,0.29757
SORT,QKV,342,0.29212
SORT,QKV,343,0.29482
SORT,QKV,344,0.29892
SORT,QKV,345,0.29959
SORT,QKV,346,0.29456
SORT,QKV,347,0.29872
SORT,QKV,348,0.28762
SORT,QKV,349,0.29380
SORT,QKV,350,0.28764
SORT,QKV,351,0.29649
SORT,QKV,352,0.29213
SORT,QKV,353,0.28928
SORT,QKV,354,0.29104
SORT,QKV,355,0.28969
SORT,QKV,356,0.30095
SORT,QKV,357,0.29318
SORT,QKV,358,0.28663
SORT,QKV,359,0.28806
SORT,QKV,360,0.28626
SORT,QKV,361,0.29000
SORT,QKV,362,0.29058
SORT,QKV,363,0.28211
SORT,QKV,364,0.28386
SORT,QKV,365,0.28016
SORT,QKV,366,0.28682
SORT,QKV,367,0.27925
SORT,QKV,368,0.28407
SORT,QKV,369,0.28142
SORT,QKV,370,0.28764
SORT,QKV,371,0.28864
SORT,QKV,372,0.27644
SORT,QKV,373,0.27973
SORT,QKV,374,0.28377
SORT,QKV,375,0.28080
SORT,QKV,376,0.28470
SORT,QKV,377,0.28166
SORT,QKV,378,0.28511
SORT,QKV,379,0.27216
SORT,QKV,380,0.28070
SORT,QKV,381,0.27966
SORT,QKV,382,0.27598
SORT,QKV,383,0.27415
SORT,QKV,384,0.27599
SORT,QKV,385,0.27658
SORT,QKV,386,0.27736
SORT,QKV,387,0.27423
SORT,QKV,388,0.27094
SORT,QKV,389,0.27390
SORT,QKV,390,0.27234
SORT,QKV,391,0.27686
SORT,QKV,392,0.27505
SORT,QKV,393,0.28212
SORT,QKV,394,0.26883
SORT,QKV,395,0.27258
SORT,QKV,396,0.27176
SORT,QKV,397,0.28032
SORT,QKV,398,0.27711
SORT,QKV,399,0.27487
SORT,QKV,400,0.27362
SORT,QKV,401,0.27497
SORT,QKV,402,0.27203
SORT,QKV,403,0.27592
SORT,QKV,404,0.26848
SORT,QKV,405,0.26892
SORT,QKV,406,0.25682
SORT,QKV,407,0.27286
SORT,QKV,408,0.27119
SORT,QKV,409,0.26729
SORT,QKV,410,0.26884
SORT,QKV,411,0.27042
SORT,QKV,412,0.26789
SORT,QKV,413,0.26468
SORT,QKV,414,0.26659
SORT,QKV,415,0.26512
SORT,QKV,416,0.26370
SORT,QKV,417,0.26213
SORT,QKV,418,0.26238
SORT,QKV,419,0.26632
SORT,QKV,420,0.25807
SORT,QKV,421,0.26305
SORT,QKV,422,0.26179
SORT,QKV,423,0.26333
SORT,QKV,424,0.26430
SORT,QKV,425,0.25401
SORT,QKV,426,0.26034
SORT,QKV,427,0.26076
SORT,QKV,428,0.25957
SORT,QKV,429,0.26222
SORT,QKV,430,0.25989
SORT,QKV,431,0.25800
SORT,QKV,432,0.25587
SORT,QKV,433,0.25882
SORT,QKV,434,0.26723
SORT,QKV,435,0.26169
SORT,QKV,436,0.25846
SORT,QKV,437,0.25545
SORT,QKV,438,0.26264
SORT,QKV,439,0.25701
SORT,QKV,440,0.26059
SORT,QKV,441,0.25113
SORT,QKV,442,0.26531
SORT,QKV,443,0.25397
SORT,QKV,444,0.26190
SORT,QKV,445,0.25853
SORT,QKV,446,0.26668
SORT,QKV,447,0.25529
SORT,QKV,448,0.24877
SORT,QKV,449,0.25275
SORT,QKV,450,0.25312
SORT,QKV,451,0.25713
SORT,QKV,452,0.25515
SORT,QKV,453,0.25150
SORT,QKV,454,0.25769
SORT,QKV,455,0.25526
SORT,QKV,456,0.25563
SORT,QKV,457,0.25593
SORT,QKV,458,0.25238
SORT,QKV,459,0.25027
SORT,QKV,460,0.25303
SORT,QKV,461,0.25512
SORT,QKV,462,0.25421
SORT,QKV,463,0.25165
SORT,QKV,464,0.25001
SORT,QKV,465,0.24831
SORT,QKV,466,0.25662
SORT,QKV,467,0.24655
SORT,QKV,468,0.25351
SORT,QKV,469,0.25425
SORT,QKV,470,0.25507
SORT,QKV,471,0.25824
SORT,QKV,472,0.24514
SORT,QKV,473,0.25910
SORT,QKV,474,0.24859
SORT,QKV,475,0.25489
SORT,QKV,476,0.24311
SORT,QKV,477,0.25448
SORT,QKV,478,0.25777
SORT,QKV,479,0.25796
SORT,QKV,480,0.24538
SORT,QKV,481,0.25289
SORT,QKV,482,0.23820
SORT,QKV,483,0.25226
SORT,QKV,484,0.25010
SORT,QKV,485,0.25165
SORT,QKV,486,0.24797
SORT,QKV,487,0.24868
SORT,QKV,488,0.25223
SORT,QKV,489,0.24269
SORT,QKV,490,0.25092
SORT,QKV,491,0.25332
SORT,QKV,492,0.24278
SORT,QKV,493,0.24277
SORT,QKV,494,0.24312
SORT,QKV,495,0.24668
SORT,QKV,496,0.25321
SORT,QKV,497,0.24730
SORT,QKV,498,0.24902
SORT,QKV,499,0.24730
SORT,QKV,500,0.24722
SORT,QKV,501,0.24802
SORT,QKV,502,0.25010
SORT,QKV,503,0.25094
SORT,QKV,504,0.24665
SORT,QKV,505,0.23863
SORT,QKV,506,0.24731
SORT,QKV,507,0.24187
SORT,QKV,508,0.24435
SORT,QKV,509,0.23838
SORT,QKV,510,0.24189
SORT,QKV,511,0.24791
SORT,QKV,512,0.24149
SORT,QKV,513,0.23648
SORT,QKV,514,0.24417
SORT,QKV,515,0.24316
SORT,QKV,516,0.24436
SORT,QKV,517,0.24283
SORT,QKV,518,0.24206
SORT,QKV,519,0.23925
SORT,QKV,520,0.24048
SORT,QKV,521,0.24334
SORT,QKV,522,0.24176
SORT,QKV,523,0.23498
SORT,QKV,524,0.24045
SORT,QKV,525,0.24296
SORT,QKV,526,0.23953
SORT,QKV,527,0.23878
SORT,QKV,528,0.23900
SORT,QKV,529,0.23738
SORT,QKV,530,0.24632
SORT,QKV,531,0.23883
SORT,QKV,532,0.24330
SORT,QKV,533,0.24151
SORT,QKV,534,0.24183
SORT,QKV,535,0.24191
SORT,QKV,536,0.23401
SORT,QKV,537,0.23958
SORT,QKV,538,0.24105
SORT,QKV,539,0.24378
SORT,QKV,540,0.24078
SORT,QKV,541,0.23485
SORT,QKV,542,0.24290
SORT,QKV,543,0.24114
SORT,QKV,544,0.23459
SORT,QKV,545,0.23731
SORT,QKV,546,0.23521
SORT,QKV,547,0.23128
SORT,QKV,548,0.24209
SORT,QKV,549,0.23832
SORT,QKV,550,0.23763
SORT,QKV,551,0.24089
SORT,QKV,552,0.23779
SORT,QKV,553,0.24213
SORT,QKV,554,0.24362
SORT,QKV,555,0.23920
SORT,QKV,556,0.23463
SORT,QKV,557,0.23765
SORT,QKV,558,0.23967
SORT,QKV,559,0.23481
SORT,QKV,560,0.23353
SORT,QKV,561,0.23469
SORT,QKV,562,0.23862
SORT,QKV,563,0.23296
SORT,QKV,564,0.23124
SORT,QKV,565,0.23311
SORT,QKV,566,0.24398
SORT,QKV,567,0.23571
SORT,QKV,568,0.23733
SORT,QKV,569,0.24061
SORT,QKV,570,0.23768
SORT,QKV,571,0.23994
SORT,QKV,572,0.23758
SORT,QKV,573,0.23049
SORT,QKV,574,0.23632
SORT,QKV,575,0.24351
SORT,QKV,576,0.23297
SORT,QKV,577,0.23011
SORT,QKV,578,0.23690
SORT,QKV,579,0.24309
SORT,QKV,580,0.23741
SORT,QKV,581,0.23302
SORT,QKV,582,0.23210
SORT,QKV,583,0.23684
SORT,QKV,584,0.22707
SORT,QKV,585,0.23041
SORT,QKV,586,0.23741
SORT,QKV,587,0.23329
SORT,QKV,588,0.23300
SORT,QKV,589,0.23229
SORT,QKV,590,0.23188
SORT,QKV,591,0.23213
SORT,QKV,592,0.23325
SORT,QKV,593,0.23329
SORT,QKV,594,0.23410
SORT,QKV,595,0.23343
SORT,QKV,596,0.23776
SORT,QKV,597,0.23546
SORT,QKV,598,0.23286
SORT,QKV,599,0.23789
SORT,QKV,600,0.22784
SORT,QKV,601,0.23450
SORT,QKV,602,0.23733
SORT,QKV,603,0.23689
SORT,QKV,604,0.23555
SORT,QKV,605,0.23336
SORT,QKV,606,0.23443
SORT,QKV,607,0.23221
SORT,QKV,608,0.22734
SORT,QKV,609,0.22992
SORT,QKV,610,0.23627
SORT,QKV,611,0.23120
SORT,QKV,612,0.22664
SORT,QKV,613,0.23184
SORT,QKV,614,0.23097
SORT,QKV,615,0.23434
SORT,QKV,616,0.23644
SORT,QKV,617,0.22994
SORT,QKV,618,0.23377
SORT,QKV,619,0.22606
SORT,QKV,620,0.22447
SORT,QKV,621,0.22785
SORT,QKV,622,0.22818
SORT,QKV,623,0.23313
SORT,QKV,624,0.23005
SORT,QKV,625,0.22660
SORT,QKV,626,0.23239
SORT,QKV,627,0.23034
SORT,QKV,628,0.23513
SORT,QKV,629,0.23150
SORT,QKV,630,0.22472
SORT,QKV,631,0.24831
SORT,QKV,632,0.22528
SORT,QKV,633,0.22700
SORT,QKV,634,0.23012
SORT,QKV,635,0.23466
SORT,QKV,636,0.22890
SORT,QKV,637,0.23168
SORT,QKV,638,0.22579
SORT,QKV,639,0.22822
SORT,QKV,640,0.23691
SORT,QKV,641,0.23008
SORT,QKV,642,0.23359
SORT,QKV,643,0.23024
SORT,QKV,644,0.23065
SORT,QKV,645,0.23087
SORT,QKV,646,0.22673
SORT,QKV,647,0.23280
SORT,QKV,648,0.23168
SORT,QKV,649,0.22977
SORT,QKV,650,0.22414
SORT,QKV,651,0.23075
SORT,QKV,652,0.23191
SORT,QKV,653,0.22482
SORT,QKV,654,0.22912
SORT,QKV,655,0.23071
SORT,QKV,656,0.22611
SORT,QKV,657,0.22881
SORT,QKV,658,0.22342
SORT,QKV,659,0.22873
SORT,QKV,660,0.23189
SORT,QKV,661,0.23041
SORT,QKV,662,0.22803
SORT,QKV,663,0.23091
SORT,QKV,664,0.23010
SORT,QKV,665,0.22420
SORT,QKV,666,0.22447
SORT,QKV,667,0.22837
SORT,QKV,668,0.22865
SORT,QKV,669,0.23351
SORT,QKV,670,0.22198
SORT,QKV,671,0.22493
SORT,QKV,672,0.22635
SORT,QKV,673,0.22501
SORT,QKV,674,0.22944
SORT,QKV,675,0.22656
SORT,QKV,676,0.23236
SORT,QKV,677,0.22992
SORT,QKV,678,0.22589
SORT,QKV,679,0.22695
SORT,QKV,680,0.23030
SORT,QKV,681,0.23320
SORT,QKV,682,0.22816
SORT,QKV,683,0.22294
SORT,QKV,684,0.23195
SORT,QKV,685,0.22673
SORT,QKV,686,0.23025
SORT,QKV,687,0.23092
SORT,QKV,688,0.22776
SORT,QKV,689,0.23080
SORT,QKV,690,0.23253
SORT,QKV,691,0.23240
SORT,QKV,692,0.22695
SORT,QKV,693,0.22359
SORT,QKV,694,0.23201
SORT,QKV,695,0.23014
SORT,QKV,696,0.23039
SORT,QKV,697,0.23265
SORT,QKV,698,0.22470
SORT,QKV,699,0.22457
SORT,QKV,700,0.22615
SORT,QKV,701,0.23296
SORT,QKV,702,0.22543
SORT,QKV,703,0.22595
SORT,QKV,704,0.22706
SORT,QKV,705,0.23077
SORT,QKV,706,0.22531
SORT,QKV,707,0.22680
SORT,QKV,708,0.22998
SORT,QKV,709,0.22158
SORT,QKV,710,0.23214
SORT,QKV,711,0.22528
SORT,QKV,712,0.22294
SORT,QKV,713,0.22353
SORT,QKV,714,0.22775
SORT,QKV,715,0.22086
SORT,QKV,716,0.22423
SORT,QKV,717,0.22964
SORT,QKV,718,0.23291
SORT,QKV,719,0.22251
SORT,QKV,720,0.23087
SORT,QKV,721,0.22722
SORT,QKV,722,0.21965
SORT,QKV,723,0.22528
SORT,QKV,724,0.23042
SORT,QKV,725,0.22908
SORT,QKV,726,0.23219
SORT,QKV,727,0.22682
SORT,QKV,728,0.22812
SORT,QKV,729,0.21719
SORT,QKV,730,0.22648
SORT,QKV,731,0.22742
SORT,QKV,732,0.23013
SORT,QKV,733,0.22175
SORT,QKV,734,0.22272
SORT,QKV,735,0.23322
SORT,QKV,736,0.22702
SORT,QKV,737,0.23237
SORT,QKV,738,0.21866
SORT,QKV,739,0.22985
SORT,QKV,740,0.22424
SORT,QKV,741,0.22759
SORT,QKV,742,0.22447
SORT,QKV,743,0.22501
SORT,QKV,744,0.23108
SORT,QKV,745,0.22504
SORT,QKV,746,0.22629
SORT,QKV,747,0.22325
SORT,QKV,748,0.22653
SORT,QKV,749,0.23175
SORT,QKV,750,0.22721
SORT,QKV,751,0.22723
SORT,QKV,752,0.23109
SORT,QKV,753,0.23012
SORT,QKV,754,0.22438
SORT,QKV,755,0.22427
SORT,QKV,756,0.22220
SORT,QKV,757,0.22929
SORT,QKV,758,0.23469
SORT,QKV,759,0.21963
SORT,QKV,760,0.23022
SORT,QKV,761,0.22754
SORT,QKV,762,0.22704
SORT,QKV,763,0.22906
SORT,QKV,764,0.22962
SORT,QKV,765,0.22617
SORT,QKV,766,0.22535
SORT,QKV,767,0.22450
SORT,QKV,768,0.22217
SORT,QKV,769,0.22780
SORT,QKV,770,0.22981
SORT,QKV,771,0.22743
SORT,QKV,772,0.23016
SORT,QKV,773,0.23056
SORT,QKV,774,0.22522
SORT,QKV,775,0.23279
SORT,QKV,776,0.22387
SORT,QKV,777,0.23290
SORT,QKV,778,0.22537
SORT,QKV,779,0.23324
SORT,QKV,780,0.22392
SORT,QKV,781,0.22806
SORT,QKV,782,0.22698
SORT,QKV,783,0.22665
SORT,QKV,784,0.23142
SORT,QKV,785,0.22123
SORT,QKV,786,0.22372
SORT,QKV,787,0.22204
SORT,QKV,788,0.22339
SORT,QKV,789,0.21703
SORT,Q=K!=V,0,2.46171
SORT,Q=K!=V,1,2.45725
SORT,Q=K!=V,2,2.45580
SORT,Q=K!=V,3,2.44575
SORT,Q=K!=V,4,2.43825
SORT,Q=K!=V,5,2.42635
SORT,Q=K!=V,6,2.41008
SORT,Q=K!=V,7,2.39703
SORT,Q=K!=V,8,2.37255
SORT,Q=K!=V,9,2.34791
SORT,Q=K!=V,10,2.32383
SORT,Q=K!=V,11,2.30345
SORT,Q=K!=V,12,2.27020
SORT,Q=K!=V,13,2.24237
SORT,Q=K!=V,14,2.21458
SORT,Q=K!=V,15,2.18635
SORT,Q=K!=V,16,2.14838
SORT,Q=K!=V,17,2.11230
SORT,Q=K!=V,18,2.08147
SORT,Q=K!=V,19,2.03443
SORT,Q=K!=V,20,1.99798
SORT,Q=K!=V,21,1.94926
SORT,Q=K!=V,22,1.90378
SORT,Q=K!=V,23,1.86639
SORT,Q=K!=V,24,1.81592
SORT,Q=K!=V,25,1.77098
SORT,Q=K!=V,26,1.71288
SORT,Q=K!=V,27,1.66725
SORT,Q=K!=V,28,1.60431
SORT,Q=K!=V,29,1.56348
SORT,Q=K!=V,30,1.52340
SORT,Q=K!=V,31,1.47056
SORT,Q=K!=V,32,1.40196
SORT,Q=K!=V,33,1.36775
SORT,Q=K!=V,34,1.31079
SORT,Q=K!=V,35,1.26867
SORT,Q=K!=V,36,1.23485
SORT,Q=K!=V,37,1.20463
SORT,Q=K!=V,38,1.15343
SORT,Q=K!=V,39,1.12699
SORT,Q=K!=V,40,1.09747
SORT,Q=K!=V,41,1.06454
SORT,Q=K!=V,42,1.04228
SORT,Q=K!=V,43,1.01038
SORT,Q=K!=V,44,1.01060
SORT,Q=K!=V,45,0.98255
SORT,Q=K!=V,46,0.93137
SORT,Q=K!=V,47,0.94565
SORT,Q=K!=V,48,0.94244
SORT,Q=K!=V,49,0.92478
SORT,Q=K!=V,50,0.90983
SORT,Q=K!=V,51,0.89881
SORT,Q=K!=V,52,0.90110
SORT,Q=K!=V,53,0.87566
SORT,Q=K!=V,54,0.87790
SORT,Q=K!=V,55,0.86371
SORT,Q=K!=V,56,0.86056
SORT,Q=K!=V,57,0.86999
SORT,Q=K!=V,58,0.85019
SORT,Q=K!=V,59,0.89029
SORT,Q=K!=V,60,0.84514
SORT,Q=K!=V,61,0.84196
SORT,Q=K!=V,62,0.83739
SORT,Q=K!=V,63,0.85680
SORT,Q=K!=V,64,0.85684
SORT,Q=K!=V,65,0.81540
SORT,Q=K!=V,66,0.83809
SORT,Q=K!=V,67,0.82248
SORT,Q=K!=V,68,0.80677
SORT,Q=K!=V,69,0.82789
SORT,Q=K!=V,70,0.83762
SORT,Q=K!=V,71,0.83101
SORT,Q=K!=V,72,0.83986
SORT,Q=K!=V,73,0.83224
SORT,Q=K!=V,74,0.82002
SORT,Q=K!=V,75,0.83028
SORT,Q=K!=V,76,0.83837
SORT,Q=K!=V,77,0.80025
SORT,Q=K!=V,78,0.82867
SORT,Q=K!=V,79,0.80662
SORT,Q=K!=V,80,0.82827
SORT,Q=K!=V,81,0.79454
SORT,Q=K!=V,82,0.83778
SORT,Q=K!=V,83,0.79683
SORT,Q=K!=V,84,0.81242
SORT,Q=K!=V,85,0.81621
SORT,Q=K!=V,86,0.82186
SORT,Q=K!=V,87,0.80698
SORT,Q=K!=V,88,0.82352
SORT,Q=K!=V,89,0.77992
SORT,Q=K!=V,90,0.80494
SORT,Q=K!=V,91,0.80183
SORT,Q=K!=V,92,0.80525
SORT,Q=K!=V,93,0.80158
SORT,Q=K!=V,94,0.82170
SORT,Q=K!=V,95,0.78916
SORT,Q=K!=V,96,0.82125
SORT,Q=K!=V,97,0.77793
SORT,Q=K!=V,98,0.80811
SORT,Q=K!=V,99,0.77248
SORT,Q=K!=V,100,0.79804
SORT,Q=K!=V,101,0.79071
SORT,Q=K!=V,102,0.78797
SORT,Q=K!=V,103,0.77270
SORT,Q=K!=V,104,0.75244
SORT,Q=K!=V,105,0.75222
SORT,Q=K!=V,106,0.77900
SORT,Q=K!=V,107,0.76610
SORT,Q=K!=V,108,0.76683
SORT,Q=K!=V,109,0.76614
SORT,Q=K!=V,110,0.77252
SORT,Q=K!=V,111,0.77376
SORT,Q=K!=V,112,0.74299
SORT,Q=K!=V,113,0.76217
SORT,Q=K!=V,114,0.74282
SORT,Q=K!=V,115,0.73648
SORT,Q=K!=V,116,0.75247
SORT,Q=K!=V,117,0.73567
SORT,Q=K!=V,118,0.73637
SORT,Q=K!=V,119,0.73961
SORT,Q=K!=V,120,0.74229
SORT,Q=K!=V,121,0.72593
SORT,Q=K!=V,122,0.70883
SORT,Q=K!=V,123,0.72267
SORT,Q=K!=V,124,0.72891
SORT,Q=K!=V,125,0.70488
SORT,Q=K!=V,126,0.69551
SORT,Q=K!=V,127,0.71726
SORT,Q=K!=V,128,0.70273
SORT,Q=K!=V,129,0.70526
SORT,Q=K!=V,130,0.68311
SORT,Q=K!=V,131,0.69734
SORT,Q=K!=V,132,0.66354
SORT,Q=K!=V,133,0.68148
SORT,Q=K!=V,134,0.65893
SORT,Q=K!=V,135,0.66625
SORT,Q=K!=V,136,0.64712
SORT,Q=K!=V,137,0.65771
SORT,Q=K!=V,138,0.65477
SORT,Q=K!=V,139,0.65095
SORT,Q=K!=V,140,0.65895
SORT,Q=K!=V,141,0.64782
SORT,Q=K!=V,142,0.61211
SORT,Q=K!=V,143,0.62482
SORT,Q=K!=V,144,0.63897
SORT,Q=K!=V,145,0.61719
SORT,Q=K!=V,146,0.61124
SORT,Q=K!=V,147,0.62027
SORT,Q=K!=V,148,0.60869
SORT,Q=K!=V,149,0.61231
SORT,Q=K!=V,150,0.59706
SORT,Q=K!=V,151,0.59378
SORT,Q=K!=V,152,0.59150
SORT,Q=K!=V,153,0.60652
SORT,Q=K!=V,154,0.59068
SORT,Q=K!=V,155,0.57163
SORT,Q=K!=V,156,0.56690
SORT,Q=K!=V,157,0.56925
SORT,Q=K!=V,158,0.58610
SORT,Q=K!=V,159,0.59117
SORT,Q=K!=V,160,0.57848
SORT,Q=K!=V,161,0.57971
SORT,Q=K!=V,162,0.57468
SORT,Q=K!=V,163,0.55672
SORT,Q=K!=V,164,0.56290
SORT,Q=K!=V,165,0.56804
SORT,Q=K!=V,166,0.53690
SORT,Q=K!=V,167,0.56563
SORT,Q=K!=V,168,0.54732
SORT,Q=K!=V,169,0.52758
SORT,Q=K!=V,170,0.53114
SORT,Q=K!=V,171,0.51987
SORT,Q=K!=V,172,0.53130
SORT,Q=K!=V,173,0.51584
SORT,Q=K!=V,174,0.52625
SORT,Q=K!=V,175,0.52831
SORT,Q=K!=V,176,0.49011
SORT,Q=K!=V,177,0.53230
SORT,Q=K!=V,178,0.50272
SORT,Q=K!=V,179,0.50129
SORT,Q=K!=V,180,0.49597
SORT,Q=K!=V,181,0.49642
SORT,Q=K!=V,182,0.48990
SORT,Q=K!=V,183,0.48364
SORT,Q=K!=V,184,0.48671
SORT,Q=K!=V,185,0.48885
SORT,Q=K!=V,186,0.48924
SORT,Q=K!=V,187,0.47954
SORT,Q=K!=V,188,0.46965
SORT,Q=K!=V,189,0.47555
SORT,Q=K!=V,190,0.47651
SORT,Q=K!=V,191,0.46042
SORT,Q=K!=V,192,0.46281
SORT,Q=K!=V,193,0.46645
SORT,Q=K!=V,194,0.47218
SORT,Q=K!=V,195,0.46714
SORT,Q=K!=V,196,0.45273
SORT,Q=K!=V,197,0.45541
SORT,Q=K!=V,198,0.45509
SORT,Q=K!=V,199,0.45060
SORT,Q=K!=V,200,0.45197
SORT,Q=K!=V,201,0.44541
SORT,Q=K!=V,202,0.44377
SORT,Q=K!=V,203,0.44298
SORT,Q=K!=V,204,0.43519
SORT,Q=K!=V,205,0.44035
SORT,Q=K!=V,206,0.44218
SORT,Q=K!=V,207,0.43422
SORT,Q=K!=V,208,0.43989
SORT,Q=K!=V,209,0.42444
SORT,Q=K!=V,210,0.43758
SORT,Q=K!=V,211,0.42431
SORT,Q=K!=V,212,0.42060
SORT,Q=K!=V,213,0.42483
SORT,Q=K!=V,214,0.42424
SORT,Q=K!=V,215,0.43499
SORT,Q=K!=V,216,0.41730
SORT,Q=K!=V,217,0.42743
SORT,Q=K!=V,218,0.42906
SORT,Q=K!=V,219,0.42386
SORT,Q=K!=V,220,0.41240
SORT,Q=K!=V,221,0.42621
SORT,Q=K!=V,222,0.42960
SORT,Q=K!=V,223,0.42770
SORT,Q=K!=V,224,0.41182
SORT,Q=K!=V,225,0.41319
SORT,Q=K!=V,226,0.42652
SORT,Q=K!=V,227,0.41327
SORT,Q=K!=V,228,0.42256
SORT,Q=K!=V,229,0.41199
SORT,Q=K!=V,230,0.43152
SORT,Q=K!=V,231,0.40468
SORT,Q=K!=V,232,0.44331
SORT,Q=K!=V,233,0.42592
SORT,Q=K!=V,234,0.41143
SORT,Q=K!=V,235,0.41066
SORT,Q=K!=V,236,0.39931
SORT,Q=K!=V,237,0.40604
SORT,Q=K!=V,238,0.41030
SORT,Q=K!=V,239,0.39925
SORT,Q=K!=V,240,0.40471
SORT,Q=K!=V,241,0.40637
SORT,Q=K!=V,242,0.39904
SORT,Q=K!=V,243,0.39720
SORT,Q=K!=V,244,0.40069
SORT,Q=K!=V,245,0.40246
SORT,Q=K!=V,246,0.39123
SORT,Q=K!=V,247,0.40653
SORT,Q=K!=V,248,0.40601
SORT,Q=K!=V,249,0.39309
SORT,Q=K!=V,250,0.39809
SORT,Q=K!=V,251,0.39775
SORT,Q=K!=V,252,0.37600
SORT,Q=K!=V,253,0.37931
SORT,Q=K!=V,254,0.39336
SORT,Q=K!=V,255,0.38124
SORT,Q=K!=V,256,0.37792
SORT,Q=K!=V,257,0.37657
SORT,Q=K!=V,258,0.38334
SORT,Q=K!=V,259,0.37566
SORT,Q=K!=V,260,0.37240
SORT,Q=K!=V,261,0.36688
SORT,Q=K!=V,262,0.38020
SORT,Q=K!=V,263,0.37317
SORT,Q=K!=V,264,0.36780
SORT,Q=K!=V,265,0.36975
SORT,Q=K!=V,266,0.36551
SORT,Q=K!=V,267,0.37530
SORT,Q=K!=V,268,0.36431
SORT,Q=K!=V,269,0.36241
SORT,Q=K!=V,270,0.36833
SORT,Q=K!=V,271,0.37015
SORT,Q=K!=V,272,0.36902
SORT,Q=K!=V,273,0.36692
SORT,Q=K!=V,274,0.36922
SORT,Q=K!=V,275,0.36708
SORT,Q=K!=V,276,0.36548
SORT,Q=K!=V,277,0.36661
SORT,Q=K!=V,278,0.36609
SORT,Q=K!=V,279,0.35782
SORT,Q=K!=V,280,0.36583
SORT,Q=K!=V,281,0.36542
SORT,Q=K!=V,282,0.34844
SORT,Q=K!=V,283,0.36073
SORT,Q=K!=V,284,0.35471
SORT,Q=K!=V,285,0.36110
SORT,Q=K!=V,286,0.35019
SORT,Q=K!=V,287,0.35077
SORT,Q=K!=V,288,0.36590
SORT,Q=K!=V,289,0.35916
SORT,Q=K!=V,290,0.34731
SORT,Q=K!=V,291,0.35475
SORT,Q=K!=V,292,0.35247
SORT,Q=K!=V,293,0.36107
SORT,Q=K!=V,294,0.34821
SORT,Q=K!=V,295,0.34855
SORT,Q=K!=V,296,0.35480
SORT,Q=K!=V,297,0.35414
SORT,Q=K!=V,298,0.34279
SORT,Q=K!=V,299,0.35761
SORT,Q=K!=V,300,0.35497
SORT,Q=K!=V,301,0.35031
SORT,Q=K!=V,302,0.34923
SORT,Q=K!=V,303,0.34293
SORT,Q=K!=V,304,0.34873
SORT,Q=K!=V,305,0.35103
SORT,Q=K!=V,306,0.34382
SORT,Q=K!=V,307,0.34406
SORT,Q=K!=V,308,0.34179
SORT,Q=K!=V,309,0.34977
SORT,Q=K!=V,310,0.34286
SORT,Q=K!=V,311,0.34832
SORT,Q=K!=V,312,0.34580
SORT,Q=K!=V,313,0.34231
SORT,Q=K!=V,314,0.34243
SORT,Q=K!=V,315,0.33515
SORT,Q=K!=V,316,0.34089
SORT,Q=K!=V,317,0.33904
SORT,Q=K!=V,318,0.34016
SORT,Q=K!=V,319,0.34435
SORT,Q=K!=V,320,0.32579
SORT,Q=K!=V,321,0.33606
SORT,Q=K!=V,322,0.33157
SORT,Q=K!=V,323,0.33157
SORT,Q=K!=V,324,0.33320
SORT,Q=K!=V,325,0.33789
SORT,Q=K!=V,326,0.33018
SORT,Q=K!=V,327,0.32959
SORT,Q=K!=V,328,0.33018
SORT,Q=K!=V,329,0.32925
SORT,Q=K!=V,330,0.32171
SORT,Q=K!=V,331,0.32204
SORT,Q=K!=V,332,0.33152
SORT,Q=K!=V,333,0.32383
SORT,Q=K!=V,334,0.32502
SORT,Q=K!=V,335,0.33407
SORT,Q=K!=V,336,0.33032
SORT,Q=K!=V,337,0.32926
SORT,Q=K!=V,338,0.33188
SORT,Q=K!=V,339,0.32654
SORT,Q=K!=V,340,0.32653
SORT,Q=K!=V,341,0.32737
SORT,Q=K!=V,342,0.32734
SORT,Q=K!=V,343,0.31363
SORT,Q=K!=V,344,0.33043
SORT,Q=K!=V,345,0.32923
SORT,Q=K!=V,346,0.32229
SORT,Q=K!=V,347,0.33029
SORT,Q=K!=V,348,0.31293
SORT,Q=K!=V,349,0.32386
SORT,Q=K!=V,350,0.31794
SORT,Q=K!=V,351,0.32414
SORT,Q=K!=V,352,0.31899
SORT,Q=K!=V,353,0.31595
SORT,Q=K!=V,354,0.32148
SORT,Q=K!=V,355,0.31900
SORT,Q=K!=V,356,0.33080
SORT,Q=K!=V,357,0.32121
SORT,Q=K!=V,358,0.31561
SORT,Q=K!=V,359,0.31764
SORT,Q=K!=V,360,0.31289
SORT,Q=K!=V,361,0.32045
SORT,Q=K!=V,362,0.31222
SORT,Q=K!=V,363,0.30792
SORT,Q=K!=V,364,0.30931
SORT,Q=K!=V,365,0.31487
SORT,Q=K!=V,366,0.31309
SORT,Q=K!=V,367,0.30819
SORT,Q=K!=V,368,0.31694
SORT,Q=K!=V,369,0.31230
SORT,Q=K!=V,370,0.32060
SORT,Q=K!=V,371,0.31210
SORT,Q=K!=V,372,0.30442
SORT,Q=K!=V,373,0.30946
SORT,Q=K!=V,374,0.31117
SORT,Q=K!=V,375,0.30958
SORT,Q=K!=V,376,0.31127
SORT,Q=K!=V,377,0.30438
SORT,Q=K!=V,378,0.31009
SORT,Q=K!=V,379,0.30229
SORT,Q=K!=V,380,0.30235
SORT,Q=K!=V,381,0.30629
SORT,Q=K!=V,382,0.30296
SORT,Q=K!=V,383,0.30401
SORT,Q=K!=V,384,0.30407
SORT,Q=K!=V,385,0.30702
SORT,Q=K!=V,386,0.30729
SORT,Q=K!=V,387,0.29973
SORT,Q=K!=V,388,0.30400
SORT,Q=K!=V,389,0.30042
SORT,Q=K!=V,390,0.30321
SORT,Q=K!=V,391,0.30746
SORT,Q=K!=V,392,0.30088
SORT,Q=K!=V,393,0.30966
SORT,Q=K!=V,394,0.30793
SORT,Q=K!=V,395,0.30461
SORT,Q=K!=V,396,0.30639
SORT,Q=K!=V,397,0.30974
SORT,Q=K!=V,398,0.30921
SORT,Q=K!=V,399,0.30250
SORT,Q=K!=V,400,0.30710
SORT,Q=K!=V,401,0.30040
SORT,Q=K!=V,402,0.30149
SORT,Q=K!=V,403,0.30363
SORT,Q=K!=V,404,0.30339
SORT,Q=K!=V,405,0.29508
SORT,Q=K!=V,406,0.28878
SORT,Q=K!=V,407,0.29933
SORT,Q=K!=V,408,0.29786
SORT,Q=K!=V,409,0.29917
SORT,Q=K!=V,410,0.29605
SORT,Q=K!=V,411,0.29978
SORT,Q=K!=V,412,0.29867
SORT,Q=K!=V,413,0.29553
SORT,Q=K!=V,414,0.29973
SORT,Q=K!=V,415,0.29893
SORT,Q=K!=V,416,0.29015
SORT,Q=K!=V,417,0.29618
SORT,Q=K!=V,418,0.29238
SORT,Q=K!=V,419,0.29739
SORT,Q=K!=V,420,0.29404
SORT,Q=K!=V,421,0.29170
SORT,Q=K!=V,422,0.29083
SORT,Q=K!=V,423,0.29339
SORT,Q=K!=V,424,0.29985
SORT,Q=K!=V,425,0.28849
SORT,Q=K!=V,426,0.29195
SORT,Q=K!=V,427,0.29846
SORT,Q=K!=V,428,0.29624
SORT,Q=K!=V,429,0.29051
SORT,Q=K!=V,430,0.28837
SORT,Q=K!=V,431,0.29210
SORT,Q=K!=V,432,0.29081
SORT,Q=K!=V,433,0.29170
SORT,Q=K!=V,434,0.29747
SORT,Q=K!=V,435,0.29389
SORT,Q=K!=V,436,0.28934
SORT,Q=K!=V,437,0.28847
SORT,Q=K!=V,438,0.29423
SORT,Q=K!=V,439,0.28969
SORT,Q=K!=V,440,0.29080
SORT,Q=K!=V,441,0.28481
SORT,Q=K!=V,442,0.29690
SORT,Q=K!=V,443,0.28443
SORT,Q=K!=V,444,0.29170
SORT,Q=K!=V,445,0.29050
SORT,Q=K!=V,446,0.30174
SORT,Q=K!=V,447,0.28582
SORT,Q=K!=V,448,0.28357
SORT,Q=K!=V,449,0.28570
SORT,Q=K!=V,450,0.28423
SORT,Q=K!=V,451,0.29040
SORT,Q=K!=V,452,0.29081
SORT,Q=K!=V,453,0.28102
SORT,Q=K!=V,454,0.29118
SORT,Q=K!=V,455,0.28156
SORT,Q=K!=V,456,0.29029
SORT,Q=K!=V,457,0.28542
SORT,Q=K!=V,458,0.28749
SORT,Q=K!=V,459,0.28006
SORT,Q=K!=V,460,0.28289
SORT,Q=K!=V,461,0.28870
SORT,Q=K!=V,462,0.28665
SORT,Q=K!=V,463,0.28563
SORT,Q=K!=V,464,0.27414
SORT,Q=K!=V,465,0.27848
SORT,Q=K!=V,466,0.28679
SORT,Q=K!=V,467,0.27507
SORT,Q=K!=V,468,0.28591
SORT,Q=K!=V,469,0.28632
SORT,Q=K!=V,470,0.28321
SORT,Q=K!=V,471,0.28486
SORT,Q=K!=V,472,0.27898
SORT,Q=K!=V,473,0.29380
SORT,Q=K!=V,474,0.27946
SORT,Q=K!=V,475,0.28690
SORT,Q=K!=V,476,0.27800
SORT,Q=K!=V,477,0.28340
SORT,Q=K!=V,478,0.28734
SORT,Q=K!=V,479,0.28611
SORT,Q=K!=V,480,0.27708
SORT,Q=K!=V,481,0.28185
SORT,Q=K!=V,482,0.27167
SORT,Q=K!=V,483,0.28451
SORT,Q=K!=V,484,0.27771
SORT,Q=K!=V,485,0.28161
SORT,Q=K!=V,486,0.28074
SORT,Q=K!=V,487,0.27639
SORT,Q=K!=V,488,0.28110
SORT,Q=K!=V,489,0.27041
SORT,Q=K!=V,490,0.27894
SORT,Q=K!=V,491,0.28359
SORT,Q=K!=V,492,0.27333
SORT,Q=K!=V,493,0.27360
SORT,Q=K!=V,494,0.27149
SORT,Q=K!=V,495,0.28063
SORT,Q=K!=V,496,0.27942
SORT,Q=K!=V,497,0.27713
SORT,Q=K!=V,498,0.28095
SORT,Q=K!=V,499,0.28011
SORT,Q=K!=V,500,0.27554
SORT,Q=K!=V,501,0.27937
SORT,Q=K!=V,502,0.27964
SORT,Q=K!=V,503,0.28293
SORT,Q=K!=V,504,0.27689
SORT,Q=K!=V,505,0.27599
SORT,Q=K!=V,506,0.27450
SORT,Q=K!=V,507,0.27131
SORT,Q=K!=V,508,0.27301
SORT,Q=K!=V,509,0.27214
SORT,Q=K!=V,510,0.27198
SORT,Q=K!=V,511,0.27978
SORT,Q=K!=V,512,0.27819
SORT,Q=K!=V,513,0.27157
SORT,Q=K!=V,514,0.27321
SORT,Q=K!=V,515,0.27699
SORT,Q=K!=V,516,0.27223
SORT,Q=K!=V,517,0.27295
SORT,Q=K!=V,518,0.27355
SORT,Q=K!=V,519,0.27301
SORT,Q=K!=V,520,0.27129
SORT,Q=K!=V,521,0.27340
SORT,Q=K!=V,522,0.27237
SORT,Q=K!=V,523,0.26384
SORT,Q=K!=V,524,0.27565
SORT,Q=K!=V,525,0.27322
SORT,Q=K!=V,526,0.26814
SORT,Q=K!=V,527,0.26944
SORT,Q=K!=V,528,0.27241
SORT,Q=K!=V,529,0.26758
SORT,Q=K!=V,530,0.27543
SORT,Q=K!=V,531,0.26511
SORT,Q=K!=V,532,0.27284
SORT,Q=K!=V,533,0.27160
SORT,Q=K!=V,534,0.26995
SORT,Q=K!=V,535,0.27241
SORT,Q=K!=V,536,0.26523
SORT,Q=K!=V,537,0.26866
SORT,Q=K!=V,538,0.27141
SORT,Q=K!=V,539,0.27613
SORT,Q=K!=V,540,0.26932
SORT,Q=K!=V,541,0.26542
SORT,Q=K!=V,542,0.27348
SORT,Q=K!=V,543,0.27307
SORT,Q=K!=V,544,0.25980
SORT,Q=K!=V,545,0.26557
SORT,Q=K!=V,546,0.26694
SORT,Q=K!=V,547,0.26386
SORT,Q=K!=V,548,0.26927
SORT,Q=K!=V,549,0.26847
SORT,Q=K!=V,550,0.27317
SORT,Q=K!=V,551,0.27192
SORT,Q=K!=V,552,0.26029
SORT,Q=K!=V,553,0.27432
SORT,Q=K!=V,554,0.27245
SORT,Q=K!=V,555,0.26622
SORT,Q=K!=V,556,0.26894
SORT,Q=K!=V,557,0.26761
SORT,Q=K!=V,558,0.27055
SORT,Q=K!=V,559,0.26307
SORT,Q=K!=V,560,0.26417
SORT,Q=K!=V,561,0.26230
SORT,Q=K!=V,562,0.26917
SORT,Q=K!=V,563,0.26359
SORT,Q=K!=V,564,0.25953
SORT,Q=K!=V,565,0.26114
SORT,Q=K!=V,566,0.27191
SORT,Q=K!=V,567,0.26695
SORT,Q=K!=V,568,0.26515
SORT,Q=K!=V,569,0.27059
SORT,Q=K!=V,570,0.26396
SORT,Q=K!=V,571,0.26882
SORT,Q=K!=V,572,0.26598
SORT,Q=K!=V,573,0.25985
SORT,Q=K!=V,574,0.26400
SORT,Q=K!=V,575,0.27373
SORT,Q=K!=V,576,0.26339
SORT,Q=K!=V,577,0.26178
SORT,Q=K!=V,578,0.26561
SORT,Q=K!=V,579,0.27271
SORT,Q=K!=V,580,0.26718
SORT,Q=K!=V,581,0.25991
SORT,Q=K!=V,582,0.26153
SORT,Q=K!=V,583,0.26360
SORT,Q=K!=V,584,0.25870
SORT,Q=K!=V,585,0.25736
SORT,Q=K!=V,586,0.26853
SORT,Q=K!=V,587,0.26073
SORT,Q=K!=V,588,0.26175
SORT,Q=K!=V,589,0.25851
SORT,Q=K!=V,590,0.26131
SORT,Q=K!=V,591,0.26372
SORT,Q=K!=V,592,0.25969
SORT,Q=K!=V,593,0.26281
SORT,Q=K!=V,594,0.26146
SORT,Q=K!=V,595,0.26266
SORT,Q=K!=V,596,0.26677
SORT,Q=K!=V,597,0.26769
SORT,Q=K!=V,598,0.25938
SORT,Q=K!=V,599,0.26414
SORT,Q=K!=V,600,0.25841
SORT,Q=K!=V,601,0.26250
SORT,Q=K!=V,602,0.26560
SORT,Q=K!=V,603,0.26463
SORT,Q=K!=V,604,0.26706
SORT,Q=K!=V,605,0.26363
SORT,Q=K!=V,606,0.26242
SORT,Q=K!=V,607,0.26268
SORT,Q=K!=V,608,0.26077
SORT,Q=K!=V,609,0.26133
SORT,Q=K!=V,610,0.26690
SORT,Q=K!=V,611,0.25901
SORT,Q=K!=V,612,0.25530
SORT,Q=K!=V,613,0.25995
SORT,Q=K!=V,614,0.25944
SORT,Q=K!=V,615,0.26425
SORT,Q=K!=V,616,0.26110
SORT,Q=K!=V,617,0.25698
SORT,Q=K!=V,618,0.26036
SORT,Q=K!=V,619,0.25532
SORT,Q=K!=V,620,0.25352
SORT,Q=K!=V,621,0.25695
SORT,Q=K!=V,622,0.25681
SORT,Q=K!=V,623,0.26170
SORT,Q=K!=V,624,0.26181
SORT,Q=K!=V,625,0.25502
SORT,Q=K!=V,626,0.26157
SORT,Q=K!=V,627,0.25905
SORT,Q=K!=V,628,0.26306
SORT,Q=K!=V,629,0.25499
SORT,Q=K!=V,630,0.25750
SORT,Q=K!=V,631,0.27262
SORT,Q=K!=V,632,0.25157
SORT,Q=K!=V,633,0.25654
SORT,Q=K!=V,634,0.25968
SORT,Q=K!=V,635,0.26398
SORT,Q=K!=V,636,0.25621
SORT,Q=K!=V,637,0.26089
SORT,Q=K!=V,638,0.25771
SORT,Q=K!=V,639,0.25662
SORT,Q=K!=V,640,0.25996
SORT,Q=K!=V,641,0.25861
SORT,Q=K!=V,642,0.26094
SORT,Q=K!=V,643,0.25628
SORT,Q=K!=V,644,0.26297
SORT,Q=K!=V,645,0.26083
SORT,Q=K!=V,646,0.25933
SORT,Q=K!=V,647,0.26010
SORT,Q=K!=V,648,0.26035
SORT,Q=K!=V,649,0.25833
SORT,Q=K!=V,650,0.25590
SORT,Q=K!=V,651,0.26077
SORT,Q=K!=V,652,0.25956
SORT,Q=K!=V,653,0.25639
SORT,Q=K!=V,654,0.26083
SORT,Q=K!=V,655,0.25672
SORT,Q=K!=V,656,0.25546
SORT,Q=K!=V,657,0.25586
SORT,Q=K!=V,658,0.25005
SORT,Q=K!=V,659,0.25781
SORT,Q=K!=V,660,0.26274
SORT,Q=K!=V,661,0.25697
SORT,Q=K!=V,662,0.25511
SORT,Q=K!=V,663,0.25693
SORT,Q=K!=V,664,0.25945
SORT,Q=K!=V,665,0.25456
SORT,Q=K!=V,666,0.25051
SORT,Q=K!=V,667,0.25395
SORT,Q=K!=V,668,0.26430
SORT,Q=K!=V,669,0.26196
SORT,Q=K!=V,670,0.25110
SORT,Q=K!=V,671,0.25420
SORT,Q=K!=V,672,0.25263
SORT,Q=K!=V,673,0.25291
SORT,Q=K!=V,674,0.25922
SORT,Q=K!=V,675,0.25389
SORT,Q=K!=V,676,0.25895
SORT,Q=K!=V,677,0.26062
SORT,Q=K!=V,678,0.25257
SORT,Q=K!=V,679,0.25791
SORT,Q=K!=V,680,0.26017
SORT,Q=K!=V,681,0.25965
SORT,Q=K!=V,682,0.25747
SORT,Q=K!=V,683,0.25481
SORT,Q=K!=V,684,0.26071
SORT,Q=K!=V,685,0.25606
SORT,Q=K!=V,686,0.25711
SORT,Q=K!=V,687,0.25971
SORT,Q=K!=V,688,0.25841
SORT,Q=K!=V,689,0.26038
SORT,Q=K!=V,690,0.25784
SORT,Q=K!=V,691,0.26097
SORT,Q=K!=V,692,0.25510
SORT,Q=K!=V,693,0.25119
SORT,Q=K!=V,694,0.25996
SORT,Q=K!=V,695,0.25975
SORT,Q=K!=V,696,0.25721
SORT,Q=K!=V,697,0.26143
SORT,Q=K!=V,698,0.25454
SORT,Q=K!=V,699,0.25222
SORT,Q=K!=V,700,0.25402
SORT,Q=K!=V,701,0.25831
SORT,Q=K!=V,702,0.25388
SORT,Q=K!=V,703,0.25654
SORT,Q=K!=V,704,0.26168
SORT,Q=K!=V,705,0.25873
SORT,Q=K!=V,706,0.25434
SORT,Q=K!=V,707,0.25712
SORT,Q=K!=V,708,0.25583
SORT,Q=K!=V,709,0.24814
SORT,Q=K!=V,710,0.25951
SORT,Q=K!=V,711,0.25388
SORT,Q=K!=V,712,0.25282
SORT,Q=K!=V,713,0.25016
SORT,Q=K!=V,714,0.25382
SORT,Q=K!=V,715,0.24767
SORT,Q=K!=V,716,0.25449
SORT,Q=K!=V,717,0.25848
SORT,Q=K!=V,718,0.26184
SORT,Q=K!=V,719,0.25052
SORT,Q=K!=V,720,0.26076
SORT,Q=K!=V,721,0.25617
SORT,Q=K!=V,722,0.24962
SORT,Q=K!=V,723,0.25622
SORT,Q=K!=V,724,0.25330
SORT,Q=K!=V,725,0.25976
SORT,Q=K!=V,726,0.26215
SORT,Q=K!=V,727,0.25036
SORT,Q=K!=V,728,0.25362
SORT,Q=K!=V,729,0.24559
SORT,Q=K!=V,730,0.25183
SORT,Q=K!=V,731,0.25560
SORT,Q=K!=V,732,0.26203
SORT,Q=K!=V,733,0.25206
SORT,Q=K!=V,734,0.25003
SORT,Q=K!=V,735,0.26041
SORT,Q=K!=V,736,0.25370
SORT,Q=K!=V,737,0.26052
SORT,Q=K!=V,738,0.24580
SORT,Q=K!=V,739,0.25724
SORT,Q=K!=V,740,0.25313
SORT,Q=K!=V,741,0.25823
SORT,Q=K!=V,742,0.25382
SORT,Q=K!=V,743,0.25020
SORT,Q=K!=V,744,0.25727
SORT,Q=K!=V,745,0.25423
SORT,Q=K!=V,746,0.25649
SORT,Q=K!=V,747,0.25296
SORT,Q=K!=V,748,0.25468
SORT,Q=K!=V,749,0.25768
SORT,Q=K!=V,750,0.25760
SORT,Q=K!=V,751,0.25617
SORT,Q=K!=V,752,0.25891
SORT,Q=K!=V,753,0.25963
SORT,Q=K!=V,754,0.25347
SORT,Q=K!=V,755,0.25621
SORT,Q=K!=V,756,0.24995
SORT,Q=K!=V,757,0.25650
SORT,Q=K!=V,758,0.26328
SORT,Q=K!=V,759,0.24902
SORT,Q=K!=V,760,0.26055
SORT,Q=K!=V,761,0.25372
SORT,Q=K!=V,762,0.25601
SORT,Q=K!=V,763,0.25977
SORT,Q=K!=V,764,0.25462
SORT,Q=K!=V,765,0.25608
SORT,Q=K!=V,766,0.25937
SORT,Q=K!=V,767,0.25111
SORT,Q=K!=V,768,0.25192
SORT,Q=K!=V,769,0.25976
SORT,Q=K!=V,770,0.25584
SORT,Q=K!=V,771,0.25825
SORT,Q=K!=V,772,0.26165
SORT,Q=K!=V,773,0.25765
SORT,Q=K!=V,774,0.25365
SORT,Q=K!=V,775,0.26287
SORT,Q=K!=V,776,0.25500
SORT,Q=K!=V,777,0.25998
SORT,Q=K!=V,778,0.25323
SORT,Q=K!=V,779,0.25768
SORT,Q=K!=V,780,0.25127
SORT,Q=K!=V,781,0.26095
SORT,Q=K!=V,782,0.25472
SORT,Q=K!=V,783,0.25588
SORT,Q=K!=V,784,0.25988
SORT,Q=K!=V,785,0.25134
SORT,Q=K!=V,786,0.25298
SORT,Q=K!=V,787,0.24968
SORT,Q=K!=V,788,0.25208
SORT,Q=K!=V,789,0.24142
SORT,(Q=K!=V)+,0,2.46605
SORT,(Q=K!=V)+,1,2.45968
SORT,(Q=K!=V)+,2,2.45560
SORT,(Q=K!=V)+,3,2.45070
SORT,(Q=K!=V)+,4,2.44346
SORT,(Q=K!=V)+,5,2.42862
SORT,(Q=K!=V)+,6,2.41312
SORT,(Q=K!=V)+,7,2.39038
SORT,(Q=K!=V)+,8,2.37909
SORT,(Q=K!=V)+,9,2.35272
SORT,(Q=K!=V)+,10,2.33574
SORT,(Q=K!=V)+,11,2.30807
SORT,(Q=K!=V)+,12,2.28259
SORT,(Q=K!=V)+,13,2.25901
SORT,(Q=K!=V)+,14,2.22638
SORT,(Q=K!=V)+,15,2.20096
SORT,(Q=K!=V)+,16,2.16074
SORT,(Q=K!=V)+,17,2.12851
SORT,(Q=K!=V)+,18,2.09455
SORT,(Q=K!=V)+,19,2.05806
SORT,(Q=K!=V)+,20,2.03078
SORT,(Q=K!=V)+,21,1.97820
SORT,(Q=K!=V)+,22,1.93437
SORT,(Q=K!=V)+,23,1.90262
SORT,(Q=K!=V)+,24,1.85573
SORT,(Q=K!=V)+,25,1.80516
SORT,(Q=K!=V)+,26,1.75085
SORT,(Q=K!=V)+,27,1.70803
SORT,(Q=K!=V)+,28,1.64822
SORT,(Q=K!=V)+,29,1.59865
SORT,(Q=K!=V)+,30,1.56621
SORT,(Q=K!=V)+,31,1.51489
SORT,(Q=K!=V)+,32,1.44433
SORT,(Q=K!=V)+,33,1.40493
SORT,(Q=K!=V)+,34,1.34743
SORT,(Q=K!=V)+,35,1.30609
SORT,(Q=K!=V)+,36,1.26598
SORT,(Q=K!=V)+,37,1.23548
SORT,(Q=K!=V)+,38,1.18191
SORT,(Q=K!=V)+,39,1.15090
SORT,(Q=K!=V)+,40,1.12285
SORT,(Q=K!=V)+,41,1.09010
SORT,(Q=K!=V)+,42,1.06057
SORT,(Q=K!=V)+,43,1.02744
SORT,(Q=K!=V)+,44,1.02754
SORT,(Q=K!=V)+,45,0.99685
SORT,(Q=K!=V)+,46,0.94389
SORT,(Q=K!=V)+,47,0.95699
SORT,(Q=K!=V)+,48,0.95128
SORT,(Q=K!=V)+,49,0.93282
SORT,(Q=K!=V)+,50,0.91806
SORT,(Q=K!=V)+,51,0.90196
SORT,(Q=K!=V)+,52,0.90564
SORT,(Q=K!=V)+,53,0.87984
SORT,(Q=K!=V)+,54,0.88270
SORT,(Q=K!=V)+,55,0.86632
SORT,(Q=K!=V)+,56,0.86309
SORT,(Q=K!=V)+,57,0.87332
SORT,(Q=K!=V)+,58,0.85194
SORT,(Q=K!=V)+,59,0.89304
SORT,(Q=K!=V)+,60,0.84700
SORT,(Q=K!=V)+,61,0.84397
SORT,(Q=K!=V)+,62,0.83807
SORT,(Q=K!=V)+,63,0.85593
SORT,(Q=K!=V)+,64,0.85660
SORT,(Q=K!=V)+,65,0.81467
SORT,(Q=K!=V)+,66,0.83725
SORT,(Q=K!=V)+,67,0.81994
SORT,(Q=K!=V)+,68,0.80469
SORT,(Q=K!=V)+,69,0.82459
SORT,(Q=K!=V)+,70,0.83341
SORT,(Q=K!=V)+,71,0.82660
SORT,(Q=K!=V)+,72,0.83746
SORT,(Q=K!=V)+,73,0.82875
SORT,(Q=K!=V)+,74,0.81541
SORT,(Q=K!=V)+,75,0.82624
SORT,(Q=K!=V)+,76,0.83209
SORT,(Q=K!=V)+,77,0.79626
SORT,(Q=K!=V)+,78,0.82360
SORT,(Q=K!=V)+,79,0.80166
SORT,(Q=K!=V)+,80,0.82548
SORT,(Q=K!=V)+,81,0.78794
SORT,(Q=K!=V)+,82,0.82932
SORT,(Q=K!=V)+,83,0.78999
SORT,(Q=K!=V)+,84,0.80650
SORT,(Q=K!=V)+,85,0.81025
SORT,(Q=K!=V)+,86,0.81425
SORT,(Q=K!=V)+,87,0.79261
SORT,(Q=K!=V)+,88,0.81094
SORT,(Q=K!=V)+,89,0.76930
SORT,(Q=K!=V)+,90,0.79278
SORT,(Q=K!=V)+,91,0.78972
SORT,(Q=K!=V)+,92,0.79259
SORT,(Q=K!=V)+,93,0.79030
SORT,(Q=K!=V)+,94,0.80748
SORT,(Q=K!=V)+,95,0.77003
SORT,(Q=K!=V)+,96,0.80181
SORT,(Q=K!=V)+,97,0.75941
SORT,(Q=K!=V)+,98,0.78877
SORT,(Q=K!=V)+,99,0.74875
SORT,(Q=K!=V)+,100,0.77905
SORT,(Q=K!=V)+,101,0.76363
SORT,(Q=K!=V)+,102,0.76051
SORT,(Q=K!=V)+,103,0.74480
SORT,(Q=K!=V)+,104,0.71580
SORT,(Q=K!=V)+,105,0.72044
SORT,(Q=K!=V)+,106,0.73753
SORT,(Q=K!=V)+,107,0.73110
SORT,(Q=K!=V)+,108,0.72941
SORT,(Q=K!=V)+,109,0.72956
SORT,(Q=K!=V)+,110,0.72489
SORT,(Q=K!=V)+,111,0.72556
SORT,(Q=K!=V)+,112,0.70153
SORT,(Q=K!=V)+,113,0.71501
SORT,(Q=K!=V)+,114,0.68652
SORT,(Q=K!=V)+,115,0.68776
SORT,(Q=K!=V)+,116,0.69364
SORT,(Q=K!=V)+,117,0.68982
SORT,(Q=K!=V)+,118,0.68240
SORT,(Q=K!=V)+,119,0.68968
SORT,(Q=K!=V)+,120,0.69219
SORT,(Q=K!=V)+,121,0.67160
SORT,(Q=K!=V)+,122,0.65665
SORT,(Q=K!=V)+,123,0.67001
SORT,(Q=K!=V)+,124,0.66880
SORT,(Q=K!=V)+,125,0.64968
SORT,(Q=K!=V)+,126,0.63321
SORT,(Q=K!=V)+,127,0.65786
SORT,(Q=K!=V)+,128,0.64565
SORT,(Q=K!=V)+,129,0.64578
SORT,(Q=K!=V)+,130,0.61572
SORT,(Q=K!=V)+,131,0.63191
SORT,(Q=K!=V)+,132,0.59870
SORT,(Q=K!=V)+,133,0.61365
SORT,(Q=K!=V)+,134,0.59420
SORT,(Q=K!=V)+,135,0.60249
SORT,(Q=K!=V)+,136,0.58391
SORT,(Q=K!=V)+,137,0.59927
SORT,(Q=K!=V)+,138,0.58634
SORT,(Q=K!=V)+,139,0.57691
SORT,(Q=K!=V)+,140,0.58557
SORT,(Q=K!=V)+,141,0.57302
SORT,(Q=K!=V)+,142,0.54507
SORT,(Q=K!=V)+,143,0.54793
SORT,(Q=K!=V)+,144,0.56386
SORT,(Q=K!=V)+,145,0.53972
SORT,(Q=K!=V)+,146,0.53733
SORT,(Q=K!=V)+,147,0.54155
SORT,(Q=K!=V)+,148,0.52898
SORT,(Q=K!=V)+,149,0.53093
SORT,(Q=K!=V)+,150,0.52329
SORT,(Q=K!=V)+,151,0.51187
SORT,(Q=K!=V)+,152,0.50973
SORT,(Q=K!=V)+,153,0.52943
SORT,(Q=K!=V)+,154,0.51290
SORT,(Q=K!=V)+,155,0.49204
SORT,(Q=K!=V)+,156,0.49207
SORT,(Q=K!=V)+,157,0.49235
SORT,(Q=K!=V)+,158,0.48891
SORT,(Q=K!=V)+,159,0.47758
SORT,(Q=K!=V)+,160,0.50239
SORT,(Q=K!=V)+,161,0.47491
SORT,(Q=K!=V)+,162,0.46904
SORT,(Q=K!=V)+,163,0.47409
SORT,(Q=K!=V)+,164,0.47011
SORT,(Q=K!=V)+,165,0.46352
SORT,(Q=K!=V)+,166,0.46716
SORT,(Q=K!=V)+,167,0.47063
SORT,(Q=K!=V)+,168,0.45461
SORT,(Q=K!=V)+,169,0.45410
SORT,(Q=K!=V)+,170,0.44547
SORT,(Q=K!=V)+,171,0.44326
SORT,(Q=K!=V)+,172,0.43974
SORT,(Q=K!=V)+,173,0.44039
SORT,(Q=K!=V)+,174,0.44630
SORT,(Q=K!=V)+,175,0.42706
SORT,(Q=K!=V)+,176,0.42201
SORT,(Q=K!=V)+,177,0.42390
SORT,(Q=K!=V)+,178,0.41962
SORT,(Q=K!=V)+,179,0.41828
SORT,(Q=K!=V)+,180,0.40370
SORT,(Q=K!=V)+,181,0.42142
SORT,(Q=K!=V)+,182,0.40807
SORT,(Q=K!=V)+,183,0.41697
SORT,(Q=K!=V)+,184,0.41527
SORT,(Q=K!=V)+,185,0.42755
SORT,(Q=K!=V)+,186,0.42937
SORT,(Q=K!=V)+,187,0.40052
SORT,(Q=K!=V)+,188,0.41086
SORT,(Q=K!=V)+,189,0.40056
SORT,(Q=K!=V)+,190,0.41704
SORT,(Q=K!=V)+,191,0.40631
SORT,(Q=K!=V)+,192,0.39656
SORT,(Q=K!=V)+,193,0.40934
SORT,(Q=K!=V)+,194,0.39142
SORT,(Q=K!=V)+,195,0.40329
SORT,(Q=K!=V)+,196,0.38020
SORT,(Q=K!=V)+,197,0.39532
SORT,(Q=K!=V)+,198,0.38939
SORT,(Q=K!=V)+,199,0.38271
SORT,(Q=K!=V)+,200,0.39352
SORT,(Q=K!=V)+,201,0.37565
SORT,(Q=K!=V)+,202,0.37559
SORT,(Q=K!=V)+,203,0.37701
SORT,(Q=K!=V)+,204,0.37070
SORT,(Q=K!=V)+,205,0.37353
SORT,(Q=K!=V)+,206,0.37057
SORT,(Q=K!=V)+,207,0.36919
SORT,(Q=K!=V)+,208,0.36579
SORT,(Q=K!=V)+,209,0.36165
SORT,(Q=K!=V)+,210,0.37285
SORT,(Q=K!=V)+,211,0.35553
SORT,(Q=K!=V)+,212,0.35068
SORT,(Q=K!=V)+,213,0.35529
SORT,(Q=K!=V)+,214,0.35790
SORT,(Q=K!=V)+,215,0.36485
SORT,(Q=K!=V)+,216,0.35099
SORT,(Q=K!=V)+,217,0.35950
SORT,(Q=K!=V)+,218,0.36806
SORT,(Q=K!=V)+,219,0.35100
SORT,(Q=K!=V)+,220,0.34993
SORT,(Q=K!=V)+,221,0.35723
SORT,(Q=K!=V)+,222,0.36591
SORT,(Q=K!=V)+,223,0.36157
SORT,(Q=K!=V)+,224,0.37163
SORT,(Q=K!=V)+,225,0.38317
SORT,(Q=K!=V)+,226,0.34913
SORT,(Q=K!=V)+,227,0.36993
SORT,(Q=K!=V)+,228,0.36941
SORT,(Q=K!=V)+,229,0.34650
SORT,(Q=K!=V)+,230,0.36176
SORT,(Q=K!=V)+,231,0.34894
SORT,(Q=K!=V)+,232,0.35815
SORT,(Q=K!=V)+,233,0.34924
SORT,(Q=K!=V)+,234,0.35789
SORT,(Q=K!=V)+,235,0.34016
SORT,(Q=K!=V)+,236,0.33558
SORT,(Q=K!=V)+,237,0.34885
SORT,(Q=K!=V)+,238,0.34331
SORT,(Q=K!=V)+,239,0.33734
SORT,(Q=K!=V)+,240,0.33983
SORT,(Q=K!=V)+,241,0.33890
SORT,(Q=K!=V)+,242,0.34633
SORT,(Q=K!=V)+,243,0.33632
SORT,(Q=K!=V)+,244,0.34648
SORT,(Q=K!=V)+,245,0.34117
SORT,(Q=K!=V)+,246,0.33660
SORT,(Q=K!=V)+,247,0.33724
SORT,(Q=K!=V)+,248,0.33681
SORT,(Q=K!=V)+,249,0.33475
SORT,(Q=K!=V)+,250,0.32753
SORT,(Q=K!=V)+,251,0.33620
SORT,(Q=K!=V)+,252,0.32363
SORT,(Q=K!=V)+,253,0.32585
SORT,(Q=K!=V)+,254,0.32520
SORT,(Q=K!=V)+,255,0.32821
SORT,(Q=K!=V)+,256,0.31954
SORT,(Q=K!=V)+,257,0.32076
SORT,(Q=K!=V)+,258,0.32324
SORT,(Q=K!=V)+,259,0.31241
SORT,(Q=K!=V)+,260,0.31423
SORT,(Q=K!=V)+,261,0.31195
SORT,(Q=K!=V)+,262,0.32140
SORT,(Q=K!=V)+,263,0.31524
SORT,(Q=K!=V)+,264,0.30871
SORT,(Q=K!=V)+,265,0.31340
SORT,(Q=K!=V)+,266,0.31022
SORT,(Q=K!=V)+,267,0.31192
SORT,(Q=K!=V)+,268,0.31187
SORT,(Q=K!=V)+,269,0.31214
SORT,(Q=K!=V)+,270,0.30767
SORT,(Q=K!=V)+,271,0.31624
SORT,(Q=K!=V)+,272,0.30821
SORT,(Q=K!=V)+,273,0.31495
SORT,(Q=K!=V)+,274,0.30947
SORT,(Q=K!=V)+,275,0.31127
SORT,(Q=K!=V)+,276,0.30803
SORT,(Q=K!=V)+,277,0.31097
SORT,(Q=K!=V)+,278,0.31262
SORT,(Q=K!=V)+,279,0.30657
SORT,(Q=K!=V)+,280,0.31562
SORT,(Q=K!=V)+,281,0.30357
SORT,(Q=K!=V)+,282,0.30322
SORT,(Q=K!=V)+,283,0.30645
SORT,(Q=K!=V)+,284,0.30686
SORT,(Q=K!=V)+,285,0.30639
SORT,(Q=K!=V)+,286,0.30010
SORT,(Q=K!=V)+,287,0.30433
SORT,(Q=K!=V)+,288,0.31171
SORT,(Q=K!=V)+,289,0.30911
SORT,(Q=K!=V)+,290,0.29522
SORT,(Q=K!=V)+,291,0.30400
SORT,(Q=K!=V)+,292,0.29475
SORT,(Q=K!=V)+,293,0.30908
SORT,(Q=K!=V)+,294,0.29707
SORT,(Q=K!=V)+,295,0.29776
SORT,(Q=K!=V)+,296,0.29654
SORT,(Q=K!=V)+,297,0.30062
SORT,(Q=K!=V)+,298,0.29503
SORT,(Q=K!=V)+,299,0.29922
SORT,(Q=K!=V)+,300,0.31029
SORT,(Q=K!=V)+,301,0.29952
SORT,(Q=K!=V)+,302,0.29532
SORT,(Q=K!=V)+,303,0.29245
SORT,(Q=K!=V)+,304,0.29525
SORT,(Q=K!=V)+,305,0.29928
SORT,(Q=K!=V)+,306,0.29173
SORT,(Q=K!=V)+,307,0.29099
SORT,(Q=K!=V)+,308,0.28997
SORT,(Q=K!=V)+,309,0.29475
SORT,(Q=K!=V)+,310,0.29433
SORT,(Q=K!=V)+,311,0.29760
SORT,(Q=K!=V)+,312,0.28661
SORT,(Q=K!=V)+,313,0.29389
SORT,(Q=K!=V)+,314,0.28906
SORT,(Q=K!=V)+,315,0.29569
SORT,(Q=K!=V)+,316,0.28992
SORT,(Q=K!=V)+,317,0.29305
SORT,(Q=K!=V)+,318,0.29178
SORT,(Q=K!=V)+,319,0.29693
SORT,(Q=K!=V)+,320,0.27392
SORT,(Q=K!=V)+,321,0.28974
SORT,(Q=K!=V)+,322,0.28231
SORT,(Q=K!=V)+,323,0.28717
SORT,(Q=K!=V)+,324,0.28248
SORT,(Q=K!=V)+,325,0.29099
SORT,(Q=K!=V)+,326,0.28619
SORT,(Q=K!=V)+,327,0.27953
SORT,(Q=K!=V)+,328,0.28324
SORT,(Q=K!=V)+,329,0.28011
SORT,(Q=K!=V)+,330,0.28157
SORT,(Q=K!=V)+,331,0.27450
SORT,(Q=K!=V)+,332,0.28716
SORT,(Q=K!=V)+,333,0.27971
SORT,(Q=K!=V)+,334,0.27828
SORT,(Q=K!=V)+,335,0.28622
SORT,(Q=K!=V)+,336,0.27744
SORT,(Q=K!=V)+,337,0.28714
SORT,(Q=K!=V)+,338,0.28136
SORT,(Q=K!=V)+,339,0.27392
SORT,(Q=K!=V)+,340,0.27905
SORT,(Q=K!=V)+,341,0.27410
SORT,(Q=K!=V)+,342,0.27139
SORT,(Q=K!=V)+,343,0.27003
SORT,(Q=K!=V)+,344,0.27561
SORT,(Q=K!=V)+,345,0.27792
SORT,(Q=K!=V)+,346,0.27260
SORT,(Q=K!=V)+,347,0.26941
SORT,(Q=K!=V)+,348,0.26823
SORT,(Q=K!=V)+,349,0.27335
SORT,(Q=K!=V)+,350,0.27301
SORT,(Q=K!=V)+,351,0.27335
SORT,(Q=K!=V)+,352,0.26879
SORT,(Q=K!=V)+,353,0.27130
SORT,(Q=K!=V)+,354,0.27353
SORT,(Q=K!=V)+,355,0.26889
SORT,(Q=K!=V)+,356,0.27960
SORT,(Q=K!=V)+,357,0.27000
SORT,(Q=K!=V)+,358,0.26492
SORT,(Q=K!=V)+,359,0.26727
SORT,(Q=K!=V)+,360,0.26340
SORT,(Q=K!=V)+,361,0.27075
SORT,(Q=K!=V)+,362,0.26444
SORT,(Q=K!=V)+,363,0.25816
SORT,(Q=K!=V)+,364,0.26105
SORT,(Q=K!=V)+,365,0.26386
SORT,(Q=K!=V)+,366,0.26409
SORT,(Q=K!=V)+,367,0.25868
SORT,(Q=K!=V)+,368,0.26685
SORT,(Q=K!=V)+,369,0.26392
SORT,(Q=K!=V)+,370,0.26638
SORT,(Q=K!=V)+,371,0.26250
SORT,(Q=K!=V)+,372,0.26086
SORT,(Q=K!=V)+,373,0.25990
SORT,(Q=K!=V)+,374,0.26353
SORT,(Q=K!=V)+,375,0.26296
SORT,(Q=K!=V)+,376,0.26513
SORT,(Q=K!=V)+,377,0.25704
SORT,(Q=K!=V)+,378,0.26501
SORT,(Q=K!=V)+,379,0.25164
SORT,(Q=K!=V)+,380,0.25426
SORT,(Q=K!=V)+,381,0.25719
SORT,(Q=K!=V)+,382,0.25787
SORT,(Q=K!=V)+,383,0.25123
SORT,(Q=K!=V)+,384,0.25439
SORT,(Q=K!=V)+,385,0.25721
SORT,(Q=K!=V)+,386,0.25654
SORT,(Q=K!=V)+,387,0.24882
SORT,(Q=K!=V)+,388,0.24657
SORT,(Q=K!=V)+,389,0.25179
SORT,(Q=K!=V)+,390,0.25133
SORT,(Q=K!=V)+,391,0.25497
SORT,(Q=K!=V)+,392,0.24920
SORT,(Q=K!=V)+,393,0.26237
SORT,(Q=K!=V)+,394,0.25175
SORT,(Q=K!=V)+,395,0.25614
SORT,(Q=K!=V)+,396,0.25334
SORT,(Q=K!=V)+,397,0.25750
SORT,(Q=K!=V)+,398,0.25415
SORT,(Q=K!=V)+,399,0.25644
SORT,(Q=K!=V)+,400,0.25169
SORT,(Q=K!=V)+,401,0.25015
SORT,(Q=K!=V)+,402,0.25087
SORT,(Q=K!=V)+,403,0.25087
SORT,(Q=K!=V)+,404,0.25067
SORT,(Q=K!=V)+,405,0.24339
SORT,(Q=K!=V)+,406,0.23633
SORT,(Q=K!=V)+,407,0.24997
SORT,(Q=K!=V)+,408,0.25085
SORT,(Q=K!=V)+,409,0.24719
SORT,(Q=K!=V)+,410,0.24505
SORT,(Q=K!=V)+,411,0.24592
SORT,(Q=K!=V)+,412,0.24579
SORT,(Q=K!=V)+,413,0.24498
SORT,(Q=K!=V)+,414,0.24778
SORT,(Q=K!=V)+,415,0.24394
SORT,(Q=K!=V)+,416,0.24279
SORT,(Q=K!=V)+,417,0.24167
SORT,(Q=K!=V)+,418,0.24402
SORT,(Q=K!=V)+,419,0.24596
SORT,(Q=K!=V)+,420,0.23872
SORT,(Q=K!=V)+,421,0.23905
SORT,(Q=K!=V)+,422,0.24343
SORT,(Q=K!=V)+,423,0.23917
SORT,(Q=K!=V)+,424,0.24457
SORT,(Q=K!=V)+,425,0.23600
SORT,(Q=K!=V)+,426,0.23868
SORT,(Q=K!=V)+,427,0.24047
SORT,(Q=K!=V)+,428,0.24305
SORT,(Q=K!=V)+,429,0.23602
SORT,(Q=K!=V)+,430,0.23728
SORT,(Q=K!=V)+,431,0.23467
SORT,(Q=K!=V)+,432,0.23460
SORT,(Q=K!=V)+,433,0.23768
SORT,(Q=K!=V)+,434,0.24299
SORT,(Q=K!=V)+,435,0.23967
SORT,(Q=K!=V)+,436,0.23431
SORT,(Q=K!=V)+,437,0.23392
SORT,(Q=K!=V)+,438,0.24073
SORT,(Q=K!=V)+,439,0.23677
SORT,(Q=K!=V)+,440,0.23273
SORT,(Q=K!=V)+,441,0.22789
SORT,(Q=K!=V)+,442,0.23917
SORT,(Q=K!=V)+,443,0.22890
SORT,(Q=K!=V)+,444,0.23576
SORT,(Q=K!=V)+,445,0.22913
SORT,(Q=K!=V)+,446,0.24338
SORT,(Q=K!=V)+,447,0.23426
SORT,(Q=K!=V)+,448,0.23077
SORT,(Q=K!=V)+,449,0.22837
SORT,(Q=K!=V)+,450,0.23135
SORT,(Q=K!=V)+,451,0.23255
SORT,(Q=K!=V)+,452,0.23266
SORT,(Q=K!=V)+,453,0.22593
SORT,(Q=K!=V)+,454,0.23094
SORT,(Q=K!=V)+,455,0.22974
SORT,(Q=K!=V)+,456,0.23121
SORT,(Q=K!=V)+,457,0.22919
SORT,(Q=K!=V)+,458,0.23265
SORT,(Q=K!=V)+,459,0.22457
SORT,(Q=K!=V)+,460,0.22736
SORT,(Q=K!=V)+,461,0.22821
SORT,(Q=K!=V)+,462,0.23100
SORT,(Q=K!=V)+,463,0.22875
SORT,(Q=K!=V)+,464,0.22426
SORT,(Q=K!=V)+,465,0.22314
SORT,(Q=K!=V)+,466,0.23028
SORT,(Q=K!=V)+,467,0.22215
SORT,(Q=K!=V)+,468,0.22682
SORT,(Q=K!=V)+,469,0.22661
SORT,(Q=K!=V)+,470,0.22623
SORT,(Q=K!=V)+,471,0.23186
SORT,(Q=K!=V)+,472,0.22314
SORT,(Q=K!=V)+,473,0.23117
SORT,(Q=K!=V)+,474,0.22379
SORT,(Q=K!=V)+,475,0.22992
SORT,(Q=K!=V)+,476,0.22288
SORT,(Q=K!=V)+,477,0.22867
SORT,(Q=K!=V)+,478,0.22866
SORT,(Q=K!=V)+,479,0.22886
SORT,(Q=K!=V)+,480,0.21981
SORT,(Q=K!=V)+,481,0.22823
SORT,(Q=K!=V)+,482,0.21554
SORT,(Q=K!=V)+,483,0.23026
SORT,(Q=K!=V)+,484,0.22478
SORT,(Q=K!=V)+,485,0.22559
SORT,(Q=K!=V)+,486,0.22564
SORT,(Q=K!=V)+,487,0.22341
SORT,(Q=K!=V)+,488,0.22603
SORT,(Q=K!=V)+,489,0.22199
SORT,(Q=K!=V)+,490,0.22184
SORT,(Q=K!=V)+,491,0.22780
SORT,(Q=K!=V)+,492,0.21921
SORT,(Q=K!=V)+,493,0.22184
SORT,(Q=K!=V)+,494,0.21671
SORT,(Q=K!=V)+,495,0.22100
SORT,(Q=K!=V)+,496,0.22980
SORT,(Q=K!=V)+,497,0.21731
SORT,(Q=K!=V)+,498,0.22196
SORT,(Q=K!=V)+,499,0.22244
SORT,(Q=K!=V)+,500,0.22241
SORT,(Q=K!=V)+,501,0.22471
SORT,(Q=K!=V)+,502,0.22348
SORT,(Q=K!=V)+,503,0.22343
SORT,(Q=K!=V)+,504,0.22197
SORT,(Q=K!=V)+,505,0.21465
SORT,(Q=K!=V)+,506,0.21769
SORT,(Q=K!=V)+,507,0.21875
SORT,(Q=K!=V)+,508,0.21665
SORT,(Q=K!=V)+,509,0.21338
SORT,(Q=K!=V)+,510,0.21771
SORT,(Q=K!=V)+,511,0.22250
SORT,(Q=K!=V)+,512,0.22264
SORT,(Q=K!=V)+,513,0.21215
SORT,(Q=K!=V)+,514,0.21644
SORT,(Q=K!=V)+,515,0.21898
SORT,(Q=K!=V)+,516,0.22014
SORT,(Q=K!=V)+,517,0.21634
SORT,(Q=K!=V)+,518,0.21497
SORT,(Q=K!=V)+,519,0.21547
SORT,(Q=K!=V)+,520,0.21360
SORT,(Q=K!=V)+,521,0.21579
SORT,(Q=K!=V)+,522,0.21677
SORT,(Q=K!=V)+,523,0.21014
SORT,(Q=K!=V)+,524,0.21648
SORT,(Q=K!=V)+,525,0.21536
SORT,(Q=K!=V)+,526,0.21281
SORT,(Q=K!=V)+,527,0.21225
SORT,(Q=K!=V)+,528,0.21656
SORT,(Q=K!=V)+,529,0.21231
SORT,(Q=K!=V)+,530,0.21570
SORT,(Q=K!=V)+,531,0.21302
SORT,(Q=K!=V)+,532,0.21351
SORT,(Q=K!=V)+,533,0.21817
SORT,(Q=K!=V)+,534,0.21379
SORT,(Q=K!=V)+,535,0.21646
SORT,(Q=K!=V)+,536,0.20851
SORT,(Q=K!=V)+,537,0.21376
SORT,(Q=K!=V)+,538,0.21500
SORT,(Q=K!=V)+,539,0.21722
SORT,(Q=K!=V)+,540,0.21288
SORT,(Q=K!=V)+,541,0.20971
SORT,(Q=K!=V)+,542,0.21668
SORT,(Q=K!=V)+,543,0.21487
SORT,(Q=K!=V)+,544,0.20565
SORT,(Q=K!=V)+,545,0.21051
SORT,(Q=K!=V)+,546,0.21039
SORT,(Q=K!=V)+,547,0.20596
SORT,(Q=K!=V)+,548,0.21330
SORT,(Q=K!=V)+,549,0.20699
SORT,(Q=K!=V)+,550,0.20947
SORT,(Q=K!=V)+,551,0.21418
SORT,(Q=K!=V)+,552,0.22042
SORT,(Q=K!=V)+,553,0.22039
SORT,(Q=K!=V)+,554,0.21411
SORT,(Q=K!=V)+,555,0.20982
SORT,(Q=K!=V)+,556,0.21140
SORT,(Q=K!=V)+,557,0.20979
SORT,(Q=K!=V)+,558,0.21250
SORT,(Q=K!=V)+,559,0.20603
SORT,(Q=K!=V)+,560,0.20996
SORT,(Q=K!=V)+,561,0.20658
SORT,(Q=K!=V)+,562,0.21019
SORT,(Q=K!=V)+,563,0.20738
SORT,(Q=K!=V)+,564,0.20269
SORT,(Q=K!=V)+,565,0.20546
SORT,(Q=K!=V)+,566,0.21204
SORT,(Q=K!=V)+,567,0.21151
SORT,(Q=K!=V)+,568,0.21113
SORT,(Q=K!=V)+,569,0.21037
SORT,(Q=K!=V)+,570,0.20730
SORT,(Q=K!=V)+,571,0.20961
SORT,(Q=K!=V)+,572,0.21056
SORT,(Q=K!=V)+,573,0.20331
SORT,(Q=K!=V)+,574,0.20743
SORT,(Q=K!=V)+,575,0.21286
SORT,(Q=K!=V)+,576,0.20469
SORT,(Q=K!=V)+,577,0.20546
SORT,(Q=K!=V)+,578,0.20679
SORT,(Q=K!=V)+,579,0.20964
SORT,(Q=K!=V)+,580,0.21037
SORT,(Q=K!=V)+,581,0.20387
SORT,(Q=K!=V)+,582,0.20194
SORT,(Q=K!=V)+,583,0.20572
SORT,(Q=K!=V)+,584,0.19617
SORT,(Q=K!=V)+,585,0.20426
SORT,(Q=K!=V)+,586,0.20530
SORT,(Q=K!=V)+,587,0.20144
SORT,(Q=K!=V)+,588,0.20289
SORT,(Q=K!=V)+,589,0.20257
SORT,(Q=K!=V)+,590,0.20339
SORT,(Q=K!=V)+,591,0.20297
SORT,(Q=K!=V)+,592,0.20487
SORT,(Q=K!=V)+,593,0.20372
SORT,(Q=K!=V)+,594,0.20436
SORT,(Q=K!=V)+,595,0.20279
SORT,(Q=K!=V)+,596,0.20805
SORT,(Q=K!=V)+,597,0.20636
SORT,(Q=K!=V)+,598,0.20385
SORT,(Q=K!=V)+,599,0.20558
SORT,(Q=K!=V)+,600,0.20078
SORT,(Q=K!=V)+,601,0.20368
SORT,(Q=K!=V)+,602,0.20591
SORT,(Q=K!=V)+,603,0.20608
SORT,(Q=K!=V)+,604,0.21034
SORT,(Q=K!=V)+,605,0.20231
SORT,(Q=K!=V)+,606,0.20369
SORT,(Q=K!=V)+,607,0.20315
SORT,(Q=K!=V)+,608,0.19847
SORT,(Q=K!=V)+,609,0.20156
SORT,(Q=K!=V)+,610,0.20589
SORT,(Q=K!=V)+,611,0.20317
SORT,(Q=K!=V)+,612,0.20045
SORT,(Q=K!=V)+,613,0.20414
SORT,(Q=K!=V)+,614,0.20226
SORT,(Q=K!=V)+,615,0.20339
SORT,(Q=K!=V)+,616,0.20448
SORT,(Q=K!=V)+,617,0.20185
SORT,(Q=K!=V)+,618,0.20496
SORT,(Q=K!=V)+,619,0.19716
SORT,(Q=K!=V)+,620,0.19861
SORT,(Q=K!=V)+,621,0.20159
SORT,(Q=K!=V)+,622,0.19938
SORT,(Q=K!=V)+,623,0.20050
SORT,(Q=K!=V)+,624,0.20292
SORT,(Q=K!=V)+,625,0.19735
SORT,(Q=K!=V)+,626,0.20227
SORT,(Q=K!=V)+,627,0.19893
SORT,(Q=K!=V)+,628,0.20321
SORT,(Q=K!=V)+,629,0.20071
SORT,(Q=K!=V)+,630,0.19793
SORT,(Q=K!=V)+,631,0.20936
SORT,(Q=K!=V)+,632,0.19316
SORT,(Q=K!=V)+,633,0.19902
SORT,(Q=K!=V)+,634,0.19837
SORT,(Q=K!=V)+,635,0.20489
SORT,(Q=K!=V)+,636,0.19797
SORT,(Q=K!=V)+,637,0.19948
SORT,(Q=K!=V)+,638,0.19553
SORT,(Q=K!=V)+,639,0.19942
SORT,(Q=K!=V)+,640,0.20353
SORT,(Q=K!=V)+,641,0.20043
SORT,(Q=K!=V)+,642,0.20084
SORT,(Q=K!=V)+,643,0.19944
SORT,(Q=K!=V)+,644,0.20092
SORT,(Q=K!=V)+,645,0.19992
SORT,(Q=K!=V)+,646,0.20054
SORT,(Q=K!=V)+,647,0.19976
SORT,(Q=K!=V)+,648,0.20122
SORT,(Q=K!=V)+,649,0.19925
SORT,(Q=K!=V)+,650,0.19628
SORT,(Q=K!=V)+,651,0.19560
SORT,(Q=K!=V)+,652,0.19993
SORT,(Q=K!=V)+,653,0.19737
SORT,(Q=K!=V)+,654,0.20044
SORT,(Q=K!=V)+,655,0.19944
SORT,(Q=K!=V)+,656,0.19517
SORT,(Q=K!=V)+,657,0.19673
SORT,(Q=K!=V)+,658,0.19107
SORT,(Q=K!=V)+,659,0.19544
SORT,(Q=K!=V)+,660,0.19909
SORT,(Q=K!=V)+,661,0.20129
SORT,(Q=K!=V)+,662,0.19721
SORT,(Q=K!=V)+,663,0.19850
SORT,(Q=K!=V)+,664,0.19838
SORT,(Q=K!=V)+,665,0.19372
SORT,(Q=K!=V)+,666,0.19477
SORT,(Q=K!=V)+,667,0.19883
SORT,(Q=K!=V)+,668,0.20178
SORT,(Q=K!=V)+,669,0.20519
SORT,(Q=K!=V)+,670,0.19280
SORT,(Q=K!=V)+,671,0.19644
SORT,(Q=K!=V)+,672,0.19418
SORT,(Q=K!=V)+,673,0.19302
SORT,(Q=K!=V)+,674,0.19885
SORT,(Q=K!=V)+,675,0.19481
SORT,(Q=K!=V)+,676,0.20113
SORT,(Q=K!=V)+,677,0.19967
SORT,(Q=K!=V)+,678,0.19944
SORT,(Q=K!=V)+,679,0.19460
SORT,(Q=K!=V)+,680,0.20242
SORT,(Q=K!=V)+,681,0.19544
SORT,(Q=K!=V)+,682,0.19579
SORT,(Q=K!=V)+,683,0.19693
SORT,(Q=K!=V)+,684,0.20099
SORT,(Q=K!=V)+,685,0.19743
SORT,(Q=K!=V)+,686,0.19966
SORT,(Q=K!=V)+,687,0.20134
SORT,(Q=K!=V)+,688,0.19687
SORT,(Q=K!=V)+,689,0.20123
SORT,(Q=K!=V)+,690,0.20422
SORT,(Q=K!=V)+,691,0.19980
SORT,(Q=K!=V)+,692,0.19773
SORT,(Q=K!=V)+,693,0.19298
SORT,(Q=K!=V)+,694,0.20146
SORT,(Q=K!=V)+,695,0.19628
SORT,(Q=K!=V)+,696,0.19778
SORT,(Q=K!=V)+,697,0.19692
SORT,(Q=K!=V)+,698,0.19207
SORT,(Q=K!=V)+,699,0.19466
SORT,(Q=K!=V)+,700,0.19473
SORT,(Q=K!=V)+,701,0.19560
SORT,(Q=K!=V)+,702,0.19525
SORT,(Q=K!=V)+,703,0.19627
SORT,(Q=K!=V)+,704,0.19752
SORT,(Q=K!=V)+,705,0.19705
SORT,(Q=K!=V)+,706,0.19437
SORT,(Q=K!=V)+,707,0.19711
SORT,(Q=K!=V)+,708,0.19528
SORT,(Q=K!=V)+,709,0.19617
SORT,(Q=K!=V)+,710,0.19824
SORT,(Q=K!=V)+,711,0.19332
SORT,(Q=K!=V)+,712,0.19102
SORT,(Q=K!=V)+,713,0.19526
SORT,(Q=K!=V)+,714,0.19610
SORT,(Q=K!=V)+,715,0.19055
SORT,(Q=K!=V)+,716,0.19510
SORT,(Q=K!=V)+,717,0.19854
SORT,(Q=K!=V)+,718,0.19977
SORT,(Q=K!=V)+,719,0.19009
SORT,(Q=K!=V)+,720,0.20290
SORT,(Q=K!=V)+,721,0.19494
SORT,(Q=K!=V)+,722,0.19005
SORT,(Q=K!=V)+,723,0.19600
SORT,(Q=K!=V)+,724,0.19630
SORT,(Q=K!=V)+,725,0.19923
SORT,(Q=K!=V)+,726,0.19717
SORT,(Q=K!=V)+,727,0.19461
SORT,(Q=K!=V)+,728,0.19406
SORT,(Q=K!=V)+,729,0.18938
SORT,(Q=K!=V)+,730,0.19210
SORT,(Q=K!=V)+,731,0.19523
SORT,(Q=K!=V)+,732,0.20220
SORT,(Q=K!=V)+,733,0.18998
SORT,(Q=K!=V)+,734,0.19056
SORT,(Q=K!=V)+,735,0.20269
SORT,(Q=K!=V)+,736,0.19366
SORT,(Q=K!=V)+,737,0.20107
SORT,(Q=K!=V)+,738,0.18924
SORT,(Q=K!=V)+,739,0.19717
SORT,(Q=K!=V)+,740,0.19098
SORT,(Q=K!=V)+,741,0.19599
SORT,(Q=K!=V)+,742,0.19544
SORT,(Q=K!=V)+,743,0.19579
SORT,(Q=K!=V)+,744,0.19767
SORT,(Q=K!=V)+,745,0.19572
SORT,(Q=K!=V)+,746,0.19555
SORT,(Q=K!=V)+,747,0.19441
SORT,(Q=K!=V)+,748,0.19655
SORT,(Q=K!=V)+,749,0.19945
SORT,(Q=K!=V)+,750,0.19607
SORT,(Q=K!=V)+,751,0.19993
SORT,(Q=K!=V)+,752,0.19933
SORT,(Q=K!=V)+,753,0.19726
SORT,(Q=K!=V)+,754,0.19605
SORT,(Q=K!=V)+,755,0.19671
SORT,(Q=K!=V)+,756,0.19257
SORT,(Q=K!=V)+,757,0.19704
SORT,(Q=K!=V)+,758,0.20473
SORT,(Q=K!=V)+,759,0.18857
SORT,(Q=K!=V)+,760,0.19976
SORT,(Q=K!=V)+,761,0.19531
SORT,(Q=K!=V)+,762,0.19434
SORT,(Q=K!=V)+,763,0.19681
SORT,(Q=K!=V)+,764,0.19717
SORT,(Q=K!=V)+,765,0.19614
SORT,(Q=K!=V)+,766,0.19387
SORT,(Q=K!=V)+,767,0.19124
SORT,(Q=K!=V)+,768,0.19087
SORT,(Q=K!=V)+,769,0.19717
SORT,(Q=K!=V)+,770,0.19424
SORT,(Q=K!=V)+,771,0.19644
SORT,(Q=K!=V)+,772,0.20047
SORT,(Q=K!=V)+,773,0.19846
SORT,(Q=K!=V)+,774,0.19741
SORT,(Q=K!=V)+,775,0.19854
SORT,(Q=K!=V)+,776,0.19229
SORT,(Q=K!=V)+,777,0.19815
SORT,(Q=K!=V)+,778,0.19432
SORT,(Q=K!=V)+,779,0.19865
SORT,(Q=K!=V)+,780,0.19327
SORT,(Q=K!=V)+,781,0.19623
SORT,(Q=K!=V)+,782,0.19712
SORT,(Q=K!=V)+,783,0.19601
SORT,(Q=K!=V)+,784,0.19843
SORT,(Q=K!=V)+,785,0.19162
SORT,(Q=K!=V)+,786,0.19536
SORT,(Q=K!=V)+,787,0.18771
SORT,(Q=K!=V)+,788,0.19665
SORT,(Q=K!=V)+,789,0.18881
SORT,Q!=K=V,0,2.46524
SORT,Q!=K=V,1,2.46052
SORT,Q!=K=V,2,2.45910
SORT,Q!=K=V,3,2.44935
SORT,Q!=K=V,4,2.44216
SORT,Q!=K=V,5,2.42973
SORT,Q!=K=V,6,2.41324
SORT,Q!=K=V,7,2.40035
SORT,Q!=K=V,8,2.37568
SORT,Q!=K=V,9,2.35097
SORT,Q!=K=V,10,2.32674
SORT,Q!=K=V,11,2.30602
SORT,Q!=K=V,12,2.27284
SORT,Q!=K=V,13,2.24470
SORT,Q!=K=V,14,2.21704
SORT,Q!=K=V,15,2.18855
SORT,Q!=K=V,16,2.15012
SORT,Q!=K=V,17,2.11414
SORT,Q!=K=V,18,2.08300
SORT,Q!=K=V,19,2.03573
SORT,Q!=K=V,20,1.99903
SORT,Q!=K=V,21,1.95058
SORT,Q!=K=V,22,1.90469
SORT,Q!=K=V,23,1.86774
SORT,Q!=K=V,24,1.81694
SORT,Q!=K=V,25,1.77204
SORT,Q!=K=V,26,1.71422
SORT,Q!=K=V,27,1.66848
SORT,Q!=K=V,28,1.60552
SORT,Q!=K=V,29,1.56469
SORT,Q!=K=V,30,1.52444
SORT,Q!=K=V,31,1.47180
SORT,Q!=K=V,32,1.40325
SORT,Q!=K=V,33,1.36891
SORT,Q!=K=V,34,1.31167
SORT,Q!=K=V,35,1.26955
SORT,Q!=K=V,36,1.23646
SORT,Q!=K=V,37,1.20576
SORT,Q!=K=V,38,1.15496
SORT,Q!=K=V,39,1.12915
SORT,Q!=K=V,40,1.09945
SORT,Q!=K=V,41,1.06684
SORT,Q!=K=V,42,1.04513
SORT,Q!=K=V,43,1.01339
SORT,Q!=K=V,44,1.01224
SORT,Q!=K=V,45,0.98491
SORT,Q!=K=V,46,0.93411
SORT,Q!=K=V,47,0.94838
SORT,Q!=K=V,48,0.94515
SORT,Q!=K=V,49,0.92763
SORT,Q!=K=V,50,0.91261
SORT,Q!=K=V,51,0.90080
SORT,Q!=K=V,52,0.90286
SORT,Q!=K=V,53,0.87789
SORT,Q!=K=V,54,0.88033
SORT,Q!=K=V,55,0.86573
SORT,Q!=K=V,56,0.86304
SORT,Q!=K=V,57,0.87255
SORT,Q!=K=V,58,0.85320
SORT,Q!=K=V,59,0.89338
SORT,Q!=K=V,60,0.84748
SORT,Q!=K=V,61,0.84503
SORT,Q!=K=V,62,0.83907
SORT,Q!=K=V,63,0.85809
SORT,Q!=K=V,64,0.85876
SORT,Q!=K=V,65,0.81730
SORT,Q!=K=V,66,0.84026
SORT,Q!=K=V,67,0.82339
SORT,Q!=K=V,68,0.80731
SORT,Q!=K=V,69,0.83002
SORT,Q!=K=V,70,0.83975
SORT,Q!=K=V,71,0.83248
SORT,Q!=K=V,72,0.84091
SORT,Q!=K=V,73,0.83369
SORT,Q!=K=V,74,0.82173
SORT,Q!=K=V,75,0.83199
SORT,Q!=K=V,76,0.83900
SORT,Q!=K=V,77,0.80131
SORT,Q!=K=V,78,0.82825
SORT,Q!=K=V,79,0.80839
SORT,Q!=K=V,80,0.83061
SORT,Q!=K=V,81,0.79418
SORT,Q!=K=V,82,0.83869
SORT,Q!=K=V,83,0.79931
SORT,Q!=K=V,84,0.81503
SORT,Q!=K=V,85,0.81850
SORT,Q!=K=V,86,0.82392
SORT,Q!=K=V,87,0.80773
SORT,Q!=K=V,88,0.82553
SORT,Q!=K=V,89,0.78316
SORT,Q!=K=V,90,0.80615
SORT,Q!=K=V,91,0.80264
SORT,Q!=K=V,92,0.80830
SORT,Q!=K=V,93,0.80585
SORT,Q!=K=V,94,0.82529
SORT,Q!=K=V,95,0.79026
SORT,Q!=K=V,96,0.82442
SORT,Q!=K=V,97,0.77908
SORT,Q!=K=V,98,0.81138
SORT,Q!=K=V,99,0.77273
SORT,Q!=K=V,100,0.80327
SORT,Q!=K=V,101,0.79430
SORT,Q!=K=V,102,0.79127
SORT,Q!=K=V,103,0.77535
SORT,Q!=K=V,104,0.75598
SORT,Q!=K=V,105,0.75450
SORT,Q!=K=V,106,0.78138
SORT,Q!=K=V,107,0.77029
SORT,Q!=K=V,108,0.76858
SORT,Q!=K=V,109,0.77048
SORT,Q!=K=V,110,0.77734
SORT,Q!=K=V,111,0.77269
SORT,Q!=K=V,112,0.74722
SORT,Q!=K=V,113,0.76444
SORT,Q!=K=V,114,0.74034
SORT,Q!=K=V,115,0.73510
SORT,Q!=K=V,116,0.75821
SORT,Q!=K=V,117,0.73804
SORT,Q!=K=V,118,0.73632
SORT,Q!=K=V,119,0.73814
SORT,Q!=K=V,120,0.75011
SORT,Q!=K=V,121,0.72723
SORT,Q!=K=V,122,0.71478
SORT,Q!=K=V,123,0.72596
SORT,Q!=K=V,124,0.73178
SORT,Q!=K=V,125,0.70336
SORT,Q!=K=V,126,0.69303
SORT,Q!=K=V,127,0.71567
SORT,Q!=K=V,128,0.71064
SORT,Q!=K=V,129,0.70106
SORT,Q!=K=V,130,0.68905
SORT,Q!=K=V,131,0.69615
SORT,Q!=K=V,132,0.68442
SORT,Q!=K=V,133,0.67869
SORT,Q!=K=V,134,0.67124
SORT,Q!=K=V,135,0.67089
SORT,Q!=K=V,136,0.66135
SORT,Q!=K=V,137,0.66006
SORT,Q!=K=V,138,0.66273
SORT,Q!=K=V,139,0.65681
SORT,Q!=K=V,140,0.66613
SORT,Q!=K=V,141,0.64928
SORT,Q!=K=V,142,0.62973
SORT,Q!=K=V,143,0.62804
SORT,Q!=K=V,144,0.65616
SORT,Q!=K=V,145,0.61951
SORT,Q!=K=V,146,0.61844
SORT,Q!=K=V,147,0.62665
SORT,Q!=K=V,148,0.61769
SORT,Q!=K=V,149,0.61648
SORT,Q!=K=V,150,0.60323
SORT,Q!=K=V,151,0.60304
SORT,Q!=K=V,152,0.59234
SORT,Q!=K=V,153,0.61384
SORT,Q!=K=V,154,0.58732
SORT,Q!=K=V,155,0.57488
SORT,Q!=K=V,156,0.57476
SORT,Q!=K=V,157,0.56574
SORT,Q!=K=V,158,0.56901
SORT,Q!=K=V,159,0.57750
SORT,Q!=K=V,160,0.56446
SORT,Q!=K=V,161,0.56539
SORT,Q!=K=V,162,0.56579
SORT,Q!=K=V,163,0.54400
SORT,Q!=K=V,164,0.55658
SORT,Q!=K=V,165,0.55104
SORT,Q!=K=V,166,0.54023
SORT,Q!=K=V,167,0.55415
SORT,Q!=K=V,168,0.53436
SORT,Q!=K=V,169,0.53169
SORT,Q!=K=V,170,0.51781
SORT,Q!=K=V,171,0.52039
SORT,Q!=K=V,172,0.51968
SORT,Q!=K=V,173,0.51187
SORT,Q!=K=V,174,0.51966
SORT,Q!=K=V,175,0.51554
SORT,Q!=K=V,176,0.49499
SORT,Q!=K=V,177,0.50335
SORT,Q!=K=V,178,0.50961
SORT,Q!=K=V,179,0.49713
SORT,Q!=K=V,180,0.49071
SORT,Q!=K=V,181,0.49140
SORT,Q!=K=V,182,0.48946
SORT,Q!=K=V,183,0.47989
SORT,Q!=K=V,184,0.48964
SORT,Q!=K=V,185,0.48413
SORT,Q!=K=V,186,0.48404
SORT,Q!=K=V,187,0.49243
SORT,Q!=K=V,188,0.46719
SORT,Q!=K=V,189,0.47709
SORT,Q!=K=V,190,0.47859
SORT,Q!=K=V,191,0.45794
SORT,Q!=K=V,192,0.47021
SORT,Q!=K=V,193,0.46506
SORT,Q!=K=V,194,0.46895
SORT,Q!=K=V,195,0.46991
SORT,Q!=K=V,196,0.44818
SORT,Q!=K=V,197,0.45659
SORT,Q!=K=V,198,0.44368
SORT,Q!=K=V,199,0.45385
SORT,Q!=K=V,200,0.43934
SORT,Q!=K=V,201,0.44822
SORT,Q!=K=V,202,0.43702
SORT,Q!=K=V,203,0.44174
SORT,Q!=K=V,204,0.43616
SORT,Q!=K=V,205,0.43796
SORT,Q!=K=V,206,0.43648
SORT,Q!=K=V,207,0.42949
SORT,Q!=K=V,208,0.43868
SORT,Q!=K=V,209,0.41932
SORT,Q!=K=V,210,0.43216
SORT,Q!=K=V,211,0.42094
SORT,Q!=K=V,212,0.41890
SORT,Q!=K=V,213,0.42320
SORT,Q!=K=V,214,0.42134
SORT,Q!=K=V,215,0.42443
SORT,Q!=K=V,216,0.41773
SORT,Q!=K=V,217,0.41725
SORT,Q!=K=V,218,0.41625
SORT,Q!=K=V,219,0.41283
SORT,Q!=K=V,220,0.40153
SORT,Q!=K=V,221,0.42165
SORT,Q!=K=V,222,0.41273
SORT,Q!=K=V,223,0.41316
SORT,Q!=K=V,224,0.40732
SORT,Q!=K=V,225,0.40476
SORT,Q!=K=V,226,0.40896
SORT,Q!=K=V,227,0.40680
SORT,Q!=K=V,228,0.40430
SORT,Q!=K=V,229,0.40717
SORT,Q!=K=V,230,0.40395
SORT,Q!=K=V,231,0.40182
SORT,Q!=K=V,232,0.41089
SORT,Q!=K=V,233,0.39394
SORT,Q!=K=V,234,0.40211
SORT,Q!=K=V,235,0.40091
SORT,Q!=K=V,236,0.38074
SORT,Q!=K=V,237,0.40079
SORT,Q!=K=V,238,0.39273
SORT,Q!=K=V,239,0.39481
SORT,Q!=K=V,240,0.38508
SORT,Q!=K=V,241,0.39506
SORT,Q!=K=V,242,0.39210
SORT,Q!=K=V,243,0.39474
SORT,Q!=K=V,244,0.39502
SORT,Q!=K=V,245,0.38758
SORT,Q!=K=V,246,0.38718
SORT,Q!=K=V,247,0.39289
SORT,Q!=K=V,248,0.39373
SORT,Q!=K=V,249,0.38597
SORT,Q!=K=V,250,0.38533
SORT,Q!=K=V,251,0.38649
SORT,Q!=K=V,252,0.37120
SORT,Q!=K=V,253,0.37153
SORT,Q!=K=V,254,0.38438
SORT,Q!=K=V,255,0.37959
SORT,Q!=K=V,256,0.37754
SORT,Q!=K=V,257,0.37327
SORT,Q!=K=V,258,0.37559
SORT,Q!=K=V,259,0.37057
SORT,Q!=K=V,260,0.36660
SORT,Q!=K=V,261,0.36505
SORT,Q!=K=V,262,0.37836
SORT,Q!=K=V,263,0.37156
SORT,Q!=K=V,264,0.36652
SORT,Q!=K=V,265,0.36990
SORT,Q!=K=V,266,0.36212
SORT,Q!=K=V,267,0.37272
SORT,Q!=K=V,268,0.36720
SORT,Q!=K=V,269,0.36185
SORT,Q!=K=V,270,0.36645
SORT,Q!=K=V,271,0.36676
SORT,Q!=K=V,272,0.36892
SORT,Q!=K=V,273,0.36133
SORT,Q!=K=V,274,0.36662
SORT,Q!=K=V,275,0.37058
SORT,Q!=K=V,276,0.36903
SORT,Q!=K=V,277,0.36524
SORT,Q!=K=V,278,0.36927
SORT,Q!=K=V,279,0.35879
SORT,Q!=K=V,280,0.36618
SORT,Q!=K=V,281,0.36143
SORT,Q!=K=V,282,0.34794
SORT,Q!=K=V,283,0.36349
SORT,Q!=K=V,284,0.35362
SORT,Q!=K=V,285,0.36365
SORT,Q!=K=V,286,0.34922
SORT,Q!=K=V,287,0.35287
SORT,Q!=K=V,288,0.36345
SORT,Q!=K=V,289,0.36055
SORT,Q!=K=V,290,0.34939
SORT,Q!=K=V,291,0.35403
SORT,Q!=K=V,292,0.35074
SORT,Q!=K=V,293,0.36437
SORT,Q!=K=V,294,0.34333
SORT,Q!=K=V,295,0.35319
SORT,Q!=K=V,296,0.35482
SORT,Q!=K=V,297,0.34980
SORT,Q!=K=V,298,0.34862
SORT,Q!=K=V,299,0.35754
SORT,Q!=K=V,300,0.35333
SORT,Q!=K=V,301,0.35311
SORT,Q!=K=V,302,0.34360
SORT,Q!=K=V,303,0.34472
SORT,Q!=K=V,304,0.34587
SORT,Q!=K=V,305,0.34615
SORT,Q!=K=V,306,0.34572
SORT,Q!=K=V,307,0.34597
SORT,Q!=K=V,308,0.34173
SORT,Q!=K=V,309,0.34506
SORT,Q!=K=V,310,0.34497
SORT,Q!=K=V,311,0.34598
SORT,Q!=K=V,312,0.34275
SORT,Q!=K=V,313,0.34358
SORT,Q!=K=V,314,0.34250
SORT,Q!=K=V,315,0.33208
SORT,Q!=K=V,316,0.34161
SORT,Q!=K=V,317,0.34011
SORT,Q!=K=V,318,0.34624
SORT,Q!=K=V,319,0.34363
SORT,Q!=K=V,320,0.33221
SORT,Q!=K=V,321,0.33944
SORT,Q!=K=V,322,0.33403
SORT,Q!=K=V,323,0.33695
SORT,Q!=K=V,324,0.33524
SORT,Q!=K=V,325,0.34085
SORT,Q!=K=V,326,0.33333
SORT,Q!=K=V,327,0.32954
SORT,Q!=K=V,328,0.33426
SORT,Q!=K=V,329,0.33396
SORT,Q!=K=V,330,0.33148
SORT,Q!=K=V,331,0.32963
SORT,Q!=K=V,332,0.33684
SORT,Q!=K=V,333,0.33165
SORT,Q!=K=V,334,0.32876
SORT,Q!=K=V,335,0.34084
SORT,Q!=K=V,336,0.32971
SORT,Q!=K=V,337,0.32810
SORT,Q!=K=V,338,0.33539
SORT,Q!=K=V,339,0.32942
SORT,Q!=K=V,340,0.32945
SORT,Q!=K=V,341,0.32695
SORT,Q!=K=V,342,0.32806
SORT,Q!=K=V,343,0.31893
SORT,Q!=K=V,344,0.33009
SORT,Q!=K=V,345,0.33378
SORT,Q!=K=V,346,0.32511
SORT,Q!=K=V,347,0.33023
SORT,Q!=K=V,348,0.31776
SORT,Q!=K=V,349,0.32321
SORT,Q!=K=V,350,0.32322
SORT,Q!=K=V,351,0.32853
SORT,Q!=K=V,352,0.32158
SORT,Q!=K=V,353,0.32099
SORT,Q!=K=V,354,0.32758
SORT,Q!=K=V,355,0.32442
SORT,Q!=K=V,356,0.33302
SORT,Q!=K=V,357,0.32792
SORT,Q!=K=V,358,0.32342
SORT,Q!=K=V,359,0.32068
SORT,Q!=K=V,360,0.32007
SORT,Q!=K=V,361,0.32517
SORT,Q!=K=V,362,0.31882
SORT,Q!=K=V,363,0.31128
SORT,Q!=K=V,364,0.31819
SORT,Q!=K=V,365,0.31523
SORT,Q!=K=V,366,0.31659
SORT,Q!=K=V,367,0.31223
SORT,Q!=K=V,368,0.31896
SORT,Q!=K=V,369,0.31472
SORT,Q!=K=V,370,0.31983
SORT,Q!=K=V,371,0.31286
SORT,Q!=K=V,372,0.30931
SORT,Q!=K=V,373,0.31192
SORT,Q!=K=V,374,0.31178
SORT,Q!=K=V,375,0.31073
SORT,Q!=K=V,376,0.31411
SORT,Q!=K=V,377,0.30984
SORT,Q!=K=V,378,0.31286
SORT,Q!=K=V,379,0.30503
SORT,Q!=K=V,380,0.30865
SORT,Q!=K=V,381,0.31033
SORT,Q!=K=V,382,0.30849
SORT,Q!=K=V,383,0.30805
SORT,Q!=K=V,384,0.30740
SORT,Q!=K=V,385,0.30964
SORT,Q!=K=V,386,0.31197
SORT,Q!=K=V,387,0.30340
SORT,Q!=K=V,388,0.30760
SORT,Q!=K=V,389,0.30147
SORT,Q!=K=V,390,0.31081
SORT,Q!=K=V,391,0.30782
SORT,Q!=K=V,392,0.30197
SORT,Q!=K=V,393,0.31543
SORT,Q!=K=V,394,0.31803
SORT,Q!=K=V,395,0.30540
SORT,Q!=K=V,396,0.31346
SORT,Q!=K=V,397,0.31056
SORT,Q!=K=V,398,0.31208
SORT,Q!=K=V,399,0.31130
SORT,Q!=K=V,400,0.30578
SORT,Q!=K=V,401,0.30855
SORT,Q!=K=V,402,0.30010
SORT,Q!=K=V,403,0.31151
SORT,Q!=K=V,404,0.30318
SORT,Q!=K=V,405,0.30180
SORT,Q!=K=V,406,0.29304
SORT,Q!=K=V,407,0.30148
SORT,Q!=K=V,408,0.30388
SORT,Q!=K=V,409,0.29658
SORT,Q!=K=V,410,0.30119
SORT,Q!=K=V,411,0.29999
SORT,Q!=K=V,412,0.30172
SORT,Q!=K=V,413,0.29765
SORT,Q!=K=V,414,0.30074
SORT,Q!=K=V,415,0.30001
SORT,Q!=K=V,416,0.29206
SORT,Q!=K=V,417,0.29804
SORT,Q!=K=V,418,0.29572
SORT,Q!=K=V,419,0.30117
SORT,Q!=K=V,420,0.29628
SORT,Q!=K=V,421,0.29313
SORT,Q!=K=V,422,0.29313
SORT,Q!=K=V,423,0.29330
SORT,Q!=K=V,424,0.30246
SORT,Q!=K=V,425,0.28922
SORT,Q!=K=V,426,0.29091
SORT,Q!=K=V,427,0.29900
SORT,Q!=K=V,428,0.29267
SORT,Q!=K=V,429,0.29090
SORT,Q!=K=V,430,0.28874
SORT,Q!=K=V,431,0.28935
SORT,Q!=K=V,432,0.28689
SORT,Q!=K=V,433,0.28806
SORT,Q!=K=V,434,0.29600
SORT,Q!=K=V,435,0.29243
SORT,Q!=K=V,436,0.29130
SORT,Q!=K=V,437,0.28634
SORT,Q!=K=V,438,0.29446
SORT,Q!=K=V,439,0.28847
SORT,Q!=K=V,440,0.28791
SORT,Q!=K=V,441,0.28452
SORT,Q!=K=V,442,0.29514
SORT,Q!=K=V,443,0.28539
SORT,Q!=K=V,444,0.28856
SORT,Q!=K=V,445,0.28438
SORT,Q!=K=V,446,0.30183
SORT,Q!=K=V,447,0.28643
SORT,Q!=K=V,448,0.27912
SORT,Q!=K=V,449,0.28569
SORT,Q!=K=V,450,0.28335
SORT,Q!=K=V,451,0.29097
SORT,Q!=K=V,452,0.28666
SORT,Q!=K=V,453,0.28221
SORT,Q!=K=V,454,0.29006
SORT,Q!=K=V,455,0.28720
SORT,Q!=K=V,456,0.28839
SORT,Q!=K=V,457,0.28737
SORT,Q!=K=V,458,0.28432
SORT,Q!=K=V,459,0.28109
SORT,Q!=K=V,460,0.28370
SORT,Q!=K=V,461,0.28565
SORT,Q!=K=V,462,0.28423
SORT,Q!=K=V,463,0.28630
SORT,Q!=K=V,464,0.27138
SORT,Q!=K=V,465,0.27866
SORT,Q!=K=V,466,0.28507
SORT,Q!=K=V,467,0.27376
SORT,Q!=K=V,468,0.28024
SORT,Q!=K=V,469,0.28616
SORT,Q!=K=V,470,0.28125
SORT,Q!=K=V,471,0.28463
SORT,Q!=K=V,472,0.27771
SORT,Q!=K=V,473,0.29936
SORT,Q!=K=V,474,0.27945
SORT,Q!=K=V,475,0.28484
SORT,Q!=K=V,476,0.28015
SORT,Q!=K=V,477,0.28214
SORT,Q!=K=V,478,0.28743
SORT,Q!=K=V,479,0.28348
SORT,Q!=K=V,480,0.27482
SORT,Q!=K=V,481,0.28414
SORT,Q!=K=V,482,0.26965
SORT,Q!=K=V,483,0.28120
SORT,Q!=K=V,484,0.27413
SORT,Q!=K=V,485,0.28190
SORT,Q!=K=V,486,0.27995
SORT,Q!=K=V,487,0.27553
SORT,Q!=K=V,488,0.28052
SORT,Q!=K=V,489,0.26942
SORT,Q!=K=V,490,0.27753
SORT,Q!=K=V,491,0.28134
SORT,Q!=K=V,492,0.27207
SORT,Q!=K=V,493,0.26978
SORT,Q!=K=V,494,0.26836
SORT,Q!=K=V,495,0.27556
SORT,Q!=K=V,496,0.28135
SORT,Q!=K=V,497,0.27526
SORT,Q!=K=V,498,0.27773
SORT,Q!=K=V,499,0.27542
SORT,Q!=K=V,500,0.27421
SORT,Q!=K=V,501,0.27449
SORT,Q!=K=V,502,0.27232
SORT,Q!=K=V,503,0.27898
SORT,Q!=K=V,504,0.27452
SORT,Q!=K=V,505,0.27317
SORT,Q!=K=V,506,0.27197
SORT,Q!=K=V,507,0.26917
SORT,Q!=K=V,508,0.26962
SORT,Q!=K=V,509,0.26826
SORT,Q!=K=V,510,0.26930
SORT,Q!=K=V,511,0.27554
SORT,Q!=K=V,512,0.27076
SORT,Q!=K=V,513,0.26682
SORT,Q!=K=V,514,0.26854
SORT,Q!=K=V,515,0.27523
SORT,Q!=K=V,516,0.26799
SORT,Q!=K=V,517,0.26800
SORT,Q!=K=V,518,0.27053
SORT,Q!=K=V,519,0.26851
SORT,Q!=K=V,520,0.26726
SORT,Q!=K=V,521,0.27107
SORT,Q!=K=V,522,0.26804
SORT,Q!=K=V,523,0.26003
SORT,Q!=K=V,524,0.27167
SORT,Q!=K=V,525,0.26736
SORT,Q!=K=V,526,0.26446
SORT,Q!=K=V,527,0.26793
SORT,Q!=K=V,528,0.26815
SORT,Q!=K=V,529,0.26681
SORT,Q!=K=V,530,0.27246
SORT,Q!=K=V,531,0.26357
SORT,Q!=K=V,532,0.26870
SORT,Q!=K=V,533,0.26583
SORT,Q!=K=V,534,0.26553
SORT,Q!=K=V,535,0.26727
SORT,Q!=K=V,536,0.26232
SORT,Q!=K=V,537,0.26402
SORT,Q!=K=V,538,0.27262
SORT,Q!=K=V,539,0.27225
SORT,Q!=K=V,540,0.26365
SORT,Q!=K=V,541,0.26250
SORT,Q!=K=V,542,0.27159
SORT,Q!=K=V,543,0.26965
SORT,Q!=K=V,544,0.25789
SORT,Q!=K=V,545,0.26288
SORT,Q!=K=V,546,0.26274
SORT,Q!=K=V,547,0.26054
SORT,Q!=K=V,548,0.27050
SORT,Q!=K=V,549,0.26464
SORT,Q!=K=V,550,0.27071
SORT,Q!=K=V,551,0.26719
SORT,Q!=K=V,552,0.26431
SORT,Q!=K=V,553,0.27325
SORT,Q!=K=V,554,0.26764
SORT,Q!=K=V,555,0.26377
SORT,Q!=K=V,556,0.26637
SORT,Q!=K=V,557,0.26368
SORT,Q!=K=V,558,0.26570
SORT,Q!=K=V,559,0.26029
SORT,Q!=K=V,560,0.26145
SORT,Q!=K=V,561,0.26209
SORT,Q!=K=V,562,0.26764
SORT,Q!=K=V,563,0.26318
SORT,Q!=K=V,564,0.25637
SORT,Q!=K=V,565,0.25927
SORT,Q!=K=V,566,0.26606
SORT,Q!=K=V,567,0.26243
SORT,Q!=K=V,568,0.26271
SORT,Q!=K=V,569,0.26785
SORT,Q!=K=V,570,0.26222
SORT,Q!=K=V,571,0.26492
SORT,Q!=K=V,572,0.26195
SORT,Q!=K=V,573,0.25689
SORT,Q!=K=V,574,0.26271
SORT,Q!=K=V,575,0.27027
SORT,Q!=K=V,576,0.26084
SORT,Q!=K=V,577,0.25801
SORT,Q!=K=V,578,0.26186
SORT,Q!=K=V,579,0.26997
SORT,Q!=K=V,580,0.26273
SORT,Q!=K=V,581,0.25735
SORT,Q!=K=V,582,0.25962
SORT,Q!=K=V,583,0.25864
SORT,Q!=K=V,584,0.25651
SORT,Q!=K=V,585,0.25462
SORT,Q!=K=V,586,0.26594
SORT,Q!=K=V,587,0.26082
SORT,Q!=K=V,588,0.25933
SORT,Q!=K=V,589,0.25539
SORT,Q!=K=V,590,0.26019
SORT,Q!=K=V,591,0.26120
SORT,Q!=K=V,592,0.25879
SORT,Q!=K=V,593,0.26172
SORT,Q!=K=V,594,0.25915
SORT,Q!=K=V,595,0.25945
SORT,Q!=K=V,596,0.26198
SORT,Q!=K=V,597,0.26299
SORT,Q!=K=V,598,0.25850
SORT,Q!=K=V,599,0.26126
SORT,Q!=K=V,600,0.25554
SORT,Q!=K=V,601,0.25817
SORT,Q!=K=V,602,0.26342
SORT,Q!=K=V,603,0.26331
SORT,Q!=K=V,604,0.26263
SORT,Q!=K=V,605,0.26192
SORT,Q!=K=V,606,0.25849
SORT,Q!=K=V,607,0.25596
SORT,Q!=K=V,608,0.25460
SORT,Q!=K=V,609,0.25759
SORT,Q!=K=V,610,0.26312
SORT,Q!=K=V,611,0.25662
SORT,Q!=K=V,612,0.25159
SORT,Q!=K=V,613,0.25917
SORT,Q!=K=V,614,0.25777
SORT,Q!=K=V,615,0.25930
SORT,Q!=K=V,616,0.25912
SORT,Q!=K=V,617,0.25336
SORT,Q!=K=V,618,0.25784
SORT,Q!=K=V,619,0.25132
SORT,Q!=K=V,620,0.25251
SORT,Q!=K=V,621,0.25409
SORT,Q!=K=V,622,0.25191
SORT,Q!=K=V,623,0.26037
SORT,Q!=K=V,624,0.25545
SORT,Q!=K=V,625,0.25319
SORT,Q!=K=V,626,0.25663
SORT,Q!=K=V,627,0.25305
SORT,Q!=K=V,628,0.26079
SORT,Q!=K=V,629,0.25489
SORT,Q!=K=V,630,0.25413
SORT,Q!=K=V,631,0.27558
SORT,Q!=K=V,632,0.25020
SORT,Q!=K=V,633,0.25331
SORT,Q!=K=V,634,0.25752
SORT,Q!=K=V,635,0.25964
SORT,Q!=K=V,636,0.25252
SORT,Q!=K=V,637,0.25753
SORT,Q!=K=V,638,0.25564
SORT,Q!=K=V,639,0.25375
SORT,Q!=K=V,640,0.25883
SORT,Q!=K=V,641,0.25326
SORT,Q!=K=V,642,0.25990
SORT,Q!=K=V,643,0.25243
SORT,Q!=K=V,644,0.25906
SORT,Q!=K=V,645,0.25840
SORT,Q!=K=V,646,0.25531
SORT,Q!=K=V,647,0.25569
SORT,Q!=K=V,648,0.25618
SORT,Q!=K=V,649,0.25606
SORT,Q!=K=V,650,0.25307
SORT,Q!=K=V,651,0.25320
SORT,Q!=K=V,652,0.25625
SORT,Q!=K=V,653,0.25296
SORT,Q!=K=V,654,0.25454
SORT,Q!=K=V,655,0.25303
SORT,Q!=K=V,656,0.25075
SORT,Q!=K=V,657,0.25209
SORT,Q!=K=V,658,0.24973
SORT,Q!=K=V,659,0.25298
SORT,Q!=K=V,660,0.25961
SORT,Q!=K=V,661,0.25490
SORT,Q!=K=V,662,0.25354
SORT,Q!=K=V,663,0.25378
SORT,Q!=K=V,664,0.25384
SORT,Q!=K=V,665,0.25259
SORT,Q!=K=V,666,0.24683
SORT,Q!=K=V,667,0.25306
SORT,Q!=K=V,668,0.25618
SORT,Q!=K=V,669,0.26014
SORT,Q!=K=V,670,0.24856
SORT,Q!=K=V,671,0.25163
SORT,Q!=K=V,672,0.24848
SORT,Q!=K=V,673,0.25210
SORT,Q!=K=V,674,0.25395
SORT,Q!=K=V,675,0.25143
SORT,Q!=K=V,676,0.25688
SORT,Q!=K=V,677,0.25397
SORT,Q!=K=V,678,0.25129
SORT,Q!=K=V,679,0.25397
SORT,Q!=K=V,680,0.25634
SORT,Q!=K=V,681,0.25637
SORT,Q!=K=V,682,0.25506
SORT,Q!=K=V,683,0.24889
SORT,Q!=K=V,684,0.25821
SORT,Q!=K=V,685,0.25285
SORT,Q!=K=V,686,0.25726
SORT,Q!=K=V,687,0.25627
SORT,Q!=K=V,688,0.25469
SORT,Q!=K=V,689,0.25754
SORT,Q!=K=V,690,0.25427
SORT,Q!=K=V,691,0.25666
SORT,Q!=K=V,692,0.25189
SORT,Q!=K=V,693,0.24829
SORT,Q!=K=V,694,0.25971
SORT,Q!=K=V,695,0.25453
SORT,Q!=K=V,696,0.25445
SORT,Q!=K=V,697,0.25411
SORT,Q!=K=V,698,0.25167
SORT,Q!=K=V,699,0.24667
SORT,Q!=K=V,700,0.25089
SORT,Q!=K=V,701,0.25717
SORT,Q!=K=V,702,0.25095
SORT,Q!=K=V,703,0.25281
SORT,Q!=K=V,704,0.25475
SORT,Q!=K=V,705,0.25323
SORT,Q!=K=V,706,0.25063
SORT,Q!=K=V,707,0.25046
SORT,Q!=K=V,708,0.25245
SORT,Q!=K=V,709,0.24683
SORT,Q!=K=V,710,0.25914
SORT,Q!=K=V,711,0.25057
SORT,Q!=K=V,712,0.24895
SORT,Q!=K=V,713,0.24772
SORT,Q!=K=V,714,0.24983
SORT,Q!=K=V,715,0.24805
SORT,Q!=K=V,716,0.25107
SORT,Q!=K=V,717,0.25553
SORT,Q!=K=V,718,0.25967
SORT,Q!=K=V,719,0.24512
SORT,Q!=K=V,720,0.25579
SORT,Q!=K=V,721,0.25145
SORT,Q!=K=V,722,0.24517
SORT,Q!=K=V,723,0.25153
SORT,Q!=K=V,724,0.25240
SORT,Q!=K=V,725,0.25539
SORT,Q!=K=V,726,0.26065
SORT,Q!=K=V,727,0.25073
SORT,Q!=K=V,728,0.25017
SORT,Q!=K=V,729,0.24372
SORT,Q!=K=V,730,0.24936
SORT,Q!=K=V,731,0.25071
SORT,Q!=K=V,732,0.25786
SORT,Q!=K=V,733,0.24835
SORT,Q!=K=V,734,0.24898
SORT,Q!=K=V,735,0.25650
SORT,Q!=K=V,736,0.24810
SORT,Q!=K=V,737,0.25414
SORT,Q!=K=V,738,0.24032
SORT,Q!=K=V,739,0.25430
SORT,Q!=K=V,740,0.24778
SORT,Q!=K=V,741,0.25348
SORT,Q!=K=V,742,0.25113
SORT,Q!=K=V,743,0.25211
SORT,Q!=K=V,744,0.25511
SORT,Q!=K=V,745,0.25035
SORT,Q!=K=V,746,0.25294
SORT,Q!=K=V,747,0.24959
SORT,Q!=K=V,748,0.25078
SORT,Q!=K=V,749,0.25556
SORT,Q!=K=V,750,0.25566
SORT,Q!=K=V,751,0.25243
SORT,Q!=K=V,752,0.25582
SORT,Q!=K=V,753,0.25523
SORT,Q!=K=V,754,0.25360
SORT,Q!=K=V,755,0.25354
SORT,Q!=K=V,756,0.24544
SORT,Q!=K=V,757,0.25376
SORT,Q!=K=V,758,0.25949
SORT,Q!=K=V,759,0.24743
SORT,Q!=K=V,760,0.25509
SORT,Q!=K=V,761,0.25357
SORT,Q!=K=V,762,0.25089
SORT,Q!=K=V,763,0.25482
SORT,Q!=K=V,764,0.25194
SORT,Q!=K=V,765,0.25155
SORT,Q!=K=V,766,0.25250
SORT,Q!=K=V,767,0.24832
SORT,Q!=K=V,768,0.24757
SORT,Q!=K=V,769,0.25718
SORT,Q!=K=V,770,0.25304
SORT,Q!=K=V,771,0.25286
SORT,Q!=K=V,772,0.25631
SORT,Q!=K=V,773,0.25591
SORT,Q!=K=V,774,0.24880
SORT,Q!=K=V,775,0.25572
SORT,Q!=K=V,776,0.24846
SORT,Q!=K=V,777,0.25658
SORT,Q!=K=V,778,0.24992
SORT,Q!=K=V,779,0.25372
SORT,Q!=K=V,780,0.24784
SORT,Q!=K=V,781,0.25751
SORT,Q!=K=V,782,0.25200
SORT,Q!=K=V,783,0.25058
SORT,Q!=K=V,784,0.25274
SORT,Q!=K=V,785,0.24663
SORT,Q!=K=V,786,0.25087
SORT,Q!=K=V,787,0.24609
SORT,Q!=K=V,788,0.24678
SORT,Q!=K=V,789,0.23876
SORT,Q=K=V,0,2.43545
SORT,Q=K=V,1,2.43171
SORT,Q=K=V,2,2.42036
SORT,Q=K=V,3,2.41836
SORT,Q=K=V,4,2.40523
SORT,Q=K=V,5,2.39367
SORT,Q=K=V,6,2.37741
SORT,Q=K=V,7,2.36183
SORT,Q=K=V,8,2.34017
SORT,Q=K=V,9,2.31711
SORT,Q=K=V,10,2.29335
SORT,Q=K=V,11,2.27040
SORT,Q=K=V,12,2.24241
SORT,Q=K=V,13,2.21085
SORT,Q=K=V,14,2.18419
SORT,Q=K=V,15,2.15543
SORT,Q=K=V,16,2.11278
SORT,Q=K=V,17,2.08047
SORT,Q=K=V,18,2.05267
SORT,Q=K=V,19,2.00788
SORT,Q=K=V,20,1.97196
SORT,Q=K=V,21,1.92470
SORT,Q=K=V,22,1.87836
SORT,Q=K=V,23,1.84160
SORT,Q=K=V,24,1.79252
SORT,Q=K=V,25,1.74807
SORT,Q=K=V,26,1.68856
SORT,Q=K=V,27,1.64308
SORT,Q=K=V,28,1.58368
SORT,Q=K=V,29,1.53665
SORT,Q=K=V,30,1.50049
SORT,Q=K=V,31,1.44755
SORT,Q=K=V,32,1.37796
SORT,Q=K=V,33,1.33945
SORT,Q=K=V,34,1.28363
SORT,Q=K=V,35,1.24256
SORT,Q=K=V,36,1.20425
SORT,Q=K=V,37,1.17903
SORT,Q=K=V,38,1.12730
SORT,Q=K=V,39,1.10114
SORT,Q=K=V,40,1.07139
SORT,Q=K=V,41,1.03955
SORT,Q=K=V,42,1.01897
SORT,Q=K=V,43,0.98794
SORT,Q=K=V,44,0.98945
SORT,Q=K=V,45,0.96272
SORT,Q=K=V,46,0.91250
SORT,Q=K=V,47,0.93303
SORT,Q=K=V,48,0.92621
SORT,Q=K=V,49,0.90991
SORT,Q=K=V,50,0.89860
SORT,Q=K=V,51,0.88724
SORT,Q=K=V,52,0.88828
SORT,Q=K=V,53,0.86469
SORT,Q=K=V,54,0.86740
SORT,Q=K=V,55,0.85494
SORT,Q=K=V,56,0.85291
SORT,Q=K=V,57,0.86102
SORT,Q=K=V,58,0.84408
SORT,Q=K=V,59,0.88425
SORT,Q=K=V,60,0.84002
SORT,Q=K=V,61,0.83686
SORT,Q=K=V,62,0.83269
SORT,Q=K=V,63,0.85214
SORT,Q=K=V,64,0.85193
SORT,Q=K=V,65,0.81181
SORT,Q=K=V,66,0.83518
SORT,Q=K=V,67,0.81984
SORT,Q=K=V,68,0.80186
SORT,Q=K=V,69,0.82632
SORT,Q=K=V,70,0.83441
SORT,Q=K=V,71,0.82826
SORT,Q=K=V,72,0.83543
SORT,Q=K=V,73,0.83063
SORT,Q=K=V,74,0.81834
SORT,Q=K=V,75,0.82898
SORT,Q=K=V,76,0.83547
SORT,Q=K=V,77,0.79732
SORT,Q=K=V,78,0.82516
SORT,Q=K=V,79,0.80866
SORT,Q=K=V,80,0.83093
SORT,Q=K=V,81,0.79241
SORT,Q=K=V,82,0.83712
SORT,Q=K=V,83,0.80120
SORT,Q=K=V,84,0.81312
SORT,Q=K=V,85,0.81904
SORT,Q=K=V,86,0.82325
SORT,Q=K=V,87,0.80627
SORT,Q=K=V,88,0.82519
SORT,Q=K=V,89,0.78340
SORT,Q=K=V,90,0.80562
SORT,Q=K=V,91,0.80533
SORT,Q=K=V,92,0.81069
SORT,Q=K=V,93,0.80702
SORT,Q=K=V,94,0.82604
SORT,Q=K=V,95,0.79409
SORT,Q=K=V,96,0.82745
SORT,Q=K=V,97,0.78402
SORT,Q=K=V,98,0.81544
SORT,Q=K=V,99,0.78092
SORT,Q=K=V,100,0.81107
SORT,Q=K=V,101,0.80210
SORT,Q=K=V,102,0.79998
SORT,Q=K=V,103,0.78840
SORT,Q=K=V,104,0.76257
SORT,Q=K=V,105,0.77042
SORT,Q=K=V,106,0.79239
SORT,Q=K=V,107,0.78687
SORT,Q=K=V,108,0.78446
SORT,Q=K=V,109,0.79447
SORT,Q=K=V,110,0.79526
SORT,Q=K=V,111,0.80226
SORT,Q=K=V,112,0.76858
SORT,Q=K=V,113,0.79313
SORT,Q=K=V,114,0.76324
SORT,Q=K=V,115,0.76944
SORT,Q=K=V,116,0.79006
SORT,Q=K=V,117,0.76984
SORT,Q=K=V,118,0.76704
SORT,Q=K=V,119,0.77755
SORT,Q=K=V,120,0.78061
SORT,Q=K=V,121,0.76261
SORT,Q=K=V,122,0.74511
SORT,Q=K=V,123,0.76775
SORT,Q=K=V,124,0.77733
SORT,Q=K=V,125,0.74736
SORT,Q=K=V,126,0.73491
SORT,Q=K=V,127,0.76655
SORT,Q=K=V,128,0.75424
SORT,Q=K=V,129,0.76425
SORT,Q=K=V,130,0.73225
SORT,Q=K=V,131,0.75263
SORT,Q=K=V,132,0.72290
SORT,Q=K=V,133,0.73842
SORT,Q=K=V,134,0.71528
SORT,Q=K=V,135,0.74115
SORT,Q=K=V,136,0.72112
SORT,Q=K=V,137,0.73311
SORT,Q=K=V,138,0.72244
SORT,Q=K=V,139,0.73093
SORT,Q=K=V,140,0.73288
SORT,Q=K=V,141,0.72374
SORT,Q=K=V,142,0.68683
SORT,Q=K=V,143,0.70287
SORT,Q=K=V,144,0.72510
SORT,Q=K=V,145,0.69164
SORT,Q=K=V,146,0.68553
SORT,Q=K=V,147,0.71698
SORT,Q=K=V,148,0.70371
SORT,Q=K=V,149,0.70433
SORT,Q=K=V,150,0.69239
SORT,Q=K=V,151,0.67887
SORT,Q=K=V,152,0.68445
SORT,Q=K=V,153,0.71930
SORT,Q=K=V,154,0.66812
SORT,Q=K=V,155,0.66831
SORT,Q=K=V,156,0.66485
SORT,Q=K=V,157,0.64214
SORT,Q=K=V,158,0.67524
SORT,Q=K=V,159,0.66412
SORT,Q=K=V,160,0.67345
SORT,Q=K=V,161,0.66719
SORT,Q=K=V,162,0.64937
SORT,Q=K=V,163,0.65416
SORT,Q=K=V,164,0.65132
SORT,Q=K=V,165,0.66552
SORT,Q=K=V,166,0.64536
SORT,Q=K=V,167,0.64691
SORT,Q=K=V,168,0.63940
SORT,Q=K=V,169,0.63226
SORT,Q=K=V,170,0.63181
SORT,Q=K=V,171,0.62663
SORT,Q=K=V,172,0.62182
SORT,Q=K=V,173,0.63253
SORT,Q=K=V,174,0.63092
SORT,Q=K=V,175,0.61786
SORT,Q=K=V,176,0.59947
SORT,Q=K=V,177,0.61982
SORT,Q=K=V,178,0.60531
SORT,Q=K=V,179,0.60046
SORT,Q=K=V,180,0.59307
SORT,Q=K=V,181,0.59683
SORT,Q=K=V,182,0.59183
SORT,Q=K=V,183,0.57908
SORT,Q=K=V,184,0.59798
SORT,Q=K=V,185,0.59088
SORT,Q=K=V,186,0.58635
SORT,Q=K=V,187,0.57893
SORT,Q=K=V,188,0.57139
SORT,Q=K=V,189,0.57242
SORT,Q=K=V,190,0.57319
SORT,Q=K=V,191,0.55331
SORT,Q=K=V,192,0.55159
SORT,Q=K=V,193,0.56481
SORT,Q=K=V,194,0.55556
SORT,Q=K=V,195,0.56575
SORT,Q=K=V,196,0.54519
SORT,Q=K=V,197,0.54271
SORT,Q=K=V,198,0.54437
SORT,Q=K=V,199,0.53622
SORT,Q=K=V,200,0.53876
SORT,Q=K=V,201,0.53872
SORT,Q=K=V,202,0.53456
SORT,Q=K=V,203,0.53906
SORT,Q=K=V,204,0.52166
SORT,Q=K=V,205,0.52649
SORT,Q=K=V,206,0.52357
SORT,Q=K=V,207,0.52288
SORT,Q=K=V,208,0.53273
SORT,Q=K=V,209,0.51187
SORT,Q=K=V,210,0.52797
SORT,Q=K=V,211,0.51136
SORT,Q=K=V,212,0.50322
SORT,Q=K=V,213,0.51190
SORT,Q=K=V,214,0.50988
SORT,Q=K=V,215,0.51591
SORT,Q=K=V,216,0.51200
SORT,Q=K=V,217,0.51586
SORT,Q=K=V,218,0.51424
SORT,Q=K=V,219,0.51408
SORT,Q=K=V,220,0.50405
SORT,Q=K=V,221,0.51170
SORT,Q=K=V,222,0.51420
SORT,Q=K=V,223,0.50454
SORT,Q=K=V,224,0.49649
SORT,Q=K=V,225,0.51408
SORT,Q=K=V,226,0.49937
SORT,Q=K=V,227,0.50552
SORT,Q=K=V,228,0.49319
SORT,Q=K=V,229,0.51285
SORT,Q=K=V,230,0.49855
SORT,Q=K=V,231,0.51221
SORT,Q=K=V,232,0.53047
SORT,Q=K=V,233,0.49684
SORT,Q=K=V,234,0.49426
SORT,Q=K=V,235,0.49156
SORT,Q=K=V,236,0.45711
SORT,Q=K=V,237,0.49184
SORT,Q=K=V,238,0.48078
SORT,Q=K=V,239,0.48101
SORT,Q=K=V,240,0.46863
SORT,Q=K=V,241,0.47311
SORT,Q=K=V,242,0.47776
SORT,Q=K=V,243,0.46754
SORT,Q=K=V,244,0.48329
SORT,Q=K=V,245,0.47070
SORT,Q=K=V,246,0.46983
SORT,Q=K=V,247,0.48133
SORT,Q=K=V,248,0.47890
SORT,Q=K=V,249,0.47273
SORT,Q=K=V,250,0.47102
SORT,Q=K=V,251,0.47518
SORT,Q=K=V,252,0.45458
SORT,Q=K=V,253,0.45274
SORT,Q=K=V,254,0.46873
SORT,Q=K=V,255,0.45931
SORT,Q=K=V,256,0.46293
SORT,Q=K=V,257,0.45664
SORT,Q=K=V,258,0.45653
SORT,Q=K=V,259,0.45373
SORT,Q=K=V,260,0.45231
SORT,Q=K=V,261,0.44439
SORT,Q=K=V,262,0.45851
SORT,Q=K=V,263,0.45056
SORT,Q=K=V,264,0.44475
SORT,Q=K=V,265,0.44749
SORT,Q=K=V,266,0.43905
SORT,Q=K=V,267,0.45091
SORT,Q=K=V,268,0.43934
SORT,Q=K=V,269,0.43517
SORT,Q=K=V,270,0.44192
SORT,Q=K=V,271,0.44212
SORT,Q=K=V,272,0.44188
SORT,Q=K=V,273,0.43782
SORT,Q=K=V,274,0.45511
SORT,Q=K=V,275,0.44993
SORT,Q=K=V,276,0.44177
SORT,Q=K=V,277,0.43794
SORT,Q=K=V,278,0.44146
SORT,Q=K=V,279,0.43314
SORT,Q=K=V,280,0.44199
SORT,Q=K=V,281,0.43878
SORT,Q=K=V,282,0.42183
SORT,Q=K=V,283,0.43949
SORT,Q=K=V,284,0.43245
SORT,Q=K=V,285,0.42973
SORT,Q=K=V,286,0.42529
SORT,Q=K=V,287,0.42167
SORT,Q=K=V,288,0.43522
SORT,Q=K=V,289,0.43544
SORT,Q=K=V,290,0.42032
SORT,Q=K=V,291,0.42178
SORT,Q=K=V,292,0.42447
SORT,Q=K=V,293,0.43665
SORT,Q=K=V,294,0.41444
SORT,Q=K=V,295,0.42430
SORT,Q=K=V,296,0.43109
SORT,Q=K=V,297,0.43023
SORT,Q=K=V,298,0.41470
SORT,Q=K=V,299,0.42680
SORT,Q=K=V,300,0.42021
SORT,Q=K=V,301,0.42607
SORT,Q=K=V,302,0.42082
SORT,Q=K=V,303,0.42313
SORT,Q=K=V,304,0.41547
SORT,Q=K=V,305,0.42444
SORT,Q=K=V,306,0.41270
SORT,Q=K=V,307,0.41427
SORT,Q=K=V,308,0.41769
SORT,Q=K=V,309,0.41210
SORT,Q=K=V,310,0.40928
SORT,Q=K=V,311,0.41302
SORT,Q=K=V,312,0.41250
SORT,Q=K=V,313,0.41113
SORT,Q=K=V,314,0.40464
SORT,Q=K=V,315,0.40501
SORT,Q=K=V,316,0.41337
SORT,Q=K=V,317,0.40902
SORT,Q=K=V,318,0.41467
SORT,Q=K=V,319,0.42126
SORT,Q=K=V,320,0.39541
SORT,Q=K=V,321,0.41080
SORT,Q=K=V,322,0.40537
SORT,Q=K=V,323,0.40024
SORT,Q=K=V,324,0.40531
SORT,Q=K=V,325,0.40911
SORT,Q=K=V,326,0.40176
SORT,Q=K=V,327,0.39862
SORT,Q=K=V,328,0.40709
SORT,Q=K=V,329,0.40293
SORT,Q=K=V,330,0.40086
SORT,Q=K=V,331,0.39834
SORT,Q=K=V,332,0.40582
SORT,Q=K=V,333,0.40086
SORT,Q=K=V,334,0.39373
SORT,Q=K=V,335,0.40388
SORT,Q=K=V,336,0.40243
SORT,Q=K=V,337,0.39236
SORT,Q=K=V,338,0.40220
SORT,Q=K=V,339,0.39485
SORT,Q=K=V,340,0.39602
SORT,Q=K=V,341,0.38420
SORT,Q=K=V,342,0.39486
SORT,Q=K=V,343,0.38645
SORT,Q=K=V,344,0.39446
SORT,Q=K=V,345,0.39941
SORT,Q=K=V,346,0.38898
SORT,Q=K=V,347,0.39760
SORT,Q=K=V,348,0.37993
SORT,Q=K=V,349,0.38457
SORT,Q=K=V,350,0.38458
SORT,Q=K=V,351,0.38598
SORT,Q=K=V,352,0.38593
SORT,Q=K=V,353,0.38322
SORT,Q=K=V,354,0.39546
SORT,Q=K=V,355,0.38619
SORT,Q=K=V,356,0.39287
SORT,Q=K=V,357,0.39107
SORT,Q=K=V,358,0.38944
SORT,Q=K=V,359,0.38778
SORT,Q=K=V,360,0.38074
SORT,Q=K=V,361,0.38634
SORT,Q=K=V,362,0.38836
SORT,Q=K=V,363,0.36965
SORT,Q=K=V,364,0.37956
SORT,Q=K=V,365,0.37751
SORT,Q=K=V,366,0.37927
SORT,Q=K=V,367,0.37032
SORT,Q=K=V,368,0.38581
SORT,Q=K=V,369,0.37442
SORT,Q=K=V,370,0.38390
SORT,Q=K=V,371,0.38292
SORT,Q=K=V,372,0.37429
SORT,Q=K=V,373,0.38280
SORT,Q=K=V,374,0.38224
SORT,Q=K=V,375,0.37334
SORT,Q=K=V,376,0.37383
SORT,Q=K=V,377,0.37544
SORT,Q=K=V,378,0.37729
SORT,Q=K=V,379,0.36867
SORT,Q=K=V,380,0.37137
SORT,Q=K=V,381,0.37246
SORT,Q=K=V,382,0.37430
SORT,Q=K=V,383,0.37799
SORT,Q=K=V,384,0.37725
SORT,Q=K=V,385,0.37591
SORT,Q=K=V,386,0.37414
SORT,Q=K=V,387,0.36591
SORT,Q=K=V,388,0.37262
SORT,Q=K=V,389,0.36538
SORT,Q=K=V,390,0.37269
SORT,Q=K=V,391,0.37072
SORT,Q=K=V,392,0.35927
SORT,Q=K=V,393,0.37474
SORT,Q=K=V,394,0.38818
SORT,Q=K=V,395,0.36488
SORT,Q=K=V,396,0.37381
SORT,Q=K=V,397,0.37534
SORT,Q=K=V,398,0.37375
SORT,Q=K=V,399,0.37259
SORT,Q=K=V,400,0.36741
SORT,Q=K=V,401,0.36207
SORT,Q=K=V,402,0.36622
SORT,Q=K=V,403,0.37069
SORT,Q=K=V,404,0.37158
SORT,Q=K=V,405,0.36139
SORT,Q=K=V,406,0.35553
SORT,Q=K=V,407,0.36246
SORT,Q=K=V,408,0.36759
SORT,Q=K=V,409,0.36154
SORT,Q=K=V,410,0.36579
SORT,Q=K=V,411,0.36716
SORT,Q=K=V,412,0.36610
SORT,Q=K=V,413,0.36358
SORT,Q=K=V,414,0.37002
SORT,Q=K=V,415,0.35946
SORT,Q=K=V,416,0.35461
SORT,Q=K=V,417,0.36383
SORT,Q=K=V,418,0.35957
SORT,Q=K=V,419,0.36817
SORT,Q=K=V,420,0.35681
SORT,Q=K=V,421,0.35880
SORT,Q=K=V,422,0.35610
SORT,Q=K=V,423,0.35847
SORT,Q=K=V,424,0.36678
SORT,Q=K=V,425,0.35127
SORT,Q=K=V,426,0.35751
SORT,Q=K=V,427,0.36174
SORT,Q=K=V,428,0.36522
SORT,Q=K=V,429,0.35612
SORT,Q=K=V,430,0.35667
SORT,Q=K=V,431,0.35518
SORT,Q=K=V,432,0.35266
SORT,Q=K=V,433,0.35246
SORT,Q=K=V,434,0.36386
SORT,Q=K=V,435,0.35793
SORT,Q=K=V,436,0.36075
SORT,Q=K=V,437,0.35068
SORT,Q=K=V,438,0.36161
SORT,Q=K=V,439,0.35847
SORT,Q=K=V,440,0.35452
SORT,Q=K=V,441,0.35072
SORT,Q=K=V,442,0.36203
SORT,Q=K=V,443,0.35416
SORT,Q=K=V,444,0.35233
SORT,Q=K=V,445,0.35525
SORT,Q=K=V,446,0.36241
SORT,Q=K=V,447,0.35289
SORT,Q=K=V,448,0.34633
SORT,Q=K=V,449,0.34521
SORT,Q=K=V,450,0.34857
SORT,Q=K=V,451,0.35318
SORT,Q=K=V,452,0.35427
SORT,Q=K=V,453,0.34967
SORT,Q=K=V,454,0.34968
SORT,Q=K=V,455,0.35212
SORT,Q=K=V,456,0.35556
SORT,Q=K=V,457,0.35230
SORT,Q=K=V,458,0.35683
SORT,Q=K=V,459,0.34828
SORT,Q=K=V,460,0.34896
SORT,Q=K=V,461,0.34989
SORT,Q=K=V,462,0.35082
SORT,Q=K=V,463,0.34988
SORT,Q=K=V,464,0.33691
SORT,Q=K=V,465,0.34558
SORT,Q=K=V,466,0.35055
SORT,Q=K=V,467,0.34131
SORT,Q=K=V,468,0.34864
SORT,Q=K=V,469,0.35052
SORT,Q=K=V,470,0.35037
SORT,Q=K=V,471,0.34548
SORT,Q=K=V,472,0.34158
SORT,Q=K=V,473,0.36764
SORT,Q=K=V,474,0.34500
SORT,Q=K=V,475,0.35147
SORT,Q=K=V,476,0.34508
SORT,Q=K=V,477,0.34972
SORT,Q=K=V,478,0.35544
SORT,Q=K=V,479,0.35387
SORT,Q=K=V,480,0.34332
SORT,Q=K=V,481,0.34964
SORT,Q=K=V,482,0.33681
SORT,Q=K=V,483,0.34562
SORT,Q=K=V,484,0.34138
SORT,Q=K=V,485,0.34956
SORT,Q=K=V,486,0.34406
SORT,Q=K=V,487,0.34490
SORT,Q=K=V,488,0.34508
SORT,Q=K=V,489,0.33159
SORT,Q=K=V,490,0.34015
SORT,Q=K=V,491,0.34848
SORT,Q=K=V,492,0.33782
SORT,Q=K=V,493,0.33550
SORT,Q=K=V,494,0.33656
SORT,Q=K=V,495,0.34561
SORT,Q=K=V,496,0.34529
SORT,Q=K=V,497,0.33857
SORT,Q=K=V,498,0.34293
SORT,Q=K=V,499,0.34168
SORT,Q=K=V,500,0.33680
SORT,Q=K=V,501,0.34807
SORT,Q=K=V,502,0.34003
SORT,Q=K=V,503,0.34423
SORT,Q=K=V,504,0.33768
SORT,Q=K=V,505,0.34218
SORT,Q=K=V,506,0.33880
SORT,Q=K=V,507,0.33559
SORT,Q=K=V,508,0.34097
SORT,Q=K=V,509,0.33698
SORT,Q=K=V,510,0.33625
SORT,Q=K=V,511,0.33957
SORT,Q=K=V,512,0.33605
SORT,Q=K=V,513,0.33105
SORT,Q=K=V,514,0.33530
SORT,Q=K=V,515,0.33776
SORT,Q=K=V,516,0.33415
SORT,Q=K=V,517,0.33193
SORT,Q=K=V,518,0.33600
SORT,Q=K=V,519,0.33585
SORT,Q=K=V,520,0.33969
SORT,Q=K=V,521,0.33421
SORT,Q=K=V,522,0.33589
SORT,Q=K=V,523,0.32336
SORT,Q=K=V,524,0.33599
SORT,Q=K=V,525,0.33715
SORT,Q=K=V,526,0.33203
SORT,Q=K=V,527,0.33559
SORT,Q=K=V,528,0.33132
SORT,Q=K=V,529,0.33166
SORT,Q=K=V,530,0.33662
SORT,Q=K=V,531,0.33063
SORT,Q=K=V,532,0.33757
SORT,Q=K=V,533,0.33564
SORT,Q=K=V,534,0.33031
SORT,Q=K=V,535,0.33956
SORT,Q=K=V,536,0.33517
SORT,Q=K=V,537,0.32836
SORT,Q=K=V,538,0.33740
SORT,Q=K=V,539,0.33800
SORT,Q=K=V,540,0.33684
SORT,Q=K=V,541,0.33113
SORT,Q=K=V,542,0.33652
SORT,Q=K=V,543,0.33634
SORT,Q=K=V,544,0.31879
SORT,Q=K=V,545,0.32954
SORT,Q=K=V,546,0.33239
SORT,Q=K=V,547,0.33158
SORT,Q=K=V,548,0.33800
SORT,Q=K=V,549,0.33002
SORT,Q=K=V,550,0.33675
SORT,Q=K=V,551,0.33645
SORT,Q=K=V,552,0.33602
SORT,Q=K=V,553,0.33793
SORT,Q=K=V,554,0.33729
SORT,Q=K=V,555,0.33577
SORT,Q=K=V,556,0.33272
SORT,Q=K=V,557,0.32938
SORT,Q=K=V,558,0.32987
SORT,Q=K=V,559,0.32517
SORT,Q=K=V,560,0.33074
SORT,Q=K=V,561,0.33147
SORT,Q=K=V,562,0.33101
SORT,Q=K=V,563,0.33000
SORT,Q=K=V,564,0.32278
SORT,Q=K=V,565,0.32855
SORT,Q=K=V,566,0.33403
SORT,Q=K=V,567,0.32637
SORT,Q=K=V,568,0.33187
SORT,Q=K=V,569,0.33254
SORT,Q=K=V,570,0.33021
SORT,Q=K=V,571,0.33316
SORT,Q=K=V,572,0.33155
SORT,Q=K=V,573,0.32758
SORT,Q=K=V,574,0.32254
SORT,Q=K=V,575,0.33496
SORT,Q=K=V,576,0.32795
SORT,Q=K=V,577,0.32413
SORT,Q=K=V,578,0.33226
SORT,Q=K=V,579,0.33530
SORT,Q=K=V,580,0.33091
SORT,Q=K=V,581,0.32135
SORT,Q=K=V,582,0.32306
SORT,Q=K=V,583,0.33207
SORT,Q=K=V,584,0.32108
SORT,Q=K=V,585,0.32175
SORT,Q=K=V,586,0.33546
SORT,Q=K=V,587,0.32510
SORT,Q=K=V,588,0.32126
SORT,Q=K=V,589,0.32253
SORT,Q=K=V,590,0.32681
SORT,Q=K=V,591,0.32840
SORT,Q=K=V,592,0.32587
SORT,Q=K=V,593,0.32376
SORT,Q=K=V,594,0.32840
SORT,Q=K=V,595,0.32671
SORT,Q=K=V,596,0.32758
SORT,Q=K=V,597,0.33331
SORT,Q=K=V,598,0.32348
SORT,Q=K=V,599,0.32277
SORT,Q=K=V,600,0.32461
SORT,Q=K=V,601,0.32616
SORT,Q=K=V,602,0.33009
SORT,Q=K=V,603,0.32631
SORT,Q=K=V,604,0.33050
SORT,Q=K=V,605,0.32599
SORT,Q=K=V,606,0.32864
SORT,Q=K=V,607,0.32622
SORT,Q=K=V,608,0.32219
SORT,Q=K=V,609,0.32873
SORT,Q=K=V,610,0.32937
SORT,Q=K=V,611,0.32082
SORT,Q=K=V,612,0.31690
SORT,Q=K=V,613,0.32242
SORT,Q=K=V,614,0.32192
SORT,Q=K=V,615,0.32616
SORT,Q=K=V,616,0.32023
SORT,Q=K=V,617,0.31916
SORT,Q=K=V,618,0.32050
SORT,Q=K=V,619,0.32398
SORT,Q=K=V,620,0.32094
SORT,Q=K=V,621,0.32140
SORT,Q=K=V,622,0.32245
SORT,Q=K=V,623,0.32580
SORT,Q=K=V,624,0.32490
SORT,Q=K=V,625,0.32100
SORT,Q=K=V,626,0.32528
SORT,Q=K=V,627,0.32373
SORT,Q=K=V,628,0.32756
SORT,Q=K=V,629,0.31867
SORT,Q=K=V,630,0.32291
SORT,Q=K=V,631,0.33557
SORT,Q=K=V,632,0.31650
SORT,Q=K=V,633,0.32155
SORT,Q=K=V,634,0.31971
SORT,Q=K=V,635,0.32835
SORT,Q=K=V,636,0.31825
SORT,Q=K=V,637,0.33010
SORT,Q=K=V,638,0.31901
SORT,Q=K=V,639,0.32347
SORT,Q=K=V,640,0.32261
SORT,Q=K=V,641,0.32326
SORT,Q=K=V,642,0.32412
SORT,Q=K=V,643,0.32230
SORT,Q=K=V,644,0.33346
SORT,Q=K=V,645,0.32822
SORT,Q=K=V,646,0.31837
SORT,Q=K=V,647,0.32476
SORT,Q=K=V,648,0.32291
SORT,Q=K=V,649,0.31891
SORT,Q=K=V,650,0.32121
SORT,Q=K=V,651,0.32640
SORT,Q=K=V,652,0.32059
SORT,Q=K=V,653,0.32189
SORT,Q=K=V,654,0.32015
SORT,Q=K=V,655,0.32134
SORT,Q=K=V,656,0.31856
SORT,Q=K=V,657,0.32067
SORT,Q=K=V,658,0.31037
SORT,Q=K=V,659,0.32025
SORT,Q=K=V,660,0.32658
SORT,Q=K=V,661,0.32214
SORT,Q=K=V,662,0.31841
SORT,Q=K=V,663,0.31929
SORT,Q=K=V,664,0.32053
SORT,Q=K=V,665,0.31625
SORT,Q=K=V,666,0.31307
SORT,Q=K=V,667,0.31822
SORT,Q=K=V,668,0.31957
SORT,Q=K=V,669,0.32806
SORT,Q=K=V,670,0.31431
SORT,Q=K=V,671,0.31930
SORT,Q=K=V,672,0.31305
SORT,Q=K=V,673,0.31903
SORT,Q=K=V,674,0.32497
SORT,Q=K=V,675,0.31915
SORT,Q=K=V,676,0.32070
SORT,Q=K=V,677,0.32339
SORT,Q=K=V,678,0.31248
SORT,Q=K=V,679,0.32075
SORT,Q=K=V,680,0.32722
SORT,Q=K=V,681,0.32195
SORT,Q=K=V,682,0.32154
SORT,Q=K=V,683,0.31662
SORT,Q=K=V,684,0.32643
SORT,Q=K=V,685,0.31602
SORT,Q=K=V,686,0.32304
SORT,Q=K=V,687,0.32230
SORT,Q=K=V,688,0.32741
SORT,Q=K=V,689,0.32174
SORT,Q=K=V,690,0.32072
SORT,Q=K=V,691,0.32251
SORT,Q=K=V,692,0.31385
SORT,Q=K=V,693,0.31677
SORT,Q=K=V,694,0.32416
SORT,Q=K=V,695,0.32140
SORT,Q=K=V,696,0.32253
SORT,Q=K=V,697,0.32343
SORT,Q=K=V,698,0.31903
SORT,Q=K=V,699,0.31204
SORT,Q=K=V,700,0.31681
SORT,Q=K=V,701,0.31962
SORT,Q=K=V,702,0.31416
SORT,Q=K=V,703,0.31729
SORT,Q=K=V,704,0.31868
SORT,Q=K=V,705,0.32358
SORT,Q=K=V,706,0.31433
SORT,Q=K=V,707,0.31894
SORT,Q=K=V,708,0.32508
SORT,Q=K=V,709,0.31246
SORT,Q=K=V,710,0.33413
SORT,Q=K=V,711,0.31780
SORT,Q=K=V,712,0.31567
SORT,Q=K=V,713,0.31243
SORT,Q=K=V,714,0.31601
SORT,Q=K=V,715,0.31108
SORT,Q=K=V,716,0.31602
SORT,Q=K=V,717,0.31624
SORT,Q=K=V,718,0.32661
SORT,Q=K=V,719,0.31201
SORT,Q=K=V,720,0.32266
SORT,Q=K=V,721,0.31941
SORT,Q=K=V,722,0.30753
SORT,Q=K=V,723,0.32200
SORT,Q=K=V,724,0.31609
SORT,Q=K=V,725,0.32340
SORT,Q=K=V,726,0.32475
SORT,Q=K=V,727,0.31067
SORT,Q=K=V,728,0.31214
SORT,Q=K=V,729,0.30861
SORT,Q=K=V,730,0.31707
SORT,Q=K=V,731,0.31815
SORT,Q=K=V,732,0.32451
SORT,Q=K=V,733,0.31854
SORT,Q=K=V,734,0.31627
SORT,Q=K=V,735,0.32522
SORT,Q=K=V,736,0.31498
SORT,Q=K=V,737,0.32033
SORT,Q=K=V,738,0.31022
SORT,Q=K=V,739,0.32275
SORT,Q=K=V,740,0.31535
SORT,Q=K=V,741,0.32347
SORT,Q=K=V,742,0.32023
SORT,Q=K=V,743,0.31874
SORT,Q=K=V,744,0.32569
SORT,Q=K=V,745,0.31785
SORT,Q=K=V,746,0.32045
SORT,Q=K=V,747,0.31475
SORT,Q=K=V,748,0.31924
SORT,Q=K=V,749,0.31944
SORT,Q=K=V,750,0.32089
SORT,Q=K=V,751,0.31518
SORT,Q=K=V,752,0.32262
SORT,Q=K=V,753,0.32401
SORT,Q=K=V,754,0.31806
SORT,Q=K=V,755,0.32008
SORT,Q=K=V,756,0.31032
SORT,Q=K=V,757,0.31422
SORT,Q=K=V,758,0.32849
SORT,Q=K=V,759,0.31205
SORT,Q=K=V,760,0.32060
SORT,Q=K=V,761,0.32070
SORT,Q=K=V,762,0.32123
SORT,Q=K=V,763,0.32205
SORT,Q=K=V,764,0.32041
SORT,Q=K=V,765,0.31769
SORT,Q=K=V,766,0.32630
SORT,Q=K=V,767,0.31190
SORT,Q=K=V,768,0.31838
SORT,Q=K=V,769,0.32498
SORT,Q=K=V,770,0.32163
SORT,Q=K=V,771,0.32089
SORT,Q=K=V,772,0.32542
SORT,Q=K=V,773,0.32065
SORT,Q=K=V,774,0.31881
SORT,Q=K=V,775,0.32870
SORT,Q=K=V,776,0.31946
SORT,Q=K=V,777,0.31844
SORT,Q=K=V,778,0.31619
SORT,Q=K=V,779,0.32075
SORT,Q=K=V,780,0.31046
SORT,Q=K=V,781,0.32660
SORT,Q=K=V,782,0.31709
SORT,Q=K=V,783,0.31777
SORT,Q=K=V,784,0.32530
SORT,Q=K=V,785,0.31416
SORT,Q=K=V,786,0.31414
SORT,Q=K=V,787,0.31164
SORT,Q=K=V,788,0.31726
SORT,Q=K=V,789,0.30094
SORT,(Q=K=V)+,0,2.45131
SORT,(Q=K=V)+,1,2.44790
SORT,(Q=K=V)+,2,2.44428
SORT,(Q=K=V)+,3,2.43306
SORT,(Q=K=V)+,4,2.42526
SORT,(Q=K=V)+,5,2.41798
SORT,(Q=K=V)+,6,2.40281
SORT,(Q=K=V)+,7,2.38518
SORT,(Q=K=V)+,8,2.36896
SORT,(Q=K=V)+,9,2.34157
SORT,(Q=K=V)+,10,2.32419
SORT,(Q=K=V)+,11,2.29662
SORT,(Q=K=V)+,12,2.27234
SORT,(Q=K=V)+,13,2.24615
SORT,(Q=K=V)+,14,2.21873
SORT,(Q=K=V)+,15,2.19332
SORT,(Q=K=V)+,16,2.15375
SORT,(Q=K=V)+,17,2.12368
SORT,(Q=K=V)+,18,2.09392
SORT,(Q=K=V)+,19,2.05123
SORT,(Q=K=V)+,20,2.02003
SORT,(Q=K=V)+,21,1.97240
SORT,(Q=K=V)+,22,1.92801
SORT,(Q=K=V)+,23,1.89564
SORT,(Q=K=V)+,24,1.85008
SORT,(Q=K=V)+,25,1.80063
SORT,(Q=K=V)+,26,1.74100
SORT,(Q=K=V)+,27,1.70091
SORT,(Q=K=V)+,28,1.63748
SORT,(Q=K=V)+,29,1.59257
SORT,(Q=K=V)+,30,1.55691
SORT,(Q=K=V)+,31,1.50525
SORT,(Q=K=V)+,32,1.43125
SORT,(Q=K=V)+,33,1.39477
SORT,(Q=K=V)+,34,1.33813
SORT,(Q=K=V)+,35,1.29251
SORT,(Q=K=V)+,36,1.24952
SORT,(Q=K=V)+,37,1.22015
SORT,(Q=K=V)+,38,1.16274
SORT,(Q=K=V)+,39,1.13296
SORT,(Q=K=V)+,40,1.10141
SORT,(Q=K=V)+,41,1.06344
SORT,(Q=K=V)+,42,1.03917
SORT,(Q=K=V)+,43,1.00706
SORT,(Q=K=V)+,44,1.00500
SORT,(Q=K=V)+,45,0.97559
SORT,(Q=K=V)+,46,0.92436
SORT,(Q=K=V)+,47,0.94055
SORT,(Q=K=V)+,48,0.93268
SORT,(Q=K=V)+,49,0.91415
SORT,(Q=K=V)+,50,0.90125
SORT,(Q=K=V)+,51,0.88800
SORT,(Q=K=V)+,52,0.89070
SORT,(Q=K=V)+,53,0.86605
SORT,(Q=K=V)+,54,0.86989
SORT,(Q=K=V)+,55,0.85416
SORT,(Q=K=V)+,56,0.85175
SORT,(Q=K=V)+,57,0.86092
SORT,(Q=K=V)+,58,0.84111
SORT,(Q=K=V)+,59,0.88026
SORT,(Q=K=V)+,60,0.83552
SORT,(Q=K=V)+,61,0.83236
SORT,(Q=K=V)+,62,0.82961
SORT,(Q=K=V)+,63,0.84808
SORT,(Q=K=V)+,64,0.84693
SORT,(Q=K=V)+,65,0.80769
SORT,(Q=K=V)+,66,0.82910
SORT,(Q=K=V)+,67,0.81247
SORT,(Q=K=V)+,68,0.79552
SORT,(Q=K=V)+,69,0.82071
SORT,(Q=K=V)+,70,0.82649
SORT,(Q=K=V)+,71,0.81694
SORT,(Q=K=V)+,72,0.82881
SORT,(Q=K=V)+,73,0.82275
SORT,(Q=K=V)+,74,0.80425
SORT,(Q=K=V)+,75,0.81405
SORT,(Q=K=V)+,76,0.82007
SORT,(Q=K=V)+,77,0.78673
SORT,(Q=K=V)+,78,0.80749
SORT,(Q=K=V)+,79,0.79460
SORT,(Q=K=V)+,80,0.81301
SORT,(Q=K=V)+,81,0.77801
SORT,(Q=K=V)+,82,0.81617
SORT,(Q=K=V)+,83,0.77220
SORT,(Q=K=V)+,84,0.79022
SORT,(Q=K=V)+,85,0.79040
SORT,(Q=K=V)+,86,0.79769
SORT,(Q=K=V)+,87,0.77591
SORT,(Q=K=V)+,88,0.79288
SORT,(Q=K=V)+,89,0.75428
SORT,(Q=K=V)+,90,0.77095
SORT,(Q=K=V)+,91,0.76713
SORT,(Q=K=V)+,92,0.77116
SORT,(Q=K=V)+,93,0.77124
SORT,(Q=K=V)+,94,0.78553
SORT,(Q=K=V)+,95,0.75057
SORT,(Q=K=V)+,96,0.77645
SORT,(Q=K=V)+,97,0.73581
SORT,(Q=K=V)+,98,0.76081
SORT,(Q=K=V)+,99,0.73111
SORT,(Q=K=V)+,100,0.75136
SORT,(Q=K=V)+,101,0.73979
SORT,(Q=K=V)+,102,0.73638
SORT,(Q=K=V)+,103,0.72368
SORT,(Q=K=V)+,104,0.69280
SORT,(Q=K=V)+,105,0.69603
SORT,(Q=K=V)+,106,0.71317
SORT,(Q=K=V)+,107,0.70437
SORT,(Q=K=V)+,108,0.70576
SORT,(Q=K=V)+,109,0.70775
SORT,(Q=K=V)+,110,0.70312
SORT,(Q=K=V)+,111,0.69562
SORT,(Q=K=V)+,112,0.67323
SORT,(Q=K=V)+,113,0.69266
SORT,(Q=K=V)+,114,0.67179
SORT,(Q=K=V)+,115,0.66507
SORT,(Q=K=V)+,116,0.66827
SORT,(Q=K=V)+,117,0.66127
SORT,(Q=K=V)+,118,0.64824
SORT,(Q=K=V)+,119,0.65953
SORT,(Q=K=V)+,120,0.65339
SORT,(Q=K=V)+,121,0.63940
SORT,(Q=K=V)+,122,0.62498
SORT,(Q=K=V)+,123,0.64385
SORT,(Q=K=V)+,124,0.64718
SORT,(Q=K=V)+,125,0.62298
SORT,(Q=K=V)+,126,0.60887
SORT,(Q=K=V)+,127,0.63053
SORT,(Q=K=V)+,128,0.61292
SORT,(Q=K=V)+,129,0.61880
SORT,(Q=K=V)+,130,0.58903
SORT,(Q=K=V)+,131,0.60754
SORT,(Q=K=V)+,132,0.58350
SORT,(Q=K=V)+,133,0.59946
SORT,(Q=K=V)+,134,0.58194
SORT,(Q=K=V)+,135,0.58650
SORT,(Q=K=V)+,136,0.56824
SORT,(Q=K=V)+,137,0.57666
SORT,(Q=K=V)+,138,0.57005
SORT,(Q=K=V)+,139,0.56333
SORT,(Q=K=V)+,140,0.57050
SORT,(Q=K=V)+,141,0.55181
SORT,(Q=K=V)+,142,0.53566
SORT,(Q=K=V)+,143,0.53916
SORT,(Q=K=V)+,144,0.55780
SORT,(Q=K=V)+,145,0.53419
SORT,(Q=K=V)+,146,0.52252
SORT,(Q=K=V)+,147,0.53770
SORT,(Q=K=V)+,148,0.51820
SORT,(Q=K=V)+,149,0.52432
SORT,(Q=K=V)+,150,0.51076
SORT,(Q=K=V)+,151,0.50906
SORT,(Q=K=V)+,152,0.50034
SORT,(Q=K=V)+,153,0.52111
SORT,(Q=K=V)+,154,0.49253
SORT,(Q=K=V)+,155,0.49610
SORT,(Q=K=V)+,156,0.48311
SORT,(Q=K=V)+,157,0.46892
SORT,(Q=K=V)+,158,0.47762
SORT,(Q=K=V)+,159,0.48882
SORT,(Q=K=V)+,160,0.50058
SORT,(Q=K=V)+,161,0.46966
SORT,(Q=K=V)+,162,0.48636
SORT,(Q=K=V)+,163,0.46806
SORT,(Q=K=V)+,164,0.46817
SORT,(Q=K=V)+,165,0.47470
SORT,(Q=K=V)+,166,0.45610
SORT,(Q=K=V)+,167,0.47482
SORT,(Q=K=V)+,168,0.45522
SORT,(Q=K=V)+,169,0.45002
SORT,(Q=K=V)+,170,0.44250
SORT,(Q=K=V)+,171,0.44048
SORT,(Q=K=V)+,172,0.43908
SORT,(Q=K=V)+,173,0.43143
SORT,(Q=K=V)+,174,0.44039
SORT,(Q=K=V)+,175,0.43206
SORT,(Q=K=V)+,176,0.42148
SORT,(Q=K=V)+,177,0.43213
SORT,(Q=K=V)+,178,0.42397
SORT,(Q=K=V)+,179,0.42091
SORT,(Q=K=V)+,180,0.41504
SORT,(Q=K=V)+,181,0.41443
SORT,(Q=K=V)+,182,0.41669
SORT,(Q=K=V)+,183,0.40517
SORT,(Q=K=V)+,184,0.41458
SORT,(Q=K=V)+,185,0.41196
SORT,(Q=K=V)+,186,0.41146
SORT,(Q=K=V)+,187,0.40447
SORT,(Q=K=V)+,188,0.39961
SORT,(Q=K=V)+,189,0.39812
SORT,(Q=K=V)+,190,0.40355
SORT,(Q=K=V)+,191,0.39882
SORT,(Q=K=V)+,192,0.39083
SORT,(Q=K=V)+,193,0.39482
SORT,(Q=K=V)+,194,0.39722
SORT,(Q=K=V)+,195,0.39857
SORT,(Q=K=V)+,196,0.38421
SORT,(Q=K=V)+,197,0.38362
SORT,(Q=K=V)+,198,0.38426
SORT,(Q=K=V)+,199,0.38241
SORT,(Q=K=V)+,200,0.38028
SORT,(Q=K=V)+,201,0.38063
SORT,(Q=K=V)+,202,0.37816
SORT,(Q=K=V)+,203,0.37326
SORT,(Q=K=V)+,204,0.37284
SORT,(Q=K=V)+,205,0.37728
SORT,(Q=K=V)+,206,0.37396
SORT,(Q=K=V)+,207,0.36911
SORT,(Q=K=V)+,208,0.37503
SORT,(Q=K=V)+,209,0.36515
SORT,(Q=K=V)+,210,0.38049
SORT,(Q=K=V)+,211,0.36824
SORT,(Q=K=V)+,212,0.35891
SORT,(Q=K=V)+,213,0.37197
SORT,(Q=K=V)+,214,0.36074
SORT,(Q=K=V)+,215,0.36936
SORT,(Q=K=V)+,216,0.36126
SORT,(Q=K=V)+,217,0.36455
SORT,(Q=K=V)+,218,0.36745
SORT,(Q=K=V)+,219,0.35876
SORT,(Q=K=V)+,220,0.34948
SORT,(Q=K=V)+,221,0.36831
SORT,(Q=K=V)+,222,0.36528
SORT,(Q=K=V)+,223,0.36287
SORT,(Q=K=V)+,224,0.36124
SORT,(Q=K=V)+,225,0.35559
SORT,(Q=K=V)+,226,0.35182
SORT,(Q=K=V)+,227,0.35763
SORT,(Q=K=V)+,228,0.35559
SORT,(Q=K=V)+,229,0.35079
SORT,(Q=K=V)+,230,0.35562
SORT,(Q=K=V)+,231,0.34741
SORT,(Q=K=V)+,232,0.35484
SORT,(Q=K=V)+,233,0.34792
SORT,(Q=K=V)+,234,0.35071
SORT,(Q=K=V)+,235,0.34648
SORT,(Q=K=V)+,236,0.33410
SORT,(Q=K=V)+,237,0.36101
SORT,(Q=K=V)+,238,0.34953
SORT,(Q=K=V)+,239,0.34663
SORT,(Q=K=V)+,240,0.35090
SORT,(Q=K=V)+,241,0.34897
SORT,(Q=K=V)+,242,0.35342
SORT,(Q=K=V)+,243,0.33881
SORT,(Q=K=V)+,244,0.34450
SORT,(Q=K=V)+,245,0.34059
SORT,(Q=K=V)+,246,0.34444
SORT,(Q=K=V)+,247,0.34792
SORT,(Q=K=V)+,248,0.34342
SORT,(Q=K=V)+,249,0.34066
SORT,(Q=K=V)+,250,0.34223
SORT,(Q=K=V)+,251,0.33225
SORT,(Q=K=V)+,252,0.32256
SORT,(Q=K=V)+,253,0.32562
SORT,(Q=K=V)+,254,0.33078
SORT,(Q=K=V)+,255,0.32589
SORT,(Q=K=V)+,256,0.32478
SORT,(Q=K=V)+,257,0.32840
SORT,(Q=K=V)+,258,0.32519
SORT,(Q=K=V)+,259,0.31964
SORT,(Q=K=V)+,260,0.31729
SORT,(Q=K=V)+,261,0.31515
SORT,(Q=K=V)+,262,0.32382
SORT,(Q=K=V)+,263,0.31944
SORT,(Q=K=V)+,264,0.31259
SORT,(Q=K=V)+,265,0.31364
SORT,(Q=K=V)+,266,0.31209
SORT,(Q=K=V)+,267,0.31782
SORT,(Q=K=V)+,268,0.31264
SORT,(Q=K=V)+,269,0.30887
SORT,(Q=K=V)+,270,0.30856
SORT,(Q=K=V)+,271,0.31319
SORT,(Q=K=V)+,272,0.31029
SORT,(Q=K=V)+,273,0.31178
SORT,(Q=K=V)+,274,0.31567
SORT,(Q=K=V)+,275,0.31187
SORT,(Q=K=V)+,276,0.30713
SORT,(Q=K=V)+,277,0.31168
SORT,(Q=K=V)+,278,0.30305
SORT,(Q=K=V)+,279,0.30764
SORT,(Q=K=V)+,280,0.30947
SORT,(Q=K=V)+,281,0.30529
SORT,(Q=K=V)+,282,0.29778
SORT,(Q=K=V)+,283,0.30493
SORT,(Q=K=V)+,284,0.29962
SORT,(Q=K=V)+,285,0.30328
SORT,(Q=K=V)+,286,0.29431
SORT,(Q=K=V)+,287,0.29922
SORT,(Q=K=V)+,288,0.31018
SORT,(Q=K=V)+,289,0.30356
SORT,(Q=K=V)+,290,0.29483
SORT,(Q=K=V)+,291,0.29940
SORT,(Q=K=V)+,292,0.29994
SORT,(Q=K=V)+,293,0.29983
SORT,(Q=K=V)+,294,0.29594
SORT,(Q=K=V)+,295,0.29810
SORT,(Q=K=V)+,296,0.30004
SORT,(Q=K=V)+,297,0.29703
SORT,(Q=K=V)+,298,0.29555
SORT,(Q=K=V)+,299,0.29422
SORT,(Q=K=V)+,300,0.29956
SORT,(Q=K=V)+,301,0.30506
SORT,(Q=K=V)+,302,0.29230
SORT,(Q=K=V)+,303,0.29370
SORT,(Q=K=V)+,304,0.29658
SORT,(Q=K=V)+,305,0.29443
SORT,(Q=K=V)+,306,0.28822
SORT,(Q=K=V)+,307,0.28922
SORT,(Q=K=V)+,308,0.29120
SORT,(Q=K=V)+,309,0.29112
SORT,(Q=K=V)+,310,0.29035
SORT,(Q=K=V)+,311,0.29596
SORT,(Q=K=V)+,312,0.28715
SORT,(Q=K=V)+,313,0.28923
SORT,(Q=K=V)+,314,0.28901
SORT,(Q=K=V)+,315,0.28284
SORT,(Q=K=V)+,316,0.28529
SORT,(Q=K=V)+,317,0.28722
SORT,(Q=K=V)+,318,0.28914
SORT,(Q=K=V)+,319,0.29382
SORT,(Q=K=V)+,320,0.27545
SORT,(Q=K=V)+,321,0.28596
SORT,(Q=K=V)+,322,0.28542
SORT,(Q=K=V)+,323,0.28351
SORT,(Q=K=V)+,324,0.28195
SORT,(Q=K=V)+,325,0.28810
SORT,(Q=K=V)+,326,0.28236
SORT,(Q=K=V)+,327,0.27526
SORT,(Q=K=V)+,328,0.28029
SORT,(Q=K=V)+,329,0.28440
SORT,(Q=K=V)+,330,0.27745
SORT,(Q=K=V)+,331,0.27845
SORT,(Q=K=V)+,332,0.28310
SORT,(Q=K=V)+,333,0.28115
SORT,(Q=K=V)+,334,0.28055
SORT,(Q=K=V)+,335,0.28506
SORT,(Q=K=V)+,336,0.27894
SORT,(Q=K=V)+,337,0.28685
SORT,(Q=K=V)+,338,0.28440
SORT,(Q=K=V)+,339,0.27977
SORT,(Q=K=V)+,340,0.27943
SORT,(Q=K=V)+,341,0.27666
SORT,(Q=K=V)+,342,0.27779
SORT,(Q=K=V)+,343,0.27163
SORT,(Q=K=V)+,344,0.28459
SORT,(Q=K=V)+,345,0.28333
SORT,(Q=K=V)+,346,0.27542
SORT,(Q=K=V)+,347,0.27997
SORT,(Q=K=V)+,348,0.26854
SORT,(Q=K=V)+,349,0.27997
SORT,(Q=K=V)+,350,0.27401
SORT,(Q=K=V)+,351,0.28130
SORT,(Q=K=V)+,352,0.27584
SORT,(Q=K=V)+,353,0.28326
SORT,(Q=K=V)+,354,0.28179
SORT,(Q=K=V)+,355,0.28701
SORT,(Q=K=V)+,356,0.29885
SORT,(Q=K=V)+,357,0.28072
SORT,(Q=K=V)+,358,0.27936
SORT,(Q=K=V)+,359,0.27570
SORT,(Q=K=V)+,360,0.27491
SORT,(Q=K=V)+,361,0.27847
SORT,(Q=K=V)+,362,0.27234
SORT,(Q=K=V)+,363,0.27014
SORT,(Q=K=V)+,364,0.27077
SORT,(Q=K=V)+,365,0.27015
SORT,(Q=K=V)+,366,0.26917
SORT,(Q=K=V)+,367,0.26915
SORT,(Q=K=V)+,368,0.27842
SORT,(Q=K=V)+,369,0.27220
SORT,(Q=K=V)+,370,0.27261
SORT,(Q=K=V)+,371,0.27448
SORT,(Q=K=V)+,372,0.26600
SORT,(Q=K=V)+,373,0.26744
SORT,(Q=K=V)+,374,0.27287
SORT,(Q=K=V)+,375,0.26777
SORT,(Q=K=V)+,376,0.27537
SORT,(Q=K=V)+,377,0.26459
SORT,(Q=K=V)+,378,0.27336
SORT,(Q=K=V)+,379,0.26023
SORT,(Q=K=V)+,380,0.26549
SORT,(Q=K=V)+,381,0.26443
SORT,(Q=K=V)+,382,0.26356
SORT,(Q=K=V)+,383,0.26485
SORT,(Q=K=V)+,384,0.26423
SORT,(Q=K=V)+,385,0.26760
SORT,(Q=K=V)+,386,0.26610
SORT,(Q=K=V)+,387,0.25897
SORT,(Q=K=V)+,388,0.26273
SORT,(Q=K=V)+,389,0.26403
SORT,(Q=K=V)+,390,0.26696
SORT,(Q=K=V)+,391,0.26727
SORT,(Q=K=V)+,392,0.26327
SORT,(Q=K=V)+,393,0.27275
SORT,(Q=K=V)+,394,0.26492
SORT,(Q=K=V)+,395,0.26455
SORT,(Q=K=V)+,396,0.26550
SORT,(Q=K=V)+,397,0.27010
SORT,(Q=K=V)+,398,0.26715
SORT,(Q=K=V)+,399,0.26570
SORT,(Q=K=V)+,400,0.26421
SORT,(Q=K=V)+,401,0.26386
SORT,(Q=K=V)+,402,0.26596
SORT,(Q=K=V)+,403,0.26366
SORT,(Q=K=V)+,404,0.26549
SORT,(Q=K=V)+,405,0.25835
SORT,(Q=K=V)+,406,0.25035
SORT,(Q=K=V)+,407,0.26606
SORT,(Q=K=V)+,408,0.26608
SORT,(Q=K=V)+,409,0.26088
SORT,(Q=K=V)+,410,0.26425
SORT,(Q=K=V)+,411,0.26444
SORT,(Q=K=V)+,412,0.26158
SORT,(Q=K=V)+,413,0.25867
SORT,(Q=K=V)+,414,0.25680
SORT,(Q=K=V)+,415,0.26187
SORT,(Q=K=V)+,416,0.25845
SORT,(Q=K=V)+,417,0.25967
SORT,(Q=K=V)+,418,0.25826
SORT,(Q=K=V)+,419,0.26180
SORT,(Q=K=V)+,420,0.25557
SORT,(Q=K=V)+,421,0.25726
SORT,(Q=K=V)+,422,0.25832
SORT,(Q=K=V)+,423,0.25902
SORT,(Q=K=V)+,424,0.25912
SORT,(Q=K=V)+,425,0.25350
SORT,(Q=K=V)+,426,0.25235
SORT,(Q=K=V)+,427,0.25959
SORT,(Q=K=V)+,428,0.25944
SORT,(Q=K=V)+,429,0.25559
SORT,(Q=K=V)+,430,0.25364
SORT,(Q=K=V)+,431,0.25337
SORT,(Q=K=V)+,432,0.25133
SORT,(Q=K=V)+,433,0.25488
SORT,(Q=K=V)+,434,0.26318
SORT,(Q=K=V)+,435,0.25562
SORT,(Q=K=V)+,436,0.25241
SORT,(Q=K=V)+,437,0.24938
SORT,(Q=K=V)+,438,0.25546
SORT,(Q=K=V)+,439,0.25564
SORT,(Q=K=V)+,440,0.25176
SORT,(Q=K=V)+,441,0.24727
SORT,(Q=K=V)+,442,0.25893
SORT,(Q=K=V)+,443,0.24782
SORT,(Q=K=V)+,444,0.25635
SORT,(Q=K=V)+,445,0.25030
SORT,(Q=K=V)+,446,0.26033
SORT,(Q=K=V)+,447,0.24979
SORT,(Q=K=V)+,448,0.24231
SORT,(Q=K=V)+,449,0.24539
SORT,(Q=K=V)+,450,0.24843
SORT,(Q=K=V)+,451,0.25053
SORT,(Q=K=V)+,452,0.24779
SORT,(Q=K=V)+,453,0.24590
SORT,(Q=K=V)+,454,0.25074
SORT,(Q=K=V)+,455,0.25046
SORT,(Q=K=V)+,456,0.24837
SORT,(Q=K=V)+,457,0.25203
SORT,(Q=K=V)+,458,0.25018
SORT,(Q=K=V)+,459,0.24627
SORT,(Q=K=V)+,460,0.24595
SORT,(Q=K=V)+,461,0.25007
SORT,(Q=K=V)+,462,0.24830
SORT,(Q=K=V)+,463,0.24796
SORT,(Q=K=V)+,464,0.24033
SORT,(Q=K=V)+,465,0.24388
SORT,(Q=K=V)+,466,0.24494
SORT,(Q=K=V)+,467,0.23984
SORT,(Q=K=V)+,468,0.24440
SORT,(Q=K=V)+,469,0.24528
SORT,(Q=K=V)+,470,0.24610
SORT,(Q=K=V)+,471,0.24485
SORT,(Q=K=V)+,472,0.23838
SORT,(Q=K=V)+,473,0.25810
SORT,(Q=K=V)+,474,0.24059
SORT,(Q=K=V)+,475,0.24835
SORT,(Q=K=V)+,476,0.23631
SORT,(Q=K=V)+,477,0.24369
SORT,(Q=K=V)+,478,0.24721
SORT,(Q=K=V)+,479,0.24656
SORT,(Q=K=V)+,480,0.23792
SORT,(Q=K=V)+,481,0.24427
SORT,(Q=K=V)+,482,0.23326
SORT,(Q=K=V)+,483,0.24485
SORT,(Q=K=V)+,484,0.24191
SORT,(Q=K=V)+,485,0.24441
SORT,(Q=K=V)+,486,0.23963
SORT,(Q=K=V)+,487,0.23487
SORT,(Q=K=V)+,488,0.24423
SORT,(Q=K=V)+,489,0.23455
SORT,(Q=K=V)+,490,0.23986
SORT,(Q=K=V)+,491,0.24236
SORT,(Q=K=V)+,492,0.23320
SORT,(Q=K=V)+,493,0.23716
SORT,(Q=K=V)+,494,0.23342
SORT,(Q=K=V)+,495,0.23701
SORT,(Q=K=V)+,496,0.24142
SORT,(Q=K=V)+,497,0.23715
SORT,(Q=K=V)+,498,0.23654
SORT,(Q=K=V)+,499,0.23711
SORT,(Q=K=V)+,500,0.23824
SORT,(Q=K=V)+,501,0.24278
SORT,(Q=K=V)+,502,0.23421
SORT,(Q=K=V)+,503,0.24023
SORT,(Q=K=V)+,504,0.23704
SORT,(Q=K=V)+,505,0.22853
SORT,(Q=K=V)+,506,0.23140
SORT,(Q=K=V)+,507,0.23195
SORT,(Q=K=V)+,508,0.23435
SORT,(Q=K=V)+,509,0.22747
SORT,(Q=K=V)+,510,0.23167
SORT,(Q=K=V)+,511,0.23352
SORT,(Q=K=V)+,512,0.23546
SORT,(Q=K=V)+,513,0.22678
SORT,(Q=K=V)+,514,0.23059
SORT,(Q=K=V)+,515,0.23330
SORT,(Q=K=V)+,516,0.23207
SORT,(Q=K=V)+,517,0.22829
SORT,(Q=K=V)+,518,0.23026
SORT,(Q=K=V)+,519,0.22684
SORT,(Q=K=V)+,520,0.22554
SORT,(Q=K=V)+,521,0.23004
SORT,(Q=K=V)+,522,0.22924
SORT,(Q=K=V)+,523,0.22334
SORT,(Q=K=V)+,524,0.23087
SORT,(Q=K=V)+,525,0.23360
SORT,(Q=K=V)+,526,0.22675
SORT,(Q=K=V)+,527,0.22938
SORT,(Q=K=V)+,528,0.22897
SORT,(Q=K=V)+,529,0.22447
SORT,(Q=K=V)+,530,0.23350
SORT,(Q=K=V)+,531,0.22730
SORT,(Q=K=V)+,532,0.22855
SORT,(Q=K=V)+,533,0.23303
SORT,(Q=K=V)+,534,0.22802
SORT,(Q=K=V)+,535,0.22985
SORT,(Q=K=V)+,536,0.22237
SORT,(Q=K=V)+,537,0.22512
SORT,(Q=K=V)+,538,0.23010
SORT,(Q=K=V)+,539,0.23192
SORT,(Q=K=V)+,540,0.22728
SORT,(Q=K=V)+,541,0.22254
SORT,(Q=K=V)+,542,0.23026
SORT,(Q=K=V)+,543,0.23186
SORT,(Q=K=V)+,544,0.21952
SORT,(Q=K=V)+,545,0.22351
SORT,(Q=K=V)+,546,0.22327
SORT,(Q=K=V)+,547,0.22317
SORT,(Q=K=V)+,548,0.23087
SORT,(Q=K=V)+,549,0.22212
SORT,(Q=K=V)+,550,0.22497
SORT,(Q=K=V)+,551,0.22772
SORT,(Q=K=V)+,552,0.22870
SORT,(Q=K=V)+,553,0.23157
SORT,(Q=K=V)+,554,0.22549
SORT,(Q=K=V)+,555,0.22478
SORT,(Q=K=V)+,556,0.22304
SORT,(Q=K=V)+,557,0.22466
SORT,(Q=K=V)+,558,0.22599
SORT,(Q=K=V)+,559,0.22005
SORT,(Q=K=V)+,560,0.22164
SORT,(Q=K=V)+,561,0.22094
SORT,(Q=K=V)+,562,0.22541
SORT,(Q=K=V)+,563,0.22002
SORT,(Q=K=V)+,564,0.21793
SORT,(Q=K=V)+,565,0.22203
SORT,(Q=K=V)+,566,0.22753
SORT,(Q=K=V)+,567,0.22436
SORT,(Q=K=V)+,568,0.22503
SORT,(Q=K=V)+,569,0.22510
SORT,(Q=K=V)+,570,0.22277
SORT,(Q=K=V)+,571,0.22406
SORT,(Q=K=V)+,572,0.22347
SORT,(Q=K=V)+,573,0.21636
SORT,(Q=K=V)+,574,0.22157
SORT,(Q=K=V)+,575,0.22898
SORT,(Q=K=V)+,576,0.22079
SORT,(Q=K=V)+,577,0.21844
SORT,(Q=K=V)+,578,0.22249
SORT,(Q=K=V)+,579,0.22832
SORT,(Q=K=V)+,580,0.22448
SORT,(Q=K=V)+,581,0.21949
SORT,(Q=K=V)+,582,0.21685
SORT,(Q=K=V)+,583,0.22007
SORT,(Q=K=V)+,584,0.21214
SORT,(Q=K=V)+,585,0.21623
SORT,(Q=K=V)+,586,0.22147
SORT,(Q=K=V)+,587,0.21527
SORT,(Q=K=V)+,588,0.21653
SORT,(Q=K=V)+,589,0.21648
SORT,(Q=K=V)+,590,0.21800
SORT,(Q=K=V)+,591,0.21480
SORT,(Q=K=V)+,592,0.21912
SORT,(Q=K=V)+,593,0.21652
SORT,(Q=K=V)+,594,0.22026
SORT,(Q=K=V)+,595,0.21853
SORT,(Q=K=V)+,596,0.22217
SORT,(Q=K=V)+,597,0.21892
SORT,(Q=K=V)+,598,0.21963
SORT,(Q=K=V)+,599,0.21729
SORT,(Q=K=V)+,600,0.21686
SORT,(Q=K=V)+,601,0.21691
SORT,(Q=K=V)+,602,0.22190
SORT,(Q=K=V)+,603,0.21981
SORT,(Q=K=V)+,604,0.22357
SORT,(Q=K=V)+,605,0.21672
SORT,(Q=K=V)+,606,0.21995
SORT,(Q=K=V)+,607,0.21579
SORT,(Q=K=V)+,608,0.21577
SORT,(Q=K=V)+,609,0.21367
SORT,(Q=K=V)+,610,0.22286
SORT,(Q=K=V)+,611,0.21603
SORT,(Q=K=V)+,612,0.21317
SORT,(Q=K=V)+,613,0.21607
SORT,(Q=K=V)+,614,0.21733
SORT,(Q=K=V)+,615,0.22092
SORT,(Q=K=V)+,616,0.21881
SORT,(Q=K=V)+,617,0.21675
SORT,(Q=K=V)+,618,0.21800
SORT,(Q=K=V)+,619,0.21020
SORT,(Q=K=V)+,620,0.21223
SORT,(Q=K=V)+,621,0.21292
SORT,(Q=K=V)+,622,0.21345
SORT,(Q=K=V)+,623,0.21718
SORT,(Q=K=V)+,624,0.21690
SORT,(Q=K=V)+,625,0.21109
SORT,(Q=K=V)+,626,0.21728
SORT,(Q=K=V)+,627,0.21467
SORT,(Q=K=V)+,628,0.21708
SORT,(Q=K=V)+,629,0.21990
SORT,(Q=K=V)+,630,0.21285
SORT,(Q=K=V)+,631,0.22807
SORT,(Q=K=V)+,632,0.20849
SORT,(Q=K=V)+,633,0.21098
SORT,(Q=K=V)+,634,0.21485
SORT,(Q=K=V)+,635,0.22035
SORT,(Q=K=V)+,636,0.21079
SORT,(Q=K=V)+,637,0.21344
SORT,(Q=K=V)+,638,0.21084
SORT,(Q=K=V)+,639,0.21415
SORT,(Q=K=V)+,640,0.21842
SORT,(Q=K=V)+,641,0.21598
SORT,(Q=K=V)+,642,0.21296
SORT,(Q=K=V)+,643,0.21048
SORT,(Q=K=V)+,644,0.21652
SORT,(Q=K=V)+,645,0.21694
SORT,(Q=K=V)+,646,0.21421
SORT,(Q=K=V)+,647,0.21571
SORT,(Q=K=V)+,648,0.21614
SORT,(Q=K=V)+,649,0.21307
SORT,(Q=K=V)+,650,0.21140
SORT,(Q=K=V)+,651,0.21029
SORT,(Q=K=V)+,652,0.21483
SORT,(Q=K=V)+,653,0.21094
SORT,(Q=K=V)+,654,0.21335
SORT,(Q=K=V)+,655,0.21098
SORT,(Q=K=V)+,656,0.21044
SORT,(Q=K=V)+,657,0.20892
SORT,(Q=K=V)+,658,0.20783
SORT,(Q=K=V)+,659,0.21088
SORT,(Q=K=V)+,660,0.21793
SORT,(Q=K=V)+,661,0.21368
SORT,(Q=K=V)+,662,0.21171
SORT,(Q=K=V)+,663,0.21486
SORT,(Q=K=V)+,664,0.21633
SORT,(Q=K=V)+,665,0.20809
SORT,(Q=K=V)+,666,0.20712
SORT,(Q=K=V)+,667,0.21052
SORT,(Q=K=V)+,668,0.21511
SORT,(Q=K=V)+,669,0.21895
SORT,(Q=K=V)+,670,0.20758
SORT,(Q=K=V)+,671,0.20968
SORT,(Q=K=V)+,672,0.20847
SORT,(Q=K=V)+,673,0.20730
SORT,(Q=K=V)+,674,0.21260
SORT,(Q=K=V)+,675,0.20889
SORT,(Q=K=V)+,676,0.21557
SORT,(Q=K=V)+,677,0.21150
SORT,(Q=K=V)+,678,0.21216
SORT,(Q=K=V)+,679,0.20954
SORT,(Q=K=V)+,680,0.21632
SORT,(Q=K=V)+,681,0.21170
SORT,(Q=K=V)+,682,0.21196
SORT,(Q=K=V)+,683,0.21250
SORT,(Q=K=V)+,684,0.21426
SORT,(Q=K=V)+,685,0.21048
SORT,(Q=K=V)+,686,0.21434
SORT,(Q=K=V)+,687,0.21496
SORT,(Q=K=V)+,688,0.21200
SORT,(Q=K=V)+,689,0.21755
SORT,(Q=K=V)+,690,0.21690
SORT,(Q=K=V)+,691,0.21507
SORT,(Q=K=V)+,692,0.21036
SORT,(Q=K=V)+,693,0.20730
SORT,(Q=K=V)+,694,0.21367
SORT,(Q=K=V)+,695,0.21047
SORT,(Q=K=V)+,696,0.21447
SORT,(Q=K=V)+,697,0.21193
SORT,(Q=K=V)+,698,0.20668
SORT,(Q=K=V)+,699,0.20803
SORT,(Q=K=V)+,700,0.20433
SORT,(Q=K=V)+,701,0.21211
SORT,(Q=K=V)+,702,0.21161
SORT,(Q=K=V)+,703,0.21251
SORT,(Q=K=V)+,704,0.21204
SORT,(Q=K=V)+,705,0.21399
SORT,(Q=K=V)+,706,0.20803
SORT,(Q=K=V)+,707,0.21079
SORT,(Q=K=V)+,708,0.20927
SORT,(Q=K=V)+,709,0.20680
SORT,(Q=K=V)+,710,0.21471
SORT,(Q=K=V)+,711,0.20769
SORT,(Q=K=V)+,712,0.20897
SORT,(Q=K=V)+,713,0.20915
SORT,(Q=K=V)+,714,0.20949
SORT,(Q=K=V)+,715,0.20603
SORT,(Q=K=V)+,716,0.20846
SORT,(Q=K=V)+,717,0.21405
SORT,(Q=K=V)+,718,0.21417
SORT,(Q=K=V)+,719,0.20657
SORT,(Q=K=V)+,720,0.21740
SORT,(Q=K=V)+,721,0.20769
SORT,(Q=K=V)+,722,0.20346
SORT,(Q=K=V)+,723,0.20850
SORT,(Q=K=V)+,724,0.21041
SORT,(Q=K=V)+,725,0.21269
SORT,(Q=K=V)+,726,0.21453
SORT,(Q=K=V)+,727,0.21136
SORT,(Q=K=V)+,728,0.21158
SORT,(Q=K=V)+,729,0.20230
SORT,(Q=K=V)+,730,0.20847
SORT,(Q=K=V)+,731,0.20863
SORT,(Q=K=V)+,732,0.21462
SORT,(Q=K=V)+,733,0.20673
SORT,(Q=K=V)+,734,0.20619
SORT,(Q=K=V)+,735,0.21922
SORT,(Q=K=V)+,736,0.20929
SORT,(Q=K=V)+,737,0.21190
SORT,(Q=K=V)+,738,0.20403
SORT,(Q=K=V)+,739,0.21328
SORT,(Q=K=V)+,740,0.20639
SORT,(Q=K=V)+,741,0.20621
SORT,(Q=K=V)+,742,0.20754
SORT,(Q=K=V)+,743,0.20679
SORT,(Q=K=V)+,744,0.21275
SORT,(Q=K=V)+,745,0.21138
SORT,(Q=K=V)+,746,0.21008
SORT,(Q=K=V)+,747,0.20950
SORT,(Q=K=V)+,748,0.21330
SORT,(Q=K=V)+,749,0.21184
SORT,(Q=K=V)+,750,0.20957
SORT,(Q=K=V)+,751,0.21190
SORT,(Q=K=V)+,752,0.21503
SORT,(Q=K=V)+,753,0.21370
SORT,(Q=K=V)+,754,0.20761
SORT,(Q=K=V)+,755,0.21067
SORT,(Q=K=V)+,756,0.20762
SORT,(Q=K=V)+,757,0.21081
SORT,(Q=K=V)+,758,0.21821
SORT,(Q=K=V)+,759,0.20359
SORT,(Q=K=V)+,760,0.21226
SORT,(Q=K=V)+,761,0.21059
SORT,(Q=K=V)+,762,0.20506
SORT,(Q=K=V)+,763,0.21098
SORT,(Q=K=V)+,764,0.21234
SORT,(Q=K=V)+,765,0.20941
SORT,(Q=K=V)+,766,0.21237
SORT,(Q=K=V)+,767,0.20839
SORT,(Q=K=V)+,768,0.20740
SORT,(Q=K=V)+,769,0.21437
SORT,(Q=K=V)+,770,0.20954
SORT,(Q=K=V)+,771,0.20855
SORT,(Q=K=V)+,772,0.21538
SORT,(Q=K=V)+,773,0.21050
SORT,(Q=K=V)+,774,0.20980
SORT,(Q=K=V)+,775,0.21208
SORT,(Q=K=V)+,776,0.20804
SORT,(Q=K=V)+,777,0.21261
SORT,(Q=K=V)+,778,0.20823
SORT,(Q=K=V)+,779,0.20975
SORT,(Q=K=V)+,780,0.20704
SORT,(Q=K=V)+,781,0.21323
SORT,(Q=K=V)+,782,0.21169
SORT,(Q=K=V)+,783,0.20906
SORT,(Q=K=V)+,784,0.21323
SORT,(Q=K=V)+,785,0.20709
SORT,(Q=K=V)+,786,0.20777
SORT,(Q=K=V)+,787,0.20401
SORT,(Q=K=V)+,788,0.20662
SORT,(Q=K=V)+,789,0.20237
SUB,QKV,0,2.41348
SUB,QKV,1,2.41710
SUB,QKV,2,2.41100
SUB,QKV,3,2.40964
SUB,QKV,4,2.40297
SUB,QKV,5,2.39195
SUB,QKV,6,2.38841
SUB,QKV,7,2.36731
SUB,QKV,8,2.35781
SUB,QKV,9,2.34512
SUB,QKV,10,2.33155
SUB,QKV,11,2.31933
SUB,QKV,12,2.29994
SUB,QKV,13,2.28736
SUB,QKV,14,2.26820
SUB,QKV,15,2.24074
SUB,QKV,16,2.22033
SUB,QKV,17,2.20028
SUB,QKV,18,2.17637
SUB,QKV,19,2.14937
SUB,QKV,20,2.12913
SUB,QKV,21,2.10267
SUB,QKV,22,2.07630
SUB,QKV,23,2.04547
SUB,QKV,24,2.01077
SUB,QKV,25,1.97644
SUB,QKV,26,1.94478
SUB,QKV,27,1.90370
SUB,QKV,28,1.86268
SUB,QKV,29,1.82429
SUB,QKV,30,1.78156
SUB,QKV,31,1.72623
SUB,QKV,32,1.67321
SUB,QKV,33,1.61756
SUB,QKV,34,1.55956
SUB,QKV,35,1.50173
SUB,QKV,36,1.43054
SUB,QKV,37,1.36000
SUB,QKV,38,1.28156
SUB,QKV,39,1.20905
SUB,QKV,40,1.12920
SUB,QKV,41,1.05129
SUB,QKV,42,0.97292
SUB,QKV,43,0.89529
SUB,QKV,44,0.81891
SUB,QKV,45,0.74772
SUB,QKV,46,0.68169
SUB,QKV,47,0.61349
SUB,QKV,48,0.55264
SUB,QKV,49,0.49334
SUB,QKV,50,0.43618
SUB,QKV,51,0.38564
SUB,QKV,52,0.33582
SUB,QKV,53,0.29946
SUB,QKV,54,0.26234
SUB,QKV,55,0.22603
SUB,QKV,56,0.20036
SUB,QKV,57,0.17453
SUB,QKV,58,0.15192
SUB,QKV,59,0.13421
SUB,QKV,60,0.11874
SUB,QKV,61,0.10512
SUB,QKV,62,0.09380
SUB,QKV,63,0.08516
SUB,QKV,64,0.07650
SUB,QKV,65,0.06951
SUB,QKV,66,0.06341
SUB,QKV,67,0.05804
SUB,QKV,68,0.05311
SUB,QKV,69,0.04837
SUB,QKV,70,0.04489
SUB,QKV,71,0.04187
SUB,QKV,72,0.03911
SUB,QKV,73,0.03624
SUB,QKV,74,0.03417
SUB,QKV,75,0.03190
SUB,QKV,76,0.03013
SUB,QKV,77,0.02851
SUB,QKV,78,0.02696
SUB,QKV,79,0.02585
SUB,QKV,80,0.02466
SUB,QKV,81,0.02358
SUB,QKV,82,0.02260
SUB,QKV,83,0.02171
SUB,QKV,84,0.02075
SUB,QKV,85,0.02012
SUB,QKV,86,0.01937
SUB,QKV,87,0.01872
SUB,QKV,88,0.01811
SUB,QKV,89,0.01755
SUB,QKV,90,0.01701
SUB,QKV,91,0.01648
SUB,QKV,92,0.01609
SUB,QKV,93,0.01560
SUB,QKV,94,0.01517
SUB,QKV,95,0.01480
SUB,QKV,96,0.01441
SUB,QKV,97,0.01410
SUB,QKV,98,0.01379
SUB,QKV,99,0.01346
SUB,QKV,100,0.01320
SUB,QKV,101,0.01288
SUB,QKV,102,0.01266
SUB,QKV,103,0.01241
SUB,QKV,104,0.01213
SUB,QKV,105,0.01189
SUB,QKV,106,0.01170
SUB,QKV,107,0.01150
SUB,QKV,108,0.01132
SUB,QKV,109,0.01111
SUB,QKV,110,0.01096
SUB,QKV,111,0.01075
SUB,QKV,112,0.01059
SUB,QKV,113,0.01040
SUB,QKV,114,0.01030
SUB,QKV,115,0.01010
SUB,QKV,116,0.00997
SUB,QKV,117,0.00985
SUB,QKV,118,0.00970
SUB,QKV,119,0.00958
SUB,QKV,120,0.00946
SUB,QKV,121,0.00932
SUB,QKV,122,0.00921
SUB,QKV,123,0.00907
SUB,QKV,124,0.00897
SUB,QKV,125,0.00885
SUB,QKV,126,0.00874
SUB,QKV,127,0.00861
SUB,QKV,128,0.00852
SUB,QKV,129,0.00843
SUB,QKV,130,0.00833
SUB,QKV,131,0.00824
SUB,QKV,132,0.00815
SUB,QKV,133,0.00805
SUB,QKV,134,0.00796
SUB,QKV,135,0.00786
SUB,QKV,136,0.00777
SUB,QKV,137,0.00769
SUB,QKV,138,0.00761
SUB,QKV,139,0.00751
SUB,QKV,140,0.00745
SUB,QKV,141,0.00737
SUB,QKV,142,0.00729
SUB,QKV,143,0.00722
SUB,QKV,144,0.00714
SUB,QKV,145,0.00708
SUB,QKV,146,0.00702
SUB,QKV,147,0.00695
SUB,QKV,148,0.00687
SUB,QKV,149,0.00680
SUB,QKV,150,0.00673
SUB,QKV,151,0.00668
SUB,QKV,152,0.00662
SUB,QKV,153,0.00656
SUB,QKV,154,0.00650
SUB,QKV,155,0.00643
SUB,QKV,156,0.00637
SUB,QKV,157,0.00631
SUB,QKV,158,0.00626
SUB,QKV,159,0.00619
SUB,QKV,160,0.00615
SUB,QKV,161,0.00608
SUB,QKV,162,0.00604
SUB,QKV,163,0.00598
SUB,QKV,164,0.00593
SUB,QKV,165,0.00588
SUB,QKV,166,0.00583
SUB,QKV,167,0.00579
SUB,QKV,168,0.00575
SUB,QKV,169,0.00568
SUB,QKV,170,0.00566
SUB,QKV,171,0.00561
SUB,QKV,172,0.00556
SUB,QKV,173,0.00550
SUB,QKV,174,0.00548
SUB,QKV,175,0.00544
SUB,QKV,176,0.00539
SUB,QKV,177,0.00534
SUB,QKV,178,0.00530
SUB,QKV,179,0.00526
SUB,QKV,180,0.00521
SUB,QKV,181,0.00517
SUB,QKV,182,0.00515
SUB,QKV,183,0.00510
SUB,QKV,184,0.00508
SUB,QKV,185,0.00503
SUB,QKV,186,0.00499
SUB,QKV,187,0.00494
SUB,QKV,188,0.00491
SUB,QKV,189,0.00487
SUB,QKV,190,0.00484
SUB,QKV,191,0.00481
SUB,QKV,192,0.00478
SUB,QKV,193,0.00474
SUB,QKV,194,0.00470
SUB,QKV,195,0.00468
SUB,QKV,196,0.00464
SUB,QKV,197,0.00459
SUB,QKV,198,0.00457
SUB,QKV,199,0.00454
SUB,QKV,200,0.00451
SUB,QKV,201,0.00449
SUB,QKV,202,0.00446
SUB,QKV,203,0.00443
SUB,QKV,204,0.00439
SUB,QKV,205,0.00437
SUB,QKV,206,0.00434
SUB,QKV,207,0.00431
SUB,QKV,208,0.00427
SUB,QKV,209,0.00425
SUB,QKV,210,0.00423
SUB,QKV,211,0.00420
SUB,QKV,212,0.00417
SUB,QKV,213,0.00414
SUB,QKV,214,0.00413
SUB,QKV,215,0.00410
SUB,QKV,216,0.00407
SUB,QKV,217,0.00404
SUB,QKV,218,0.00401
SUB,QKV,219,0.00400
SUB,QKV,220,0.00396
SUB,QKV,221,0.00394
SUB,QKV,222,0.00393
SUB,QKV,223,0.00390
SUB,QKV,224,0.00388
SUB,QKV,225,0.00385
SUB,QKV,226,0.00384
SUB,QKV,227,0.00382
SUB,QKV,228,0.00377
SUB,QKV,229,0.00376
SUB,QKV,230,0.00374
SUB,QKV,231,0.00372
SUB,QKV,232,0.00371
SUB,QKV,233,0.00368
SUB,QKV,234,0.00367
SUB,QKV,235,0.00364
SUB,QKV,236,0.00361
SUB,QKV,237,0.00360
SUB,QKV,238,0.00358
SUB,QKV,239,0.00356
SUB,QKV,240,0.00353
SUB,QKV,241,0.00352
SUB,QKV,242,0.00350
SUB,QKV,243,0.00348
SUB,QKV,244,0.00346
SUB,QKV,245,0.00344
SUB,QKV,246,0.00342
SUB,QKV,247,0.00341
SUB,QKV,248,0.00339
SUB,QKV,249,0.00337
SUB,QKV,250,0.00336
SUB,QKV,251,0.00333
SUB,QKV,252,0.00333
SUB,QKV,253,0.00331
SUB,QKV,254,0.00329
SUB,QKV,255,0.00327
SUB,QKV,256,0.00326
SUB,QKV,257,0.00324
SUB,QKV,258,0.00322
SUB,QKV,259,0.00321
SUB,QKV,260,0.00319
SUB,QKV,261,0.00318
SUB,QKV,262,0.00316
SUB,QKV,263,0.00314
SUB,QKV,264,0.00313
SUB,QKV,265,0.00312
SUB,QKV,266,0.00310
SUB,QKV,267,0.00308
SUB,QKV,268,0.00307
SUB,QKV,269,0.00305
SUB,QKV,270,0.00304
SUB,QKV,271,0.00303
SUB,QKV,272,0.00301
SUB,QKV,273,0.00300
SUB,QKV,274,0.00298
SUB,QKV,275,0.00297
SUB,QKV,276,0.00296
SUB,QKV,277,0.00295
SUB,QKV,278,0.00293
SUB,QKV,279,0.00291
SUB,QKV,280,0.00290
SUB,QKV,281,0.00289
SUB,QKV,282,0.00288
SUB,QKV,283,0.00286
SUB,QKV,284,0.00285
SUB,QKV,285,0.00284
SUB,QKV,286,0.00282
SUB,QKV,287,0.00281
SUB,QKV,288,0.00281
SUB,QKV,289,0.00279
SUB,QKV,290,0.00279
SUB,QKV,291,0.00277
SUB,QKV,292,0.00276
SUB,QKV,293,0.00275
SUB,QKV,294,0.00273
SUB,QKV,295,0.00272
SUB,QKV,296,0.00272
SUB,QKV,297,0.00270
SUB,QKV,298,0.00269
SUB,QKV,299,0.00268
SUB,QKV,300,0.00266
SUB,QKV,301,0.00265
SUB,QKV,302,0.00264
SUB,QKV,303,0.00264
SUB,QKV,304,0.00262
SUB,QKV,305,0.00261
SUB,QKV,306,0.00261
SUB,QKV,307,0.00259
SUB,QKV,308,0.00259
SUB,QKV,309,0.00258
SUB,QKV,310,0.00256
SUB,QKV,311,0.00256
SUB,QKV,312,0.00255
SUB,QKV,313,0.00253
SUB,QKV,314,0.00252
SUB,QKV,315,0.00252
SUB,QKV,316,0.00250
SUB,QKV,317,0.00250
SUB,QKV,318,0.00249
SUB,QKV,319,0.00247
SUB,QKV,320,0.00247
SUB,QKV,321,0.00246
SUB,QKV,322,0.00245
SUB,QKV,323,0.00244
SUB,QKV,324,0.00244
SUB,QKV,325,0.00243
SUB,QKV,326,0.00242
SUB,QKV,327,0.00241
SUB,QKV,328,0.00240
SUB,QKV,329,0.00239
SUB,QKV,330,0.00238
SUB,QKV,331,0.00237
SUB,QKV,332,0.00236
SUB,QKV,333,0.00236
SUB,QKV,334,0.00235
SUB,QKV,335,0.00234
SUB,QKV,336,0.00233
SUB,QKV,337,0.00232
SUB,QKV,338,0.00232
SUB,QKV,339,0.00231
SUB,QKV,340,0.00230
SUB,QKV,341,0.00229
SUB,QKV,342,0.00229
SUB,QKV,343,0.00228
SUB,QKV,344,0.00227
SUB,QKV,345,0.00226
SUB,QKV,346,0.00225
SUB,QKV,347,0.00225
SUB,QKV,348,0.00224
SUB,QKV,349,0.00223
SUB,QKV,350,0.00223
SUB,QKV,351,0.00222
SUB,QKV,352,0.00221
SUB,QKV,353,0.00220
SUB,QKV,354,0.00220
SUB,QKV,355,0.00219
SUB,QKV,356,0.00218
SUB,QKV,357,0.00218
SUB,QKV,358,0.00217
SUB,QKV,359,0.00216
SUB,QKV,360,0.00216
SUB,QKV,361,0.00216
SUB,QKV,362,0.00214
SUB,QKV,363,0.00214
SUB,QKV,364,0.00213
SUB,QKV,365,0.00213
SUB,QKV,366,0.00212
SUB,QKV,367,0.00211
SUB,QKV,368,0.00210
SUB,QKV,369,0.00211
SUB,QKV,370,0.00210
SUB,QKV,371,0.00209
SUB,QKV,372,0.00208
SUB,QKV,373,0.00208
SUB,QKV,374,0.00207
SUB,QKV,375,0.00207
SUB,QKV,376,0.00206
SUB,QKV,377,0.00205
SUB,QKV,378,0.00205
SUB,QKV,379,0.00204
SUB,QKV,380,0.00204
SUB,QKV,381,0.00203
SUB,QKV,382,0.00203
SUB,QKV,383,0.00202
SUB,QKV,384,0.00201
SUB,QKV,385,0.00201
SUB,QKV,386,0.00201
SUB,QKV,387,0.00200
SUB,QKV,388,0.00199
SUB,QKV,389,0.00199
SUB,QKV,390,0.00198
SUB,QKV,391,0.00198
SUB,QKV,392,0.00197
SUB,QKV,393,0.00197
SUB,QKV,394,0.00196
SUB,QKV,395,0.00196
SUB,QKV,396,0.00195
SUB,QKV,397,0.00195
SUB,QKV,398,0.00194
SUB,QKV,399,0.00194
SUB,QKV,400,0.00193
SUB,QKV,401,0.00193
SUB,QKV,402,0.00192
SUB,QKV,403,0.00192
SUB,QKV,404,0.00192
SUB,QKV,405,0.00191
SUB,QKV,406,0.00190
SUB,QKV,407,0.00190
SUB,QKV,408,0.00189
SUB,QKV,409,0.00189
SUB,QKV,410,0.00188
SUB,QKV,411,0.00188
SUB,QKV,412,0.00187
SUB,QKV,413,0.00187
SUB,QKV,414,0.00187
SUB,QKV,415,0.00186
SUB,QKV,416,0.00186
SUB,QKV,417,0.00186
SUB,QKV,418,0.00185
SUB,QKV,419,0.00185
SUB,QKV,420,0.00184
SUB,QKV,421,0.00184
SUB,QKV,422,0.00184
SUB,QKV,423,0.00183
SUB,QKV,424,0.00182
SUB,QKV,425,0.00182
SUB,QKV,426,0.00182
SUB,QKV,427,0.00181
SUB,QKV,428,0.00181
SUB,QKV,429,0.00180
SUB,QKV,430,0.00180
SUB,QKV,431,0.00180
SUB,QKV,432,0.00179
SUB,QKV,433,0.00179
SUB,QKV,434,0.00179
SUB,QKV,435,0.00178
SUB,QKV,436,0.00178
SUB,QKV,437,0.00178
SUB,QKV,438,0.00177
SUB,QKV,439,0.00177
SUB,QKV,440,0.00176
SUB,QKV,441,0.00176
SUB,QKV,442,0.00176
SUB,QKV,443,0.00175
SUB,QKV,444,0.00175
SUB,QKV,445,0.00175
SUB,QKV,446,0.00174
SUB,QKV,447,0.00174
SUB,QKV,448,0.00173
SUB,QKV,449,0.00173
SUB,QKV,450,0.00173
SUB,QKV,451,0.00173
SUB,QKV,452,0.00172
SUB,QKV,453,0.00172
SUB,QKV,454,0.00172
SUB,QKV,455,0.00171
SUB,QKV,456,0.00171
SUB,QKV,457,0.00171
SUB,QKV,458,0.00170
SUB,QKV,459,0.00170
SUB,QKV,460,0.00170
SUB,QKV,461,0.00170
SUB,QKV,462,0.00170
SUB,QKV,463,0.00169
SUB,QKV,464,0.00168
SUB,QKV,465,0.00168
SUB,QKV,466,0.00168
SUB,QKV,467,0.00168
SUB,QKV,468,0.00167
SUB,QKV,469,0.00167
SUB,QKV,470,0.00167
SUB,QKV,471,0.00167
SUB,QKV,472,0.00166
SUB,QKV,473,0.00166
SUB,QKV,474,0.00166
SUB,QKV,475,0.00165
SUB,QKV,476,0.00165
SUB,QKV,477,0.00165
SUB,QKV,478,0.00164
SUB,QKV,479,0.00164
SUB,QKV,480,0.00164
SUB,QKV,481,0.00164
SUB,QKV,482,0.00164
SUB,QKV,483,0.00163
SUB,QKV,484,0.00163
SUB,QKV,485,0.00163
SUB,QKV,486,0.00162
SUB,QKV,487,0.00162
SUB,QKV,488,0.00162
SUB,QKV,489,0.00162
SUB,QKV,490,0.00161
SUB,QKV,491,0.00161
SUB,QKV,492,0.00161
SUB,QKV,493,0.00161
SUB,QKV,494,0.00160
SUB,QKV,495,0.00160
SUB,QKV,496,0.00160
SUB,QKV,497,0.00160
SUB,QKV,498,0.00160
SUB,QKV,499,0.00159
SUB,QKV,500,0.00159
SUB,QKV,501,0.00159
SUB,QKV,502,0.00158
SUB,QKV,503,0.00158
SUB,QKV,504,0.00158
SUB,QKV,505,0.00158
SUB,QKV,506,0.00157
SUB,QKV,507,0.00157
SUB,QKV,508,0.00157
SUB,QKV,509,0.00157
SUB,QKV,510,0.00157
SUB,QKV,511,0.00157
SUB,QKV,512,0.00156
SUB,QKV,513,0.00156
SUB,QKV,514,0.00156
SUB,QKV,515,0.00156
SUB,QKV,516,0.00156
SUB,QKV,517,0.00155
SUB,QKV,518,0.00155
SUB,QKV,519,0.00155
SUB,QKV,520,0.00155
SUB,QKV,521,0.00155
SUB,QKV,522,0.00154
SUB,QKV,523,0.00154
SUB,QKV,524,0.00154
SUB,QKV,525,0.00154
SUB,QKV,526,0.00153
SUB,QKV,527,0.00153
SUB,QKV,528,0.00153
SUB,QKV,529,0.00153
SUB,QKV,530,0.00153
SUB,QKV,531,0.00153
SUB,QKV,532,0.00153
SUB,QKV,533,0.00152
SUB,QKV,534,0.00152
SUB,QKV,535,0.00152
SUB,QKV,536,0.00152
SUB,QKV,537,0.00152
SUB,QKV,538,0.00151
SUB,QKV,539,0.00151
SUB,QKV,540,0.00151
SUB,QKV,541,0.00151
SUB,QKV,542,0.00151
SUB,QKV,543,0.00150
SUB,QKV,544,0.00151
SUB,QKV,545,0.00150
SUB,QKV,546,0.00150
SUB,QKV,547,0.00150
SUB,QKV,548,0.00150
SUB,QKV,549,0.00150
SUB,QKV,550,0.00150
SUB,QKV,551,0.00149
SUB,QKV,552,0.00149
SUB,QKV,553,0.00149
SUB,QKV,554,0.00149
SUB,QKV,555,0.00149
SUB,QKV,556,0.00149
SUB,QKV,557,0.00149
SUB,QKV,558,0.00148
SUB,QKV,559,0.00148
SUB,QKV,560,0.00148
SUB,QKV,561,0.00148
SUB,QKV,562,0.00148
SUB,QKV,563,0.00148
SUB,QKV,564,0.00147
SUB,QKV,565,0.00147
SUB,QKV,566,0.00147
SUB,QKV,567,0.00147
SUB,QKV,568,0.00147
SUB,QKV,569,0.00147
SUB,QKV,570,0.00147
SUB,QKV,571,0.00147
SUB,QKV,572,0.00146
SUB,QKV,573,0.00146
SUB,QKV,574,0.00146
SUB,QKV,575,0.00146
SUB,QKV,576,0.00146
SUB,QKV,577,0.00146
SUB,QKV,578,0.00146
SUB,QKV,579,0.00146
SUB,QKV,580,0.00145
SUB,QKV,581,0.00145
SUB,QKV,582,0.00145
SUB,QKV,583,0.00145
SUB,QKV,584,0.00145
SUB,QKV,585,0.00145
SUB,QKV,586,0.00145
SUB,QKV,587,0.00145
SUB,QKV,588,0.00145
SUB,QKV,589,0.00144
SUB,QKV,590,0.00144
SUB,QKV,591,0.00144
SUB,QKV,592,0.00144
SUB,QKV,593,0.00144
SUB,QKV,594,0.00144
SUB,QKV,595,0.00144
SUB,QKV,596,0.00144
SUB,QKV,597,0.00144
SUB,QKV,598,0.00143
SUB,QKV,599,0.00144
SUB,QKV,600,0.00143
SUB,QKV,601,0.00143
SUB,QKV,602,0.00143
SUB,QKV,603,0.00143
SUB,QKV,604,0.00143
SUB,QKV,605,0.00143
SUB,QKV,606,0.00143
SUB,QKV,607,0.00143
SUB,QKV,608,0.00142
SUB,QKV,609,0.00142
SUB,QKV,610,0.00143
SUB,QKV,611,0.00142
SUB,QKV,612,0.00142
SUB,QKV,613,0.00142
SUB,QKV,614,0.00142
SUB,QKV,615,0.00142
SUB,QKV,616,0.00142
SUB,QKV,617,0.00142
SUB,QKV,618,0.00142
SUB,QKV,619,0.00142
SUB,QKV,620,0.00142
SUB,QKV,621,0.00142
SUB,QKV,622,0.00141
SUB,QKV,623,0.00141
SUB,QKV,624,0.00141
SUB,QKV,625,0.00141
SUB,QKV,626,0.00141
SUB,QKV,627,0.00141
SUB,QKV,628,0.00141
SUB,QKV,629,0.00141
SUB,QKV,630,0.00141
SUB,QKV,631,0.00142
SUB,QKV,632,0.00141
SUB,QKV,633,0.00141
SUB,QKV,634,0.00140
SUB,QKV,635,0.00141
SUB,QKV,636,0.00140
SUB,QKV,637,0.00141
SUB,QKV,638,0.00140
SUB,QKV,639,0.00140
SUB,QKV,640,0.00140
SUB,QKV,641,0.00140
SUB,QKV,642,0.00140
SUB,QKV,643,0.00140
SUB,QKV,644,0.00140
SUB,QKV,645,0.00140
SUB,QKV,646,0.00140
SUB,QKV,647,0.00140
SUB,QKV,648,0.00140
SUB,QKV,649,0.00139
SUB,QKV,650,0.00139
SUB,QKV,651,0.00139
SUB,QKV,652,0.00139
SUB,QKV,653,0.00139
SUB,QKV,654,0.00139
SUB,QKV,655,0.00139
SUB,QKV,656,0.00139
SUB,QKV,657,0.00139
SUB,QKV,658,0.00139
SUB,QKV,659,0.00139
SUB,QKV,660,0.00139
SUB,QKV,661,0.00139
SUB,QKV,662,0.00139
SUB,QKV,663,0.00139
SUB,QKV,664,0.00139
SUB,QKV,665,0.00139
SUB,QKV,666,0.00139
SUB,QKV,667,0.00139
SUB,QKV,668,0.00139
SUB,QKV,669,0.00139
SUB,QKV,670,0.00139
SUB,QKV,671,0.00139
SUB,QKV,672,0.00139
SUB,QKV,673,0.00139
SUB,QKV,674,0.00139
SUB,QKV,675,0.00138
SUB,QKV,676,0.00138
SUB,QKV,677,0.00138
SUB,QKV,678,0.00138
SUB,QKV,679,0.00138
SUB,QKV,680,0.00138
SUB,QKV,681,0.00138
SUB,QKV,682,0.00138
SUB,QKV,683,0.00138
SUB,QKV,684,0.00138
SUB,QKV,685,0.00138
SUB,QKV,686,0.00138
SUB,QKV,687,0.00138
SUB,QKV,688,0.00138
SUB,QKV,689,0.00138
SUB,QKV,690,0.00138
SUB,QKV,691,0.00138
SUB,QKV,692,0.00138
SUB,QKV,693,0.00138
SUB,QKV,694,0.00138
SUB,QKV,695,0.00138
SUB,QKV,696,0.00138
SUB,QKV,697,0.00138
SUB,QKV,698,0.00138
SUB,QKV,699,0.00138
SUB,QKV,700,0.00138
SUB,QKV,701,0.00138
SUB,QKV,702,0.00138
SUB,QKV,703,0.00138
SUB,QKV,704,0.00138
SUB,QKV,705,0.00138
SUB,QKV,706,0.00138
SUB,QKV,707,0.00138
SUB,QKV,708,0.00138
SUB,QKV,709,0.00138
SUB,QKV,710,0.00138
SUB,QKV,711,0.00137
SUB,QKV,712,0.00138
SUB,QKV,713,0.00137
SUB,QKV,714,0.00137
SUB,QKV,715,0.00138
SUB,QKV,716,0.00137
SUB,QKV,717,0.00138
SUB,QKV,718,0.00138
SUB,QKV,719,0.00137
SUB,QKV,720,0.00137
SUB,QKV,721,0.00137
SUB,QKV,722,0.00137
SUB,QKV,723,0.00137
SUB,QKV,724,0.00137
SUB,QKV,725,0.00137
SUB,QKV,726,0.00137
SUB,QKV,727,0.00137
SUB,QKV,728,0.00137
SUB,QKV,729,0.00137
SUB,QKV,730,0.00137
SUB,QKV,731,0.00137
SUB,QKV,732,0.00137
SUB,QKV,733,0.00137
SUB,QKV,734,0.00137
SUB,QKV,735,0.00137
SUB,QKV,736,0.00137
SUB,QKV,737,0.00137
SUB,QKV,738,0.00137
SUB,QKV,739,0.00137
SUB,QKV,740,0.00137
SUB,QKV,741,0.00137
SUB,QKV,742,0.00137
SUB,QKV,743,0.00137
SUB,QKV,744,0.00137
SUB,QKV,745,0.00137
SUB,QKV,746,0.00137
SUB,QKV,747,0.00137
SUB,QKV,748,0.00137
SUB,QKV,749,0.00137
SUB,QKV,750,0.00137
SUB,QKV,751,0.00137
SUB,QKV,752,0.00137
SUB,QKV,753,0.00137
SUB,QKV,754,0.00137
SUB,QKV,755,0.00137
SUB,QKV,756,0.00137
SUB,QKV,757,0.00137
SUB,QKV,758,0.00137
SUB,QKV,759,0.00137
SUB,QKV,760,0.00137
SUB,QKV,761,0.00137
SUB,QKV,762,0.00137
SUB,QKV,763,0.00137
SUB,QKV,764,0.00137
SUB,QKV,765,0.00137
SUB,QKV,766,0.00137
SUB,QKV,767,0.00137
SUB,QKV,768,0.00137
SUB,QKV,769,0.00137
SUB,QKV,770,0.00137
SUB,QKV,771,0.00137
SUB,QKV,772,0.00137
SUB,QKV,773,0.00137
SUB,QKV,774,0.00137
SUB,QKV,775,0.00137
SUB,QKV,776,0.00137
SUB,QKV,777,0.00137
SUB,QKV,778,0.00137
SUB,QKV,779,0.00137
SUB,QKV,780,0.00137
SUB,QKV,781,0.00137
SUB,QKV,782,0.00137
SUB,QKV,783,0.00137
SUB,QKV,784,0.00137
SUB,QKV,785,0.00137
SUB,QKV,786,0.00137
SUB,QKV,787,0.00137
SUB,QKV,788,0.00137
SUB,QKV,789,0.00137
SUB,Q=K!=V,0,2.46788
SUB,Q=K!=V,1,2.46382
SUB,Q=K!=V,2,2.46762
SUB,Q=K!=V,3,2.45373
SUB,Q=K!=V,4,2.44505
SUB,Q=K!=V,5,2.43510
SUB,Q=K!=V,6,2.42911
SUB,Q=K!=V,7,2.41764
SUB,Q=K!=V,8,2.40046
SUB,Q=K!=V,9,2.38516
SUB,Q=K!=V,10,2.36732
SUB,Q=K!=V,11,2.35519
SUB,Q=K!=V,12,2.33226
SUB,Q=K!=V,13,2.31372
SUB,Q=K!=V,14,2.30015
SUB,Q=K!=V,15,2.27004
SUB,Q=K!=V,16,2.25647
SUB,Q=K!=V,17,2.23528
SUB,Q=K!=V,18,2.21080
SUB,Q=K!=V,19,2.17943
SUB,Q=K!=V,20,2.15144
SUB,Q=K!=V,21,2.12363
SUB,Q=K!=V,22,2.09768
SUB,Q=K!=V,23,2.06324
SUB,Q=K!=V,24,2.03686
SUB,Q=K!=V,25,1.99986
SUB,Q=K!=V,26,1.96979
SUB,Q=K!=V,27,1.92706
SUB,Q=K!=V,28,1.88387
SUB,Q=K!=V,29,1.84289
SUB,Q=K!=V,30,1.80036
SUB,Q=K!=V,31,1.74732
SUB,Q=K!=V,32,1.69159
SUB,Q=K!=V,33,1.64180
SUB,Q=K!=V,34,1.58333
SUB,Q=K!=V,35,1.52192
SUB,Q=K!=V,36,1.45750
SUB,Q=K!=V,37,1.38300
SUB,Q=K!=V,38,1.30572
SUB,Q=K!=V,39,1.23628
SUB,Q=K!=V,40,1.15479
SUB,Q=K!=V,41,1.08008
SUB,Q=K!=V,42,1.00003
SUB,Q=K!=V,43,0.92413
SUB,Q=K!=V,44,0.85147
SUB,Q=K!=V,45,0.78526
SUB,Q=K!=V,46,0.71647
SUB,Q=K!=V,47,0.65660
SUB,Q=K!=V,48,0.59396
SUB,Q=K!=V,49,0.53724
SUB,Q=K!=V,50,0.48181
SUB,Q=K!=V,51,0.43291
SUB,Q=K!=V,52,0.38486
SUB,Q=K!=V,53,0.34767
SUB,Q=K!=V,54,0.30859
SUB,Q=K!=V,55,0.26972
SUB,Q=K!=V,56,0.23963
SUB,Q=K!=V,57,0.20809
SUB,Q=K!=V,58,0.18362
SUB,Q=K!=V,59,0.16134
SUB,Q=K!=V,60,0.14220
SUB,Q=K!=V,61,0.12551
SUB,Q=K!=V,62,0.11191
SUB,Q=K!=V,63,0.10004
SUB,Q=K!=V,64,0.08893
SUB,Q=K!=V,65,0.07986
SUB,Q=K!=V,66,0.07249
SUB,Q=K!=V,67,0.06609
SUB,Q=K!=V,68,0.06106
SUB,Q=K!=V,69,0.05620
SUB,Q=K!=V,70,0.05205
SUB,Q=K!=V,71,0.04858
SUB,Q=K!=V,72,0.04512
SUB,Q=K!=V,73,0.04184
SUB,Q=K!=V,74,0.03938
SUB,Q=K!=V,75,0.03697
SUB,Q=K!=V,76,0.03472
SUB,Q=K!=V,77,0.03258
SUB,Q=K!=V,78,0.03114
SUB,Q=K!=V,79,0.02942
SUB,Q=K!=V,80,0.02810
SUB,Q=K!=V,81,0.02668
SUB,Q=K!=V,82,0.02558
SUB,Q=K!=V,83,0.02446
SUB,Q=K!=V,84,0.02343
SUB,Q=K!=V,85,0.02244
SUB,Q=K!=V,86,0.02155
SUB,Q=K!=V,87,0.02094
SUB,Q=K!=V,88,0.02015
SUB,Q=K!=V,89,0.01952
SUB,Q=K!=V,90,0.01886
SUB,Q=K!=V,91,0.01826
SUB,Q=K!=V,92,0.01776
SUB,Q=K!=V,93,0.01714
SUB,Q=K!=V,94,0.01674
SUB,Q=K!=V,95,0.01625
SUB,Q=K!=V,96,0.01587
SUB,Q=K!=V,97,0.01543
SUB,Q=K!=V,98,0.01517
SUB,Q=K!=V,99,0.01474
SUB,Q=K!=V,100,0.01441
SUB,Q=K!=V,101,0.01411
SUB,Q=K!=V,102,0.01379
SUB,Q=K!=V,103,0.01346
SUB,Q=K!=V,104,0.01315
SUB,Q=K!=V,105,0.01289
SUB,Q=K!=V,106,0.01264
SUB,Q=K!=V,107,0.01242
SUB,Q=K!=V,108,0.01221
SUB,Q=K!=V,109,0.01196
SUB,Q=K!=V,110,0.01186
SUB,Q=K!=V,111,0.01159
SUB,Q=K!=V,112,0.01135
SUB,Q=K!=V,113,0.01116
SUB,Q=K!=V,114,0.01103
SUB,Q=K!=V,115,0.01086
SUB,Q=K!=V,116,0.01073
SUB,Q=K!=V,117,0.01049
SUB,Q=K!=V,118,0.01035
SUB,Q=K!=V,119,0.01022
SUB,Q=K!=V,120,0.01007
SUB,Q=K!=V,121,0.00991
SUB,Q=K!=V,122,0.00980
SUB,Q=K!=V,123,0.00966
SUB,Q=K!=V,124,0.00952
SUB,Q=K!=V,125,0.00942
SUB,Q=K!=V,126,0.00927
SUB,Q=K!=V,127,0.00915
SUB,Q=K!=V,128,0.00905
SUB,Q=K!=V,129,0.00893
SUB,Q=K!=V,130,0.00886
SUB,Q=K!=V,131,0.00873
SUB,Q=K!=V,132,0.00862
SUB,Q=K!=V,133,0.00850
SUB,Q=K!=V,134,0.00840
SUB,Q=K!=V,135,0.00831
SUB,Q=K!=V,136,0.00821
SUB,Q=K!=V,137,0.00810
SUB,Q=K!=V,138,0.00802
SUB,Q=K!=V,139,0.00793
SUB,Q=K!=V,140,0.00785
SUB,Q=K!=V,141,0.00777
SUB,Q=K!=V,142,0.00767
SUB,Q=K!=V,143,0.00761
SUB,Q=K!=V,144,0.00754
SUB,Q=K!=V,145,0.00743
SUB,Q=K!=V,146,0.00737
SUB,Q=K!=V,147,0.00729
SUB,Q=K!=V,148,0.00724
SUB,Q=K!=V,149,0.00715
SUB,Q=K!=V,150,0.00708
SUB,Q=K!=V,151,0.00701
SUB,Q=K!=V,152,0.00693
SUB,Q=K!=V,153,0.00688
SUB,Q=K!=V,154,0.00680
SUB,Q=K!=V,155,0.00675
SUB,Q=K!=V,156,0.00668
SUB,Q=K!=V,157,0.00660
SUB,Q=K!=V,158,0.00656
SUB,Q=K!=V,159,0.00650
SUB,Q=K!=V,160,0.00646
SUB,Q=K!=V,161,0.00638
SUB,Q=K!=V,162,0.00632
SUB,Q=K!=V,163,0.00626
SUB,Q=K!=V,164,0.00621
SUB,Q=K!=V,165,0.00616
SUB,Q=K!=V,166,0.00610
SUB,Q=K!=V,167,0.00606
SUB,Q=K!=V,168,0.00601
SUB,Q=K!=V,169,0.00591
SUB,Q=K!=V,170,0.00590
SUB,Q=K!=V,171,0.00584
SUB,Q=K!=V,172,0.00580
SUB,Q=K!=V,173,0.00573
SUB,Q=K!=V,174,0.00570
SUB,Q=K!=V,175,0.00565
SUB,Q=K!=V,176,0.00559
SUB,Q=K!=V,177,0.00555
SUB,Q=K!=V,178,0.00552
SUB,Q=K!=V,179,0.00548
SUB,Q=K!=V,180,0.00541
SUB,Q=K!=V,181,0.00539
SUB,Q=K!=V,182,0.00535
SUB,Q=K!=V,183,0.00531
SUB,Q=K!=V,184,0.00527
SUB,Q=K!=V,185,0.00522
SUB,Q=K!=V,186,0.00518
SUB,Q=K!=V,187,0.00514
SUB,Q=K!=V,188,0.00510
SUB,Q=K!=V,189,0.00506
SUB,Q=K!=V,190,0.00501
SUB,Q=K!=V,191,0.00500
SUB,Q=K!=V,192,0.00495
SUB,Q=K!=V,193,0.00491
SUB,Q=K!=V,194,0.00488
SUB,Q=K!=V,195,0.00485
SUB,Q=K!=V,196,0.00482
SUB,Q=K!=V,197,0.00478
SUB,Q=K!=V,198,0.00475
SUB,Q=K!=V,199,0.00470
SUB,Q=K!=V,200,0.00468
SUB,Q=K!=V,201,0.00464
SUB,Q=K!=V,202,0.00462
SUB,Q=K!=V,203,0.00458
SUB,Q=K!=V,204,0.00456
SUB,Q=K!=V,205,0.00452
SUB,Q=K!=V,206,0.00449
SUB,Q=K!=V,207,0.00445
SUB,Q=K!=V,208,0.00443
SUB,Q=K!=V,209,0.00440
SUB,Q=K!=V,210,0.00437
SUB,Q=K!=V,211,0.00434
SUB,Q=K!=V,212,0.00431
SUB,Q=K!=V,213,0.00429
SUB,Q=K!=V,214,0.00426
SUB,Q=K!=V,215,0.00423
SUB,Q=K!=V,216,0.00420
SUB,Q=K!=V,217,0.00418
SUB,Q=K!=V,218,0.00416
SUB,Q=K!=V,219,0.00412
SUB,Q=K!=V,220,0.00410
SUB,Q=K!=V,221,0.00408
SUB,Q=K!=V,222,0.00406
SUB,Q=K!=V,223,0.00402
SUB,Q=K!=V,224,0.00399
SUB,Q=K!=V,225,0.00398
SUB,Q=K!=V,226,0.00396
SUB,Q=K!=V,227,0.00393
SUB,Q=K!=V,228,0.00391
SUB,Q=K!=V,229,0.00389
SUB,Q=K!=V,230,0.00386
SUB,Q=K!=V,231,0.00384
SUB,Q=K!=V,232,0.00383
SUB,Q=K!=V,233,0.00381
SUB,Q=K!=V,234,0.00377
SUB,Q=K!=V,235,0.00375
SUB,Q=K!=V,236,0.00371
SUB,Q=K!=V,237,0.00371
SUB,Q=K!=V,238,0.00369
SUB,Q=K!=V,239,0.00366
SUB,Q=K!=V,240,0.00365
SUB,Q=K!=V,241,0.00362
SUB,Q=K!=V,242,0.00361
SUB,Q=K!=V,243,0.00358
SUB,Q=K!=V,244,0.00357
SUB,Q=K!=V,245,0.00355
SUB,Q=K!=V,246,0.00353
SUB,Q=K!=V,247,0.00351
SUB,Q=K!=V,248,0.00349
SUB,Q=K!=V,249,0.00347
SUB,Q=K!=V,250,0.00346
SUB,Q=K!=V,251,0.00344
SUB,Q=K!=V,252,0.00342
SUB,Q=K!=V,253,0.00340
SUB,Q=K!=V,254,0.00339
SUB,Q=K!=V,255,0.00336
SUB,Q=K!=V,256,0.00335
SUB,Q=K!=V,257,0.00333
SUB,Q=K!=V,258,0.00331
SUB,Q=K!=V,259,0.00329
SUB,Q=K!=V,260,0.00328
SUB,Q=K!=V,261,0.00327
SUB,Q=K!=V,262,0.00325
SUB,Q=K!=V,263,0.00323
SUB,Q=K!=V,264,0.00322
SUB,Q=K!=V,265,0.00320
SUB,Q=K!=V,266,0.00319
SUB,Q=K!=V,267,0.00317
SUB,Q=K!=V,268,0.00316
SUB,Q=K!=V,269,0.00314
SUB,Q=K!=V,270,0.00312
SUB,Q=K!=V,271,0.00311
SUB,Q=K!=V,272,0.00310
SUB,Q=K!=V,273,0.00308
SUB,Q=K!=V,274,0.00307
SUB,Q=K!=V,275,0.00305
SUB,Q=K!=V,276,0.00303
SUB,Q=K!=V,277,0.00302
SUB,Q=K!=V,278,0.00301
SUB,Q=K!=V,279,0.00300
SUB,Q=K!=V,280,0.00298
SUB,Q=K!=V,281,0.00297
SUB,Q=K!=V,282,0.00295
SUB,Q=K!=V,283,0.00295
SUB,Q=K!=V,284,0.00293
SUB,Q=K!=V,285,0.00292
SUB,Q=K!=V,286,0.00290
SUB,Q=K!=V,287,0.00288
SUB,Q=K!=V,288,0.00289
SUB,Q=K!=V,289,0.00287
SUB,Q=K!=V,290,0.00285
SUB,Q=K!=V,291,0.00284
SUB,Q=K!=V,292,0.00283
SUB,Q=K!=V,293,0.00282
SUB,Q=K!=V,294,0.00280
SUB,Q=K!=V,295,0.00279
SUB,Q=K!=V,296,0.00278
SUB,Q=K!=V,297,0.00277
SUB,Q=K!=V,298,0.00276
SUB,Q=K!=V,299,0.00275
SUB,Q=K!=V,300,0.00273
SUB,Q=K!=V,301,0.00272
SUB,Q=K!=V,302,0.00271
SUB,Q=K!=V,303,0.00270
SUB,Q=K!=V,304,0.00269
SUB,Q=K!=V,305,0.00268
SUB,Q=K!=V,306,0.00267
SUB,Q=K!=V,307,0.00266
SUB,Q=K!=V,308,0.00265
SUB,Q=K!=V,309,0.00264
SUB,Q=K!=V,310,0.00262
SUB,Q=K!=V,311,0.00262
SUB,Q=K!=V,312,0.00261
SUB,Q=K!=V,313,0.00260
SUB,Q=K!=V,314,0.00259
SUB,Q=K!=V,315,0.00257
SUB,Q=K!=V,316,0.00257
SUB,Q=K!=V,317,0.00255
SUB,Q=K!=V,318,0.00255
SUB,Q=K!=V,319,0.00254
SUB,Q=K!=V,320,0.00253
SUB,Q=K!=V,321,0.00252
SUB,Q=K!=V,322,0.00251
SUB,Q=K!=V,323,0.00249
SUB,Q=K!=V,324,0.00250
SUB,Q=K!=V,325,0.00248
SUB,Q=K!=V,326,0.00247
SUB,Q=K!=V,327,0.00246
SUB,Q=K!=V,328,0.00245
SUB,Q=K!=V,329,0.00245
SUB,Q=K!=V,330,0.00243
SUB,Q=K!=V,331,0.00243
SUB,Q=K!=V,332,0.00242
SUB,Q=K!=V,333,0.00241
SUB,Q=K!=V,334,0.00240
SUB,Q=K!=V,335,0.00240
SUB,Q=K!=V,336,0.00238
SUB,Q=K!=V,337,0.00238
SUB,Q=K!=V,338,0.00238
SUB,Q=K!=V,339,0.00236
SUB,Q=K!=V,340,0.00235
SUB,Q=K!=V,341,0.00234
SUB,Q=K!=V,342,0.00234
SUB,Q=K!=V,343,0.00233
SUB,Q=K!=V,344,0.00232
SUB,Q=K!=V,345,0.00231
SUB,Q=K!=V,346,0.00231
SUB,Q=K!=V,347,0.00230
SUB,Q=K!=V,348,0.00229
SUB,Q=K!=V,349,0.00228
SUB,Q=K!=V,350,0.00228
SUB,Q=K!=V,351,0.00227
SUB,Q=K!=V,352,0.00226
SUB,Q=K!=V,353,0.00226
SUB,Q=K!=V,354,0.00225
SUB,Q=K!=V,355,0.00224
SUB,Q=K!=V,356,0.00224
SUB,Q=K!=V,357,0.00223
SUB,Q=K!=V,358,0.00222
SUB,Q=K!=V,359,0.00221
SUB,Q=K!=V,360,0.00221
SUB,Q=K!=V,361,0.00220
SUB,Q=K!=V,362,0.00220
SUB,Q=K!=V,363,0.00219
SUB,Q=K!=V,364,0.00218
SUB,Q=K!=V,365,0.00217
SUB,Q=K!=V,366,0.00217
SUB,Q=K!=V,367,0.00216
SUB,Q=K!=V,368,0.00216
SUB,Q=K!=V,369,0.00215
SUB,Q=K!=V,370,0.00214
SUB,Q=K!=V,371,0.00213
SUB,Q=K!=V,372,0.00212
SUB,Q=K!=V,373,0.00213
SUB,Q=K!=V,374,0.00212
SUB,Q=K!=V,375,0.00211
SUB,Q=K!=V,376,0.00210
SUB,Q=K!=V,377,0.00210
SUB,Q=K!=V,378,0.00209
SUB,Q=K!=V,379,0.00208
SUB,Q=K!=V,380,0.00208
SUB,Q=K!=V,381,0.00207
SUB,Q=K!=V,382,0.00207
SUB,Q=K!=V,383,0.00206
SUB,Q=K!=V,384,0.00206
SUB,Q=K!=V,385,0.00205
SUB,Q=K!=V,386,0.00205
SUB,Q=K!=V,387,0.00204
SUB,Q=K!=V,388,0.00203
SUB,Q=K!=V,389,0.00203
SUB,Q=K!=V,390,0.00203
SUB,Q=K!=V,391,0.00202
SUB,Q=K!=V,392,0.00201
SUB,Q=K!=V,393,0.00201
SUB,Q=K!=V,394,0.00200
SUB,Q=K!=V,395,0.00200
SUB,Q=K!=V,396,0.00199
SUB,Q=K!=V,397,0.00199
SUB,Q=K!=V,398,0.00198
SUB,Q=K!=V,399,0.00198
SUB,Q=K!=V,400,0.00197
SUB,Q=K!=V,401,0.00197
SUB,Q=K!=V,402,0.00196
SUB,Q=K!=V,403,0.00196
SUB,Q=K!=V,404,0.00195
SUB,Q=K!=V,405,0.00195
SUB,Q=K!=V,406,0.00194
SUB,Q=K!=V,407,0.00194
SUB,Q=K!=V,408,0.00194
SUB,Q=K!=V,409,0.00193
SUB,Q=K!=V,410,0.00192
SUB,Q=K!=V,411,0.00192
SUB,Q=K!=V,412,0.00191
SUB,Q=K!=V,413,0.00191
SUB,Q=K!=V,414,0.00191
SUB,Q=K!=V,415,0.00190
SUB,Q=K!=V,416,0.00189
SUB,Q=K!=V,417,0.00189
SUB,Q=K!=V,418,0.00189
SUB,Q=K!=V,419,0.00189
SUB,Q=K!=V,420,0.00188
SUB,Q=K!=V,421,0.00187
SUB,Q=K!=V,422,0.00187
SUB,Q=K!=V,423,0.00186
SUB,Q=K!=V,424,0.00186
SUB,Q=K!=V,425,0.00186
SUB,Q=K!=V,426,0.00185
SUB,Q=K!=V,427,0.00185
SUB,Q=K!=V,428,0.00184
SUB,Q=K!=V,429,0.00184
SUB,Q=K!=V,430,0.00184
SUB,Q=K!=V,431,0.00183
SUB,Q=K!=V,432,0.00183
SUB,Q=K!=V,433,0.00183
SUB,Q=K!=V,434,0.00182
SUB,Q=K!=V,435,0.00182
SUB,Q=K!=V,436,0.00181
SUB,Q=K!=V,437,0.00181
SUB,Q=K!=V,438,0.00181
SUB,Q=K!=V,439,0.00180
SUB,Q=K!=V,440,0.00180
SUB,Q=K!=V,441,0.00180
SUB,Q=K!=V,442,0.00179
SUB,Q=K!=V,443,0.00179
SUB,Q=K!=V,444,0.00179
SUB,Q=K!=V,445,0.00178
SUB,Q=K!=V,446,0.00177
SUB,Q=K!=V,447,0.00177
SUB,Q=K!=V,448,0.00177
SUB,Q=K!=V,449,0.00177
SUB,Q=K!=V,450,0.00176
SUB,Q=K!=V,451,0.00176
SUB,Q=K!=V,452,0.00175
SUB,Q=K!=V,453,0.00175
SUB,Q=K!=V,454,0.00175
SUB,Q=K!=V,455,0.00174
SUB,Q=K!=V,456,0.00174
SUB,Q=K!=V,457,0.00174
SUB,Q=K!=V,458,0.00173
SUB,Q=K!=V,459,0.00173
SUB,Q=K!=V,460,0.00173
SUB,Q=K!=V,461,0.00173
SUB,Q=K!=V,462,0.00172
SUB,Q=K!=V,463,0.00172
SUB,Q=K!=V,464,0.00172
SUB,Q=K!=V,465,0.00171
SUB,Q=K!=V,466,0.00171
SUB,Q=K!=V,467,0.00170
SUB,Q=K!=V,468,0.00170
SUB,Q=K!=V,469,0.00170
SUB,Q=K!=V,470,0.00170
SUB,Q=K!=V,471,0.00169
SUB,Q=K!=V,472,0.00169
SUB,Q=K!=V,473,0.00169
SUB,Q=K!=V,474,0.00169
SUB,Q=K!=V,475,0.00168
SUB,Q=K!=V,476,0.00168
SUB,Q=K!=V,477,0.00168
SUB,Q=K!=V,478,0.00168
SUB,Q=K!=V,479,0.00167
SUB,Q=K!=V,480,0.00167
SUB,Q=K!=V,481,0.00167
SUB,Q=K!=V,482,0.00166
SUB,Q=K!=V,483,0.00166
SUB,Q=K!=V,484,0.00166
SUB,Q=K!=V,485,0.00165
SUB,Q=K!=V,486,0.00165
SUB,Q=K!=V,487,0.00165
SUB,Q=K!=V,488,0.00165
SUB,Q=K!=V,489,0.00165
SUB,Q=K!=V,490,0.00164
SUB,Q=K!=V,491,0.00164
SUB,Q=K!=V,492,0.00164
SUB,Q=K!=V,493,0.00164
SUB,Q=K!=V,494,0.00163
SUB,Q=K!=V,495,0.00163
SUB,Q=K!=V,496,0.00163
SUB,Q=K!=V,497,0.00162
SUB,Q=K!=V,498,0.00162
SUB,Q=K!=V,499,0.00162
SUB,Q=K!=V,500,0.00162
SUB,Q=K!=V,501,0.00162
SUB,Q=K!=V,502,0.00161
SUB,Q=K!=V,503,0.00161
SUB,Q=K!=V,504,0.00161
SUB,Q=K!=V,505,0.00161
SUB,Q=K!=V,506,0.00160
SUB,Q=K!=V,507,0.00160
SUB,Q=K!=V,508,0.00160
SUB,Q=K!=V,509,0.00160
SUB,Q=K!=V,510,0.00160
SUB,Q=K!=V,511,0.00160
SUB,Q=K!=V,512,0.00159
SUB,Q=K!=V,513,0.00159
SUB,Q=K!=V,514,0.00159
SUB,Q=K!=V,515,0.00159
SUB,Q=K!=V,516,0.00158
SUB,Q=K!=V,517,0.00158
SUB,Q=K!=V,518,0.00158
SUB,Q=K!=V,519,0.00158
SUB,Q=K!=V,520,0.00157
SUB,Q=K!=V,521,0.00157
SUB,Q=K!=V,522,0.00157
SUB,Q=K!=V,523,0.00157
SUB,Q=K!=V,524,0.00157
SUB,Q=K!=V,525,0.00157
SUB,Q=K!=V,526,0.00156
SUB,Q=K!=V,527,0.00156
SUB,Q=K!=V,528,0.00156
SUB,Q=K!=V,529,0.00156
SUB,Q=K!=V,530,0.00156
SUB,Q=K!=V,531,0.00155
SUB,Q=K!=V,532,0.00155
SUB,Q=K!=V,533,0.00155
SUB,Q=K!=V,534,0.00155
SUB,Q=K!=V,535,0.00155
SUB,Q=K!=V,536,0.00154
SUB,Q=K!=V,537,0.00154
SUB,Q=K!=V,538,0.00154
SUB,Q=K!=V,539,0.00154
SUB,Q=K!=V,540,0.00154
SUB,Q=K!=V,541,0.00153
SUB,Q=K!=V,542,0.00153
SUB,Q=K!=V,543,0.00153
SUB,Q=K!=V,544,0.00153
SUB,Q=K!=V,545,0.00153
SUB,Q=K!=V,546,0.00153
SUB,Q=K!=V,547,0.00153
SUB,Q=K!=V,548,0.00153
SUB,Q=K!=V,549,0.00152
SUB,Q=K!=V,550,0.00152
SUB,Q=K!=V,551,0.00152
SUB,Q=K!=V,552,0.00153
SUB,Q=K!=V,553,0.00151
SUB,Q=K!=V,554,0.00151
SUB,Q=K!=V,555,0.00151
SUB,Q=K!=V,556,0.00151
SUB,Q=K!=V,557,0.00151
SUB,Q=K!=V,558,0.00151
SUB,Q=K!=V,559,0.00151
SUB,Q=K!=V,560,0.00150
SUB,Q=K!=V,561,0.00150
SUB,Q=K!=V,562,0.00150
SUB,Q=K!=V,563,0.00150
SUB,Q=K!=V,564,0.00150
SUB,Q=K!=V,565,0.00150
SUB,Q=K!=V,566,0.00150
SUB,Q=K!=V,567,0.00150
SUB,Q=K!=V,568,0.00149
SUB,Q=K!=V,569,0.00149
SUB,Q=K!=V,570,0.00149
SUB,Q=K!=V,571,0.00149
SUB,Q=K!=V,572,0.00149
SUB,Q=K!=V,573,0.00149
SUB,Q=K!=V,574,0.00148
SUB,Q=K!=V,575,0.00149
SUB,Q=K!=V,576,0.00148
SUB,Q=K!=V,577,0.00148
SUB,Q=K!=V,578,0.00148
SUB,Q=K!=V,579,0.00148
SUB,Q=K!=V,580,0.00148
SUB,Q=K!=V,581,0.00148
SUB,Q=K!=V,582,0.00147
SUB,Q=K!=V,583,0.00148
SUB,Q=K!=V,584,0.00147
SUB,Q=K!=V,585,0.00147
SUB,Q=K!=V,586,0.00147
SUB,Q=K!=V,587,0.00147
SUB,Q=K!=V,588,0.00147
SUB,Q=K!=V,589,0.00147
SUB,Q=K!=V,590,0.00147
SUB,Q=K!=V,591,0.00147
SUB,Q=K!=V,592,0.00147
SUB,Q=K!=V,593,0.00146
SUB,Q=K!=V,594,0.00146
SUB,Q=K!=V,595,0.00146
SUB,Q=K!=V,596,0.00146
SUB,Q=K!=V,597,0.00146
SUB,Q=K!=V,598,0.00146
SUB,Q=K!=V,599,0.00146
SUB,Q=K!=V,600,0.00146
SUB,Q=K!=V,601,0.00145
SUB,Q=K!=V,602,0.00146
SUB,Q=K!=V,603,0.00145
SUB,Q=K!=V,604,0.00145
SUB,Q=K!=V,605,0.00145
SUB,Q=K!=V,606,0.00145
SUB,Q=K!=V,607,0.00145
SUB,Q=K!=V,608,0.00145
SUB,Q=K!=V,609,0.00145
SUB,Q=K!=V,610,0.00145
SUB,Q=K!=V,611,0.00145
SUB,Q=K!=V,612,0.00144
SUB,Q=K!=V,613,0.00144
SUB,Q=K!=V,614,0.00144
SUB,Q=K!=V,615,0.00144
SUB,Q=K!=V,616,0.00144
SUB,Q=K!=V,617,0.00144
SUB,Q=K!=V,618,0.00144
SUB,Q=K!=V,619,0.00144
SUB,Q=K!=V,620,0.00144
SUB,Q=K!=V,621,0.00144
SUB,Q=K!=V,622,0.00144
SUB,Q=K!=V,623,0.00144
SUB,Q=K!=V,624,0.00143
SUB,Q=K!=V,625,0.00143
SUB,Q=K!=V,626,0.00143
SUB,Q=K!=V,627,0.00143
SUB,Q=K!=V,628,0.00143
SUB,Q=K!=V,629,0.00143
SUB,Q=K!=V,630,0.00143
SUB,Q=K!=V,631,0.00143
SUB,Q=K!=V,632,0.00143
SUB,Q=K!=V,633,0.00143
SUB,Q=K!=V,634,0.00143
SUB,Q=K!=V,635,0.00143
SUB,Q=K!=V,636,0.00143
SUB,Q=K!=V,637,0.00143
SUB,Q=K!=V,638,0.00143
SUB,Q=K!=V,639,0.00143
SUB,Q=K!=V,640,0.00142
SUB,Q=K!=V,641,0.00143
SUB,Q=K!=V,642,0.00142
SUB,Q=K!=V,643,0.00142
SUB,Q=K!=V,644,0.00142
SUB,Q=K!=V,645,0.00142
SUB,Q=K!=V,646,0.00142
SUB,Q=K!=V,647,0.00142
SUB,Q=K!=V,648,0.00142
SUB,Q=K!=V,649,0.00142
SUB,Q=K!=V,650,0.00142
SUB,Q=K!=V,651,0.00142
SUB,Q=K!=V,652,0.00142
SUB,Q=K!=V,653,0.00142
SUB,Q=K!=V,654,0.00142
SUB,Q=K!=V,655,0.00141
SUB,Q=K!=V,656,0.00142
SUB,Q=K!=V,657,0.00141
SUB,Q=K!=V,658,0.00141
SUB,Q=K!=V,659,0.00141
SUB,Q=K!=V,660,0.00141
SUB,Q=K!=V,661,0.00141
SUB,Q=K!=V,662,0.00141
SUB,Q=K!=V,663,0.00141
SUB,Q=K!=V,664,0.00141
SUB,Q=K!=V,665,0.00141
SUB,Q=K!=V,666,0.00141
SUB,Q=K!=V,667,0.00141
SUB,Q=K!=V,668,0.00141
SUB,Q=K!=V,669,0.00141
SUB,Q=K!=V,670,0.00141
SUB,Q=K!=V,671,0.00141
SUB,Q=K!=V,672,0.00141
SUB,Q=K!=V,673,0.00141
SUB,Q=K!=V,674,0.00141
SUB,Q=K!=V,675,0.00140
SUB,Q=K!=V,676,0.00141
SUB,Q=K!=V,677,0.00141
SUB,Q=K!=V,678,0.00140
SUB,Q=K!=V,679,0.00141
SUB,Q=K!=V,680,0.00140
SUB,Q=K!=V,681,0.00141
SUB,Q=K!=V,682,0.00140
SUB,Q=K!=V,683,0.00140
SUB,Q=K!=V,684,0.00140
SUB,Q=K!=V,685,0.00140
SUB,Q=K!=V,686,0.00140
SUB,Q=K!=V,687,0.00140
SUB,Q=K!=V,688,0.00140
SUB,Q=K!=V,689,0.00140
SUB,Q=K!=V,690,0.00140
SUB,Q=K!=V,691,0.00140
SUB,Q=K!=V,692,0.00140
SUB,Q=K!=V,693,0.00140
SUB,Q=K!=V,694,0.00140
SUB,Q=K!=V,695,0.00140
SUB,Q=K!=V,696,0.00140
SUB,Q=K!=V,697,0.00140
SUB,Q=K!=V,698,0.00140
SUB,Q=K!=V,699,0.00140
SUB,Q=K!=V,700,0.00140
SUB,Q=K!=V,701,0.00140
SUB,Q=K!=V,702,0.00140
SUB,Q=K!=V,703,0.00140
SUB,Q=K!=V,704,0.00140
SUB,Q=K!=V,705,0.00140
SUB,Q=K!=V,706,0.00140
SUB,Q=K!=V,707,0.00140
SUB,Q=K!=V,708,0.00140
SUB,Q=K!=V,709,0.00140
SUB,Q=K!=V,710,0.00140
SUB,Q=K!=V,711,0.00140
SUB,Q=K!=V,712,0.00139
SUB,Q=K!=V,713,0.00140
SUB,Q=K!=V,714,0.00140
SUB,Q=K!=V,715,0.00139
SUB,Q=K!=V,716,0.00139
SUB,Q=K!=V,717,0.00140
SUB,Q=K!=V,718,0.00140
SUB,Q=K!=V,719,0.00139
SUB,Q=K!=V,720,0.00140
SUB,Q=K!=V,721,0.00139
SUB,Q=K!=V,722,0.00139
SUB,Q=K!=V,723,0.00139
SUB,Q=K!=V,724,0.00140
SUB,Q=K!=V,725,0.00140
SUB,Q=K!=V,726,0.00140
SUB,Q=K!=V,727,0.00139
SUB,Q=K!=V,728,0.00139
SUB,Q=K!=V,729,0.00139
SUB,Q=K!=V,730,0.00139
SUB,Q=K!=V,731,0.00139
SUB,Q=K!=V,732,0.00139
SUB,Q=K!=V,733,0.00140
SUB,Q=K!=V,734,0.00139
SUB,Q=K!=V,735,0.00139
SUB,Q=K!=V,736,0.00139
SUB,Q=K!=V,737,0.00139
SUB,Q=K!=V,738,0.00139
SUB,Q=K!=V,739,0.00139
SUB,Q=K!=V,740,0.00139
SUB,Q=K!=V,741,0.00139
SUB,Q=K!=V,742,0.00139
SUB,Q=K!=V,743,0.00140
SUB,Q=K!=V,744,0.00139
SUB,Q=K!=V,745,0.00139
SUB,Q=K!=V,746,0.00139
SUB,Q=K!=V,747,0.00139
SUB,Q=K!=V,748,0.00139
SUB,Q=K!=V,749,0.00139
SUB,Q=K!=V,750,0.00139
SUB,Q=K!=V,751,0.00139
SUB,Q=K!=V,752,0.00139
SUB,Q=K!=V,753,0.00139
SUB,Q=K!=V,754,0.00139
SUB,Q=K!=V,755,0.00139
SUB,Q=K!=V,756,0.00139
SUB,Q=K!=V,757,0.00139
SUB,Q=K!=V,758,0.00139
SUB,Q=K!=V,759,0.00139
SUB,Q=K!=V,760,0.00139
SUB,Q=K!=V,761,0.00139
SUB,Q=K!=V,762,0.00139
SUB,Q=K!=V,763,0.00139
SUB,Q=K!=V,764,0.00139
SUB,Q=K!=V,765,0.00139
SUB,Q=K!=V,766,0.00139
SUB,Q=K!=V,767,0.00139
SUB,Q=K!=V,768,0.00139
SUB,Q=K!=V,769,0.00139
SUB,Q=K!=V,770,0.00139
SUB,Q=K!=V,771,0.00139
SUB,Q=K!=V,772,0.00139
SUB,Q=K!=V,773,0.00139
SUB,Q=K!=V,774,0.00139
SUB,Q=K!=V,775,0.00139
SUB,Q=K!=V,776,0.00139
SUB,Q=K!=V,777,0.00139
SUB,Q=K!=V,778,0.00139
SUB,Q=K!=V,779,0.00139
SUB,Q=K!=V,780,0.00139
SUB,Q=K!=V,781,0.00139
SUB,Q=K!=V,782,0.00139
SUB,Q=K!=V,783,0.00139
SUB,Q=K!=V,784,0.00139
SUB,Q=K!=V,785,0.00139
SUB,Q=K!=V,786,0.00139
SUB,Q=K!=V,787,0.00139
SUB,Q=K!=V,788,0.00139
SUB,Q=K!=V,789,0.00139
SUB,(Q=K!=V)+,0,2.44129
SUB,(Q=K!=V)+,1,2.43844
SUB,(Q=K!=V)+,2,2.43962
SUB,(Q=K!=V)+,3,2.42561
SUB,(Q=K!=V)+,4,2.42046
SUB,(Q=K!=V)+,5,2.41663
SUB,(Q=K!=V)+,6,2.40677
SUB,(Q=K!=V)+,7,2.39203
SUB,(Q=K!=V)+,8,2.37823
SUB,(Q=K!=V)+,9,2.36882
SUB,(Q=K!=V)+,10,2.35786
SUB,(Q=K!=V)+,11,2.33023
SUB,(Q=K!=V)+,12,2.31899
SUB,(Q=K!=V)+,13,2.30221
SUB,(Q=K!=V)+,14,2.28215
SUB,(Q=K!=V)+,15,2.26134
SUB,(Q=K!=V)+,16,2.24344
SUB,(Q=K!=V)+,17,2.21952
SUB,(Q=K!=V)+,18,2.20220
SUB,(Q=K!=V)+,19,2.17734
SUB,(Q=K!=V)+,20,2.15157
SUB,(Q=K!=V)+,21,2.12328
SUB,(Q=K!=V)+,22,2.09899
SUB,(Q=K!=V)+,23,2.06666
SUB,(Q=K!=V)+,24,2.04167
SUB,(Q=K!=V)+,25,2.00828
SUB,(Q=K!=V)+,26,1.97607
SUB,(Q=K!=V)+,27,1.93584
SUB,(Q=K!=V)+,28,1.89965
SUB,(Q=K!=V)+,29,1.85760
SUB,(Q=K!=V)+,30,1.81761
SUB,(Q=K!=V)+,31,1.77015
SUB,(Q=K!=V)+,32,1.71932
SUB,(Q=K!=V)+,33,1.67109
SUB,(Q=K!=V)+,34,1.61705
SUB,(Q=K!=V)+,35,1.55820
SUB,(Q=K!=V)+,36,1.49546
SUB,(Q=K!=V)+,37,1.42429
SUB,(Q=K!=V)+,38,1.35469
SUB,(Q=K!=V)+,39,1.28770
SUB,(Q=K!=V)+,40,1.20264
SUB,(Q=K!=V)+,41,1.13519
SUB,(Q=K!=V)+,42,1.05377
SUB,(Q=K!=V)+,43,0.97689
SUB,(Q=K!=V)+,44,0.90071
SUB,(Q=K!=V)+,45,0.82457
SUB,(Q=K!=V)+,46,0.75638
SUB,(Q=K!=V)+,47,0.68834
SUB,(Q=K!=V)+,48,0.62379
SUB,(Q=K!=V)+,49,0.55940
SUB,(Q=K!=V)+,50,0.50189
SUB,(Q=K!=V)+,51,0.44898
SUB,(Q=K!=V)+,52,0.39653
SUB,(Q=K!=V)+,53,0.35873
SUB,(Q=K!=V)+,54,0.31560
SUB,(Q=K!=V)+,55,0.27488
SUB,(Q=K!=V)+,56,0.24537
SUB,(Q=K!=V)+,57,0.21617
SUB,(Q=K!=V)+,58,0.19108
SUB,(Q=K!=V)+,59,0.17045
SUB,(Q=K!=V)+,60,0.15058
SUB,(Q=K!=V)+,61,0.13339
SUB,(Q=K!=V)+,62,0.11935
SUB,(Q=K!=V)+,63,0.10679
SUB,(Q=K!=V)+,64,0.09543
SUB,(Q=K!=V)+,65,0.08506
SUB,(Q=K!=V)+,66,0.07672
SUB,(Q=K!=V)+,67,0.06999
SUB,(Q=K!=V)+,68,0.06376
SUB,(Q=K!=V)+,69,0.05809
SUB,(Q=K!=V)+,70,0.05342
SUB,(Q=K!=V)+,71,0.04951
SUB,(Q=K!=V)+,72,0.04612
SUB,(Q=K!=V)+,73,0.04261
SUB,(Q=K!=V)+,74,0.03974
SUB,(Q=K!=V)+,75,0.03706
SUB,(Q=K!=V)+,76,0.03499
SUB,(Q=K!=V)+,77,0.03267
SUB,(Q=K!=V)+,78,0.03109
SUB,(Q=K!=V)+,79,0.02921
SUB,(Q=K!=V)+,80,0.02770
SUB,(Q=K!=V)+,81,0.02631
SUB,(Q=K!=V)+,82,0.02502
SUB,(Q=K!=V)+,83,0.02378
SUB,(Q=K!=V)+,84,0.02274
SUB,(Q=K!=V)+,85,0.02181
SUB,(Q=K!=V)+,86,0.02079
SUB,(Q=K!=V)+,87,0.02003
SUB,(Q=K!=V)+,88,0.01919
SUB,(Q=K!=V)+,89,0.01852
SUB,(Q=K!=V)+,90,0.01790
SUB,(Q=K!=V)+,91,0.01728
SUB,(Q=K!=V)+,92,0.01670
SUB,(Q=K!=V)+,93,0.01614
SUB,(Q=K!=V)+,94,0.01568
SUB,(Q=K!=V)+,95,0.01526
SUB,(Q=K!=V)+,96,0.01480
SUB,(Q=K!=V)+,97,0.01436
SUB,(Q=K!=V)+,98,0.01408
SUB,(Q=K!=V)+,99,0.01368
SUB,(Q=K!=V)+,100,0.01332
SUB,(Q=K!=V)+,101,0.01303
SUB,(Q=K!=V)+,102,0.01274
SUB,(Q=K!=V)+,103,0.01244
SUB,(Q=K!=V)+,104,0.01216
SUB,(Q=K!=V)+,105,0.01193
SUB,(Q=K!=V)+,106,0.01170
SUB,(Q=K!=V)+,107,0.01143
SUB,(Q=K!=V)+,108,0.01124
SUB,(Q=K!=V)+,109,0.01101
SUB,(Q=K!=V)+,110,0.01084
SUB,(Q=K!=V)+,111,0.01063
SUB,(Q=K!=V)+,112,0.01045
SUB,(Q=K!=V)+,113,0.01028
SUB,(Q=K!=V)+,114,0.01012
SUB,(Q=K!=V)+,115,0.00996
SUB,(Q=K!=V)+,116,0.00982
SUB,(Q=K!=V)+,117,0.00963
SUB,(Q=K!=V)+,118,0.00950
SUB,(Q=K!=V)+,119,0.00934
SUB,(Q=K!=V)+,120,0.00922
SUB,(Q=K!=V)+,121,0.00909
SUB,(Q=K!=V)+,122,0.00895
SUB,(Q=K!=V)+,123,0.00886
SUB,(Q=K!=V)+,124,0.00872
SUB,(Q=K!=V)+,125,0.00862
SUB,(Q=K!=V)+,126,0.00851
SUB,(Q=K!=V)+,127,0.00836
SUB,(Q=K!=V)+,128,0.00825
SUB,(Q=K!=V)+,129,0.00816
SUB,(Q=K!=V)+,130,0.00809
SUB,(Q=K!=V)+,131,0.00799
SUB,(Q=K!=V)+,132,0.00788
SUB,(Q=K!=V)+,133,0.00777
SUB,(Q=K!=V)+,134,0.00769
SUB,(Q=K!=V)+,135,0.00759
SUB,(Q=K!=V)+,136,0.00752
SUB,(Q=K!=V)+,137,0.00742
SUB,(Q=K!=V)+,138,0.00735
SUB,(Q=K!=V)+,139,0.00725
SUB,(Q=K!=V)+,140,0.00720
SUB,(Q=K!=V)+,141,0.00710
SUB,(Q=K!=V)+,142,0.00702
SUB,(Q=K!=V)+,143,0.00695
SUB,(Q=K!=V)+,144,0.00689
SUB,(Q=K!=V)+,145,0.00681
SUB,(Q=K!=V)+,146,0.00676
SUB,(Q=K!=V)+,147,0.00668
SUB,(Q=K!=V)+,148,0.00661
SUB,(Q=K!=V)+,149,0.00653
SUB,(Q=K!=V)+,150,0.00648
SUB,(Q=K!=V)+,151,0.00643
SUB,(Q=K!=V)+,152,0.00636
SUB,(Q=K!=V)+,153,0.00629
SUB,(Q=K!=V)+,154,0.00622
SUB,(Q=K!=V)+,155,0.00618
SUB,(Q=K!=V)+,156,0.00612
SUB,(Q=K!=V)+,157,0.00603
SUB,(Q=K!=V)+,158,0.00599
SUB,(Q=K!=V)+,159,0.00596
SUB,(Q=K!=V)+,160,0.00590
SUB,(Q=K!=V)+,161,0.00585
SUB,(Q=K!=V)+,162,0.00580
SUB,(Q=K!=V)+,163,0.00574
SUB,(Q=K!=V)+,164,0.00569
SUB,(Q=K!=V)+,165,0.00565
SUB,(Q=K!=V)+,166,0.00559
SUB,(Q=K!=V)+,167,0.00554
SUB,(Q=K!=V)+,168,0.00550
SUB,(Q=K!=V)+,169,0.00544
SUB,(Q=K!=V)+,170,0.00540
SUB,(Q=K!=V)+,171,0.00535
SUB,(Q=K!=V)+,172,0.00533
SUB,(Q=K!=V)+,173,0.00528
SUB,(Q=K!=V)+,174,0.00524
SUB,(Q=K!=V)+,175,0.00520
SUB,(Q=K!=V)+,176,0.00515
SUB,(Q=K!=V)+,177,0.00511
SUB,(Q=K!=V)+,178,0.00506
SUB,(Q=K!=V)+,179,0.00502
SUB,(Q=K!=V)+,180,0.00499
SUB,(Q=K!=V)+,181,0.00494
SUB,(Q=K!=V)+,182,0.00491
SUB,(Q=K!=V)+,183,0.00487
SUB,(Q=K!=V)+,184,0.00484
SUB,(Q=K!=V)+,185,0.00480
SUB,(Q=K!=V)+,186,0.00475
SUB,(Q=K!=V)+,187,0.00473
SUB,(Q=K!=V)+,188,0.00469
SUB,(Q=K!=V)+,189,0.00465
SUB,(Q=K!=V)+,190,0.00462
SUB,(Q=K!=V)+,191,0.00459
SUB,(Q=K!=V)+,192,0.00456
SUB,(Q=K!=V)+,193,0.00452
SUB,(Q=K!=V)+,194,0.00450
SUB,(Q=K!=V)+,195,0.00446
SUB,(Q=K!=V)+,196,0.00443
SUB,(Q=K!=V)+,197,0.00440
SUB,(Q=K!=V)+,198,0.00438
SUB,(Q=K!=V)+,199,0.00434
SUB,(Q=K!=V)+,200,0.00432
SUB,(Q=K!=V)+,201,0.00427
SUB,(Q=K!=V)+,202,0.00426
SUB,(Q=K!=V)+,203,0.00423
SUB,(Q=K!=V)+,204,0.00420
SUB,(Q=K!=V)+,205,0.00417
SUB,(Q=K!=V)+,206,0.00414
SUB,(Q=K!=V)+,207,0.00410
SUB,(Q=K!=V)+,208,0.00408
SUB,(Q=K!=V)+,209,0.00405
SUB,(Q=K!=V)+,210,0.00403
SUB,(Q=K!=V)+,211,0.00400
SUB,(Q=K!=V)+,212,0.00399
SUB,(Q=K!=V)+,213,0.00395
SUB,(Q=K!=V)+,214,0.00393
SUB,(Q=K!=V)+,215,0.00391
SUB,(Q=K!=V)+,216,0.00389
SUB,(Q=K!=V)+,217,0.00386
SUB,(Q=K!=V)+,218,0.00384
SUB,(Q=K!=V)+,219,0.00381
SUB,(Q=K!=V)+,220,0.00378
SUB,(Q=K!=V)+,221,0.00376
SUB,(Q=K!=V)+,222,0.00375
SUB,(Q=K!=V)+,223,0.00372
SUB,(Q=K!=V)+,224,0.00370
SUB,(Q=K!=V)+,225,0.00368
SUB,(Q=K!=V)+,226,0.00366
SUB,(Q=K!=V)+,227,0.00364
SUB,(Q=K!=V)+,228,0.00361
SUB,(Q=K!=V)+,229,0.00360
SUB,(Q=K!=V)+,230,0.00357
SUB,(Q=K!=V)+,231,0.00355
SUB,(Q=K!=V)+,232,0.00353
SUB,(Q=K!=V)+,233,0.00351
SUB,(Q=K!=V)+,234,0.00349
SUB,(Q=K!=V)+,235,0.00347
SUB,(Q=K!=V)+,236,0.00344
SUB,(Q=K!=V)+,237,0.00343
SUB,(Q=K!=V)+,238,0.00341
SUB,(Q=K!=V)+,239,0.00340
SUB,(Q=K!=V)+,240,0.00338
SUB,(Q=K!=V)+,241,0.00336
SUB,(Q=K!=V)+,242,0.00334
SUB,(Q=K!=V)+,243,0.00332
SUB,(Q=K!=V)+,244,0.00330
SUB,(Q=K!=V)+,245,0.00329
SUB,(Q=K!=V)+,246,0.00327
SUB,(Q=K!=V)+,247,0.00326
SUB,(Q=K!=V)+,248,0.00323
SUB,(Q=K!=V)+,249,0.00322
SUB,(Q=K!=V)+,250,0.00320
SUB,(Q=K!=V)+,251,0.00319
SUB,(Q=K!=V)+,252,0.00317
SUB,(Q=K!=V)+,253,0.00316
SUB,(Q=K!=V)+,254,0.00314
SUB,(Q=K!=V)+,255,0.00312
SUB,(Q=K!=V)+,256,0.00311
SUB,(Q=K!=V)+,257,0.00309
SUB,(Q=K!=V)+,258,0.00308
SUB,(Q=K!=V)+,259,0.00306
SUB,(Q=K!=V)+,260,0.00305
SUB,(Q=K!=V)+,261,0.00303
SUB,(Q=K!=V)+,262,0.00302
SUB,(Q=K!=V)+,263,0.00300
SUB,(Q=K!=V)+,264,0.00299
SUB,(Q=K!=V)+,265,0.00297
SUB,(Q=K!=V)+,266,0.00296
SUB,(Q=K!=V)+,267,0.00295
SUB,(Q=K!=V)+,268,0.00293
SUB,(Q=K!=V)+,269,0.00292
SUB,(Q=K!=V)+,270,0.00291
SUB,(Q=K!=V)+,271,0.00289
SUB,(Q=K!=V)+,272,0.00288
SUB,(Q=K!=V)+,273,0.00287
SUB,(Q=K!=V)+,274,0.00285
SUB,(Q=K!=V)+,275,0.00284
SUB,(Q=K!=V)+,276,0.00284
SUB,(Q=K!=V)+,277,0.00281
SUB,(Q=K!=V)+,278,0.00280
SUB,(Q=K!=V)+,279,0.00279
SUB,(Q=K!=V)+,280,0.00277
SUB,(Q=K!=V)+,281,0.00277
SUB,(Q=K!=V)+,282,0.00275
SUB,(Q=K!=V)+,283,0.00274
SUB,(Q=K!=V)+,284,0.00273
SUB,(Q=K!=V)+,285,0.00272
SUB,(Q=K!=V)+,286,0.00271
SUB,(Q=K!=V)+,287,0.00269
SUB,(Q=K!=V)+,288,0.00269
SUB,(Q=K!=V)+,289,0.00267
SUB,(Q=K!=V)+,290,0.00266
SUB,(Q=K!=V)+,291,0.00265
SUB,(Q=K!=V)+,292,0.00264
SUB,(Q=K!=V)+,293,0.00263
SUB,(Q=K!=V)+,294,0.00261
SUB,(Q=K!=V)+,295,0.00260
SUB,(Q=K!=V)+,296,0.00259
SUB,(Q=K!=V)+,297,0.00258
SUB,(Q=K!=V)+,298,0.00257
SUB,(Q=K!=V)+,299,0.00256
SUB,(Q=K!=V)+,300,0.00255
SUB,(Q=K!=V)+,301,0.00254
SUB,(Q=K!=V)+,302,0.00253
SUB,(Q=K!=V)+,303,0.00253
SUB,(Q=K!=V)+,304,0.00251
SUB,(Q=K!=V)+,305,0.00250
SUB,(Q=K!=V)+,306,0.00249
SUB,(Q=K!=V)+,307,0.00249
SUB,(Q=K!=V)+,308,0.00247
SUB,(Q=K!=V)+,309,0.00247
SUB,(Q=K!=V)+,310,0.00245
SUB,(Q=K!=V)+,311,0.00245
SUB,(Q=K!=V)+,312,0.00244
SUB,(Q=K!=V)+,313,0.00243
SUB,(Q=K!=V)+,314,0.00242
SUB,(Q=K!=V)+,315,0.00241
SUB,(Q=K!=V)+,316,0.00240
SUB,(Q=K!=V)+,317,0.00239
SUB,(Q=K!=V)+,318,0.00238
SUB,(Q=K!=V)+,319,0.00237
SUB,(Q=K!=V)+,320,0.00236
SUB,(Q=K!=V)+,321,0.00235
SUB,(Q=K!=V)+,322,0.00235
SUB,(Q=K!=V)+,323,0.00234
SUB,(Q=K!=V)+,324,0.00233
SUB,(Q=K!=V)+,325,0.00232
SUB,(Q=K!=V)+,326,0.00232
SUB,(Q=K!=V)+,327,0.00231
SUB,(Q=K!=V)+,328,0.00229
SUB,(Q=K!=V)+,329,0.00229
SUB,(Q=K!=V)+,330,0.00228
SUB,(Q=K!=V)+,331,0.00228
SUB,(Q=K!=V)+,332,0.00227
SUB,(Q=K!=V)+,333,0.00226
SUB,(Q=K!=V)+,334,0.00225
SUB,(Q=K!=V)+,335,0.00225
SUB,(Q=K!=V)+,336,0.00224
SUB,(Q=K!=V)+,337,0.00223
SUB,(Q=K!=V)+,338,0.00222
SUB,(Q=K!=V)+,339,0.00221
SUB,(Q=K!=V)+,340,0.00221
SUB,(Q=K!=V)+,341,0.00220
SUB,(Q=K!=V)+,342,0.00219
SUB,(Q=K!=V)+,343,0.00219
SUB,(Q=K!=V)+,344,0.00218
SUB,(Q=K!=V)+,345,0.00217
SUB,(Q=K!=V)+,346,0.00217
SUB,(Q=K!=V)+,347,0.00216
SUB,(Q=K!=V)+,348,0.00215
SUB,(Q=K!=V)+,349,0.00214
SUB,(Q=K!=V)+,350,0.00214
SUB,(Q=K!=V)+,351,0.00213
SUB,(Q=K!=V)+,352,0.00213
SUB,(Q=K!=V)+,353,0.00212
SUB,(Q=K!=V)+,354,0.00211
SUB,(Q=K!=V)+,355,0.00210
SUB,(Q=K!=V)+,356,0.00210
SUB,(Q=K!=V)+,357,0.00209
SUB,(Q=K!=V)+,358,0.00209
SUB,(Q=K!=V)+,359,0.00208
SUB,(Q=K!=V)+,360,0.00207
SUB,(Q=K!=V)+,361,0.00207
SUB,(Q=K!=V)+,362,0.00206
SUB,(Q=K!=V)+,363,0.00205
SUB,(Q=K!=V)+,364,0.00205
SUB,(Q=K!=V)+,365,0.00204
SUB,(Q=K!=V)+,366,0.00204
SUB,(Q=K!=V)+,367,0.00203
SUB,(Q=K!=V)+,368,0.00203
SUB,(Q=K!=V)+,369,0.00202
SUB,(Q=K!=V)+,370,0.00201
SUB,(Q=K!=V)+,371,0.00201
SUB,(Q=K!=V)+,372,0.00200
SUB,(Q=K!=V)+,373,0.00200
SUB,(Q=K!=V)+,374,0.00199
SUB,(Q=K!=V)+,375,0.00198
SUB,(Q=K!=V)+,376,0.00198
SUB,(Q=K!=V)+,377,0.00197
SUB,(Q=K!=V)+,378,0.00197
SUB,(Q=K!=V)+,379,0.00197
SUB,(Q=K!=V)+,380,0.00196
SUB,(Q=K!=V)+,381,0.00195
SUB,(Q=K!=V)+,382,0.00195
SUB,(Q=K!=V)+,383,0.00194
SUB,(Q=K!=V)+,384,0.00194
SUB,(Q=K!=V)+,385,0.00193
SUB,(Q=K!=V)+,386,0.00193
SUB,(Q=K!=V)+,387,0.00192
SUB,(Q=K!=V)+,388,0.00192
SUB,(Q=K!=V)+,389,0.00191
SUB,(Q=K!=V)+,390,0.00191
SUB,(Q=K!=V)+,391,0.00190
SUB,(Q=K!=V)+,392,0.00190
SUB,(Q=K!=V)+,393,0.00189
SUB,(Q=K!=V)+,394,0.00189
SUB,(Q=K!=V)+,395,0.00188
SUB,(Q=K!=V)+,396,0.00188
SUB,(Q=K!=V)+,397,0.00187
SUB,(Q=K!=V)+,398,0.00187
SUB,(Q=K!=V)+,399,0.00186
SUB,(Q=K!=V)+,400,0.00186
SUB,(Q=K!=V)+,401,0.00186
SUB,(Q=K!=V)+,402,0.00185
SUB,(Q=K!=V)+,403,0.00185
SUB,(Q=K!=V)+,404,0.00184
SUB,(Q=K!=V)+,405,0.00184
SUB,(Q=K!=V)+,406,0.00183
SUB,(Q=K!=V)+,407,0.00183
SUB,(Q=K!=V)+,408,0.00183
SUB,(Q=K!=V)+,409,0.00182
SUB,(Q=K!=V)+,410,0.00182
SUB,(Q=K!=V)+,411,0.00181
SUB,(Q=K!=V)+,412,0.00181
SUB,(Q=K!=V)+,413,0.00180
SUB,(Q=K!=V)+,414,0.00180
SUB,(Q=K!=V)+,415,0.00179
SUB,(Q=K!=V)+,416,0.00179
SUB,(Q=K!=V)+,417,0.00179
SUB,(Q=K!=V)+,418,0.00179
SUB,(Q=K!=V)+,419,0.00178
SUB,(Q=K!=V)+,420,0.00178
SUB,(Q=K!=V)+,421,0.00177
SUB,(Q=K!=V)+,422,0.00177
SUB,(Q=K!=V)+,423,0.00177
SUB,(Q=K!=V)+,424,0.00176
SUB,(Q=K!=V)+,425,0.00176
SUB,(Q=K!=V)+,426,0.00175
SUB,(Q=K!=V)+,427,0.00175
SUB,(Q=K!=V)+,428,0.00174
SUB,(Q=K!=V)+,429,0.00174
SUB,(Q=K!=V)+,430,0.00174
SUB,(Q=K!=V)+,431,0.00173
SUB,(Q=K!=V)+,432,0.00173
SUB,(Q=K!=V)+,433,0.00173
SUB,(Q=K!=V)+,434,0.00172
SUB,(Q=K!=V)+,435,0.00172
SUB,(Q=K!=V)+,436,0.00172
SUB,(Q=K!=V)+,437,0.00171
SUB,(Q=K!=V)+,438,0.00171
SUB,(Q=K!=V)+,439,0.00171
SUB,(Q=K!=V)+,440,0.00170
SUB,(Q=K!=V)+,441,0.00170
SUB,(Q=K!=V)+,442,0.00170
SUB,(Q=K!=V)+,443,0.00169
SUB,(Q=K!=V)+,444,0.00169
SUB,(Q=K!=V)+,445,0.00169
SUB,(Q=K!=V)+,446,0.00168
SUB,(Q=K!=V)+,447,0.00168
SUB,(Q=K!=V)+,448,0.00167
SUB,(Q=K!=V)+,449,0.00167
SUB,(Q=K!=V)+,450,0.00167
SUB,(Q=K!=V)+,451,0.00167
SUB,(Q=K!=V)+,452,0.00166
SUB,(Q=K!=V)+,453,0.00166
SUB,(Q=K!=V)+,454,0.00165
SUB,(Q=K!=V)+,455,0.00165
SUB,(Q=K!=V)+,456,0.00165
SUB,(Q=K!=V)+,457,0.00165
SUB,(Q=K!=V)+,458,0.00164
SUB,(Q=K!=V)+,459,0.00164
SUB,(Q=K!=V)+,460,0.00164
SUB,(Q=K!=V)+,461,0.00164
SUB,(Q=K!=V)+,462,0.00163
SUB,(Q=K!=V)+,463,0.00163
SUB,(Q=K!=V)+,464,0.00163
SUB,(Q=K!=V)+,465,0.00162
SUB,(Q=K!=V)+,466,0.00162
SUB,(Q=K!=V)+,467,0.00162
SUB,(Q=K!=V)+,468,0.00162
SUB,(Q=K!=V)+,469,0.00161
SUB,(Q=K!=V)+,470,0.00161
SUB,(Q=K!=V)+,471,0.00161
SUB,(Q=K!=V)+,472,0.00160
SUB,(Q=K!=V)+,473,0.00160
SUB,(Q=K!=V)+,474,0.00160
SUB,(Q=K!=V)+,475,0.00160
SUB,(Q=K!=V)+,476,0.00159
SUB,(Q=K!=V)+,477,0.00159
SUB,(Q=K!=V)+,478,0.00159
SUB,(Q=K!=V)+,479,0.00159
SUB,(Q=K!=V)+,480,0.00159
SUB,(Q=K!=V)+,481,0.00158
SUB,(Q=K!=V)+,482,0.00158
SUB,(Q=K!=V)+,483,0.00158
SUB,(Q=K!=V)+,484,0.00158
SUB,(Q=K!=V)+,485,0.00157
SUB,(Q=K!=V)+,486,0.00157
SUB,(Q=K!=V)+,487,0.00157
SUB,(Q=K!=V)+,488,0.00156
SUB,(Q=K!=V)+,489,0.00156
SUB,(Q=K!=V)+,490,0.00156
SUB,(Q=K!=V)+,491,0.00156
SUB,(Q=K!=V)+,492,0.00156
SUB,(Q=K!=V)+,493,0.00155
SUB,(Q=K!=V)+,494,0.00155
SUB,(Q=K!=V)+,495,0.00155
SUB,(Q=K!=V)+,496,0.00155
SUB,(Q=K!=V)+,497,0.00154
SUB,(Q=K!=V)+,498,0.00154
SUB,(Q=K!=V)+,499,0.00154
SUB,(Q=K!=V)+,500,0.00154
SUB,(Q=K!=V)+,501,0.00154
SUB,(Q=K!=V)+,502,0.00153
SUB,(Q=K!=V)+,503,0.00153
SUB,(Q=K!=V)+,504,0.00153
SUB,(Q=K!=V)+,505,0.00152
SUB,(Q=K!=V)+,506,0.00152
SUB,(Q=K!=V)+,507,0.00152
SUB,(Q=K!=V)+,508,0.00152
SUB,(Q=K!=V)+,509,0.00152
SUB,(Q=K!=V)+,510,0.00152
SUB,(Q=K!=V)+,511,0.00151
SUB,(Q=K!=V)+,512,0.00151
SUB,(Q=K!=V)+,513,0.00151
SUB,(Q=K!=V)+,514,0.00151
SUB,(Q=K!=V)+,515,0.00151
SUB,(Q=K!=V)+,516,0.00151
SUB,(Q=K!=V)+,517,0.00150
SUB,(Q=K!=V)+,518,0.00150
SUB,(Q=K!=V)+,519,0.00150
SUB,(Q=K!=V)+,520,0.00150
SUB,(Q=K!=V)+,521,0.00150
SUB,(Q=K!=V)+,522,0.00149
SUB,(Q=K!=V)+,523,0.00149
SUB,(Q=K!=V)+,524,0.00149
SUB,(Q=K!=V)+,525,0.00149
SUB,(Q=K!=V)+,526,0.00149
SUB,(Q=K!=V)+,527,0.00149
SUB,(Q=K!=V)+,528,0.00148
SUB,(Q=K!=V)+,529,0.00148
SUB,(Q=K!=V)+,530,0.00148
SUB,(Q=K!=V)+,531,0.00148
SUB,(Q=K!=V)+,532,0.00148
SUB,(Q=K!=V)+,533,0.00148
SUB,(Q=K!=V)+,534,0.00147
SUB,(Q=K!=V)+,535,0.00147
SUB,(Q=K!=V)+,536,0.00147
SUB,(Q=K!=V)+,537,0.00147
SUB,(Q=K!=V)+,538,0.00147
SUB,(Q=K!=V)+,539,0.00146
SUB,(Q=K!=V)+,540,0.00146
SUB,(Q=K!=V)+,541,0.00146
SUB,(Q=K!=V)+,542,0.00146
SUB,(Q=K!=V)+,543,0.00146
SUB,(Q=K!=V)+,544,0.00146
SUB,(Q=K!=V)+,545,0.00145
SUB,(Q=K!=V)+,546,0.00145
SUB,(Q=K!=V)+,547,0.00145
SUB,(Q=K!=V)+,548,0.00145
SUB,(Q=K!=V)+,549,0.00145
SUB,(Q=K!=V)+,550,0.00145
SUB,(Q=K!=V)+,551,0.00145
SUB,(Q=K!=V)+,552,0.00145
SUB,(Q=K!=V)+,553,0.00144
SUB,(Q=K!=V)+,554,0.00144
SUB,(Q=K!=V)+,555,0.00144
SUB,(Q=K!=V)+,556,0.00144
SUB,(Q=K!=V)+,557,0.00144
SUB,(Q=K!=V)+,558,0.00144
SUB,(Q=K!=V)+,559,0.00144
SUB,(Q=K!=V)+,560,0.00143
SUB,(Q=K!=V)+,561,0.00143
SUB,(Q=K!=V)+,562,0.00143
SUB,(Q=K!=V)+,563,0.00143
SUB,(Q=K!=V)+,564,0.00143
SUB,(Q=K!=V)+,565,0.00143
SUB,(Q=K!=V)+,566,0.00142
SUB,(Q=K!=V)+,567,0.00143
SUB,(Q=K!=V)+,568,0.00142
SUB,(Q=K!=V)+,569,0.00142
SUB,(Q=K!=V)+,570,0.00142
SUB,(Q=K!=V)+,571,0.00142
SUB,(Q=K!=V)+,572,0.00142
SUB,(Q=K!=V)+,573,0.00142
SUB,(Q=K!=V)+,574,0.00142
SUB,(Q=K!=V)+,575,0.00142
SUB,(Q=K!=V)+,576,0.00141
SUB,(Q=K!=V)+,577,0.00141
SUB,(Q=K!=V)+,578,0.00141
SUB,(Q=K!=V)+,579,0.00141
SUB,(Q=K!=V)+,580,0.00141
SUB,(Q=K!=V)+,581,0.00141
SUB,(Q=K!=V)+,582,0.00141
SUB,(Q=K!=V)+,583,0.00141
SUB,(Q=K!=V)+,584,0.00141
SUB,(Q=K!=V)+,585,0.00140
SUB,(Q=K!=V)+,586,0.00140
SUB,(Q=K!=V)+,587,0.00140
SUB,(Q=K!=V)+,588,0.00140
SUB,(Q=K!=V)+,589,0.00140
SUB,(Q=K!=V)+,590,0.00140
SUB,(Q=K!=V)+,591,0.00140
SUB,(Q=K!=V)+,592,0.00140
SUB,(Q=K!=V)+,593,0.00139
SUB,(Q=K!=V)+,594,0.00140
SUB,(Q=K!=V)+,595,0.00139
SUB,(Q=K!=V)+,596,0.00139
SUB,(Q=K!=V)+,597,0.00139
SUB,(Q=K!=V)+,598,0.00139
SUB,(Q=K!=V)+,599,0.00139
SUB,(Q=K!=V)+,600,0.00139
SUB,(Q=K!=V)+,601,0.00139
SUB,(Q=K!=V)+,602,0.00139
SUB,(Q=K!=V)+,603,0.00138
SUB,(Q=K!=V)+,604,0.00139
SUB,(Q=K!=V)+,605,0.00138
SUB,(Q=K!=V)+,606,0.00138
SUB,(Q=K!=V)+,607,0.00138
SUB,(Q=K!=V)+,608,0.00138
SUB,(Q=K!=V)+,609,0.00138
SUB,(Q=K!=V)+,610,0.00138
SUB,(Q=K!=V)+,611,0.00138
SUB,(Q=K!=V)+,612,0.00138
SUB,(Q=K!=V)+,613,0.00138
SUB,(Q=K!=V)+,614,0.00138
SUB,(Q=K!=V)+,615,0.00138
SUB,(Q=K!=V)+,616,0.00138
SUB,(Q=K!=V)+,617,0.00138
SUB,(Q=K!=V)+,618,0.00137
SUB,(Q=K!=V)+,619,0.00137
SUB,(Q=K!=V)+,620,0.00137
SUB,(Q=K!=V)+,621,0.00137
SUB,(Q=K!=V)+,622,0.00137
SUB,(Q=K!=V)+,623,0.00137
SUB,(Q=K!=V)+,624,0.00137
SUB,(Q=K!=V)+,625,0.00137
SUB,(Q=K!=V)+,626,0.00137
SUB,(Q=K!=V)+,627,0.00137
SUB,(Q=K!=V)+,628,0.00137
SUB,(Q=K!=V)+,629,0.00137
SUB,(Q=K!=V)+,630,0.00137
SUB,(Q=K!=V)+,631,0.00136
SUB,(Q=K!=V)+,632,0.00137
SUB,(Q=K!=V)+,633,0.00136
SUB,(Q=K!=V)+,634,0.00136
SUB,(Q=K!=V)+,635,0.00136
SUB,(Q=K!=V)+,636,0.00136
SUB,(Q=K!=V)+,637,0.00136
SUB,(Q=K!=V)+,638,0.00136
SUB,(Q=K!=V)+,639,0.00136
SUB,(Q=K!=V)+,640,0.00136
SUB,(Q=K!=V)+,641,0.00136
SUB,(Q=K!=V)+,642,0.00136
SUB,(Q=K!=V)+,643,0.00136
SUB,(Q=K!=V)+,644,0.00136
SUB,(Q=K!=V)+,645,0.00136
SUB,(Q=K!=V)+,646,0.00136
SUB,(Q=K!=V)+,647,0.00136
SUB,(Q=K!=V)+,648,0.00136
SUB,(Q=K!=V)+,649,0.00135
SUB,(Q=K!=V)+,650,0.00136
SUB,(Q=K!=V)+,651,0.00135
SUB,(Q=K!=V)+,652,0.00135
SUB,(Q=K!=V)+,653,0.00135
SUB,(Q=K!=V)+,654,0.00135
SUB,(Q=K!=V)+,655,0.00135
SUB,(Q=K!=V)+,656,0.00135
SUB,(Q=K!=V)+,657,0.00135
SUB,(Q=K!=V)+,658,0.00135
SUB,(Q=K!=V)+,659,0.00135
SUB,(Q=K!=V)+,660,0.00135
SUB,(Q=K!=V)+,661,0.00135
SUB,(Q=K!=V)+,662,0.00135
SUB,(Q=K!=V)+,663,0.00135
SUB,(Q=K!=V)+,664,0.00135
SUB,(Q=K!=V)+,665,0.00135
SUB,(Q=K!=V)+,666,0.00135
SUB,(Q=K!=V)+,667,0.00134
SUB,(Q=K!=V)+,668,0.00135
SUB,(Q=K!=V)+,669,0.00135
SUB,(Q=K!=V)+,670,0.00135
SUB,(Q=K!=V)+,671,0.00134
SUB,(Q=K!=V)+,672,0.00134
SUB,(Q=K!=V)+,673,0.00135
SUB,(Q=K!=V)+,674,0.00134
SUB,(Q=K!=V)+,675,0.00134
SUB,(Q=K!=V)+,676,0.00134
SUB,(Q=K!=V)+,677,0.00134
SUB,(Q=K!=V)+,678,0.00134
SUB,(Q=K!=V)+,679,0.00134
SUB,(Q=K!=V)+,680,0.00134
SUB,(Q=K!=V)+,681,0.00134
SUB,(Q=K!=V)+,682,0.00134
SUB,(Q=K!=V)+,683,0.00134
SUB,(Q=K!=V)+,684,0.00134
SUB,(Q=K!=V)+,685,0.00134
SUB,(Q=K!=V)+,686,0.00134
SUB,(Q=K!=V)+,687,0.00134
SUB,(Q=K!=V)+,688,0.00134
SUB,(Q=K!=V)+,689,0.00134
SUB,(Q=K!=V)+,690,0.00134
SUB,(Q=K!=V)+,691,0.00134
SUB,(Q=K!=V)+,692,0.00134
SUB,(Q=K!=V)+,693,0.00134
SUB,(Q=K!=V)+,694,0.00134
SUB,(Q=K!=V)+,695,0.00134
SUB,(Q=K!=V)+,696,0.00134
SUB,(Q=K!=V)+,697,0.00134
SUB,(Q=K!=V)+,698,0.00134
SUB,(Q=K!=V)+,699,0.00134
SUB,(Q=K!=V)+,700,0.00134
SUB,(Q=K!=V)+,701,0.00134
SUB,(Q=K!=V)+,702,0.00134
SUB,(Q=K!=V)+,703,0.00134
SUB,(Q=K!=V)+,704,0.00134
SUB,(Q=K!=V)+,705,0.00134
SUB,(Q=K!=V)+,706,0.00133
SUB,(Q=K!=V)+,707,0.00133
SUB,(Q=K!=V)+,708,0.00133
SUB,(Q=K!=V)+,709,0.00133
SUB,(Q=K!=V)+,710,0.00134
SUB,(Q=K!=V)+,711,0.00133
SUB,(Q=K!=V)+,712,0.00133
SUB,(Q=K!=V)+,713,0.00133
SUB,(Q=K!=V)+,714,0.00133
SUB,(Q=K!=V)+,715,0.00133
SUB,(Q=K!=V)+,716,0.00133
SUB,(Q=K!=V)+,717,0.00133
SUB,(Q=K!=V)+,718,0.00133
SUB,(Q=K!=V)+,719,0.00133
SUB,(Q=K!=V)+,720,0.00133
SUB,(Q=K!=V)+,721,0.00133
SUB,(Q=K!=V)+,722,0.00133
SUB,(Q=K!=V)+,723,0.00133
SUB,(Q=K!=V)+,724,0.00133
SUB,(Q=K!=V)+,725,0.00133
SUB,(Q=K!=V)+,726,0.00133
SUB,(Q=K!=V)+,727,0.00133
SUB,(Q=K!=V)+,728,0.00133
SUB,(Q=K!=V)+,729,0.00133
SUB,(Q=K!=V)+,730,0.00133
SUB,(Q=K!=V)+,731,0.00133
SUB,(Q=K!=V)+,732,0.00133
SUB,(Q=K!=V)+,733,0.00133
SUB,(Q=K!=V)+,734,0.00133
SUB,(Q=K!=V)+,735,0.00133
SUB,(Q=K!=V)+,736,0.00133
SUB,(Q=K!=V)+,737,0.00133
SUB,(Q=K!=V)+,738,0.00133
SUB,(Q=K!=V)+,739,0.00133
SUB,(Q=K!=V)+,740,0.00133
SUB,(Q=K!=V)+,741,0.00133
SUB,(Q=K!=V)+,742,0.00133
SUB,(Q=K!=V)+,743,0.00133
SUB,(Q=K!=V)+,744,0.00133
SUB,(Q=K!=V)+,745,0.00133
SUB,(Q=K!=V)+,746,0.00133
SUB,(Q=K!=V)+,747,0.00133
SUB,(Q=K!=V)+,748,0.00133
SUB,(Q=K!=V)+,749,0.00133
SUB,(Q=K!=V)+,750,0.00133
SUB,(Q=K!=V)+,751,0.00133
SUB,(Q=K!=V)+,752,0.00133
SUB,(Q=K!=V)+,753,0.00133
SUB,(Q=K!=V)+,754,0.00133
SUB,(Q=K!=V)+,755,0.00133
SUB,(Q=K!=V)+,756,0.00133
SUB,(Q=K!=V)+,757,0.00133
SUB,(Q=K!=V)+,758,0.00133
SUB,(Q=K!=V)+,759,0.00133
SUB,(Q=K!=V)+,760,0.00133
SUB,(Q=K!=V)+,761,0.00133
SUB,(Q=K!=V)+,762,0.00133
SUB,(Q=K!=V)+,763,0.00133
SUB,(Q=K!=V)+,764,0.00133
SUB,(Q=K!=V)+,765,0.00133
SUB,(Q=K!=V)+,766,0.00133
SUB,(Q=K!=V)+,767,0.00133
SUB,(Q=K!=V)+,768,0.00133
SUB,(Q=K!=V)+,769,0.00133
SUB,(Q=K!=V)+,770,0.00133
SUB,(Q=K!=V)+,771,0.00133
SUB,(Q=K!=V)+,772,0.00133
SUB,(Q=K!=V)+,773,0.00133
SUB,(Q=K!=V)+,774,0.00133
SUB,(Q=K!=V)+,775,0.00133
SUB,(Q=K!=V)+,776,0.00133
SUB,(Q=K!=V)+,777,0.00133
SUB,(Q=K!=V)+,778,0.00133
SUB,(Q=K!=V)+,779,0.00133
SUB,(Q=K!=V)+,780,0.00133
SUB,(Q=K!=V)+,781,0.00133
SUB,(Q=K!=V)+,782,0.00133
SUB,(Q=K!=V)+,783,0.00133
SUB,(Q=K!=V)+,784,0.00133
SUB,(Q=K!=V)+,785,0.00133
SUB,(Q=K!=V)+,786,0.00133
SUB,(Q=K!=V)+,787,0.00133
SUB,(Q=K!=V)+,788,0.00133
SUB,(Q=K!=V)+,789,0.00133
SUB,Q!=K=V,0,2.46802
SUB,Q!=K=V,1,2.46437
SUB,Q!=K=V,2,2.46838
SUB,Q!=K=V,3,2.45398
SUB,Q!=K=V,4,2.44567
SUB,Q!=K=V,5,2.43537
SUB,Q!=K=V,6,2.42959
SUB,Q!=K=V,7,2.41825
SUB,Q!=K=V,8,2.40089
SUB,Q!=K=V,9,2.38572
SUB,Q!=K=V,10,2.36718
SUB,Q!=K=V,11,2.35564
SUB,Q!=K=V,12,2.33272
SUB,Q!=K=V,13,2.31370
SUB,Q!=K=V,14,2.30021
SUB,Q!=K=V,15,2.26979
SUB,Q!=K=V,16,2.25606
SUB,Q!=K=V,17,2.23477
SUB,Q!=K=V,18,2.21003
SUB,Q!=K=V,19,2.17863
SUB,Q!=K=V,20,2.15073
SUB,Q!=K=V,21,2.12333
SUB,Q!=K=V,22,2.09679
SUB,Q!=K=V,23,2.06184
SUB,Q!=K=V,24,2.03600
SUB,Q!=K=V,25,1.99810
SUB,Q!=K=V,26,1.96823
SUB,Q!=K=V,27,1.92544
SUB,Q!=K=V,28,1.88201
SUB,Q!=K=V,29,1.84073
SUB,Q!=K=V,30,1.79803
SUB,Q!=K=V,31,1.74492
SUB,Q!=K=V,32,1.68931
SUB,Q!=K=V,33,1.63900
SUB,Q!=K=V,34,1.57972
SUB,Q!=K=V,35,1.51790
SUB,Q!=K=V,36,1.45296
SUB,Q!=K=V,37,1.37801
SUB,Q!=K=V,38,1.29959
SUB,Q!=K=V,39,1.22926
SUB,Q!=K=V,40,1.14734
SUB,Q!=K=V,41,1.07329
SUB,Q!=K=V,42,0.99192
SUB,Q!=K=V,43,0.91706
SUB,Q!=K=V,44,0.84455
SUB,Q!=K=V,45,0.77989
SUB,Q!=K=V,46,0.71106
SUB,Q!=K=V,47,0.65363
SUB,Q!=K=V,48,0.59060
SUB,Q!=K=V,49,0.53615
SUB,Q!=K=V,50,0.48220
SUB,Q!=K=V,51,0.43331
SUB,Q!=K=V,52,0.38607
SUB,Q!=K=V,53,0.34955
SUB,Q!=K=V,54,0.31067
SUB,Q!=K=V,55,0.27315
SUB,Q!=K=V,56,0.24331
SUB,Q!=K=V,57,0.21379
SUB,Q!=K=V,58,0.18937
SUB,Q!=K=V,59,0.16728
SUB,Q!=K=V,60,0.14733
SUB,Q!=K=V,61,0.13023
SUB,Q!=K=V,62,0.11599
SUB,Q!=K=V,63,0.10370
SUB,Q!=K=V,64,0.09200
SUB,Q!=K=V,65,0.08218
SUB,Q!=K=V,66,0.07435
SUB,Q!=K=V,67,0.06769
SUB,Q!=K=V,68,0.06208
SUB,Q!=K=V,69,0.05688
SUB,Q!=K=V,70,0.05265
SUB,Q!=K=V,71,0.04904
SUB,Q!=K=V,72,0.04537
SUB,Q!=K=V,73,0.04216
SUB,Q!=K=V,74,0.03949
SUB,Q!=K=V,75,0.03700
SUB,Q!=K=V,76,0.03476
SUB,Q!=K=V,77,0.03266
SUB,Q!=K=V,78,0.03113
SUB,Q!=K=V,79,0.02938
SUB,Q!=K=V,80,0.02809
SUB,Q!=K=V,81,0.02676
SUB,Q!=K=V,82,0.02561
SUB,Q!=K=V,83,0.02442
SUB,Q!=K=V,84,0.02347
SUB,Q!=K=V,85,0.02258
SUB,Q!=K=V,86,0.02167
SUB,Q!=K=V,87,0.02103
SUB,Q!=K=V,88,0.02022
SUB,Q!=K=V,89,0.01958
SUB,Q!=K=V,90,0.01897
SUB,Q!=K=V,91,0.01839
SUB,Q!=K=V,92,0.01787
SUB,Q!=K=V,93,0.01732
SUB,Q!=K=V,94,0.01690
SUB,Q!=K=V,95,0.01646
SUB,Q!=K=V,96,0.01605
SUB,Q!=K=V,97,0.01560
SUB,Q!=K=V,98,0.01532
SUB,Q!=K=V,99,0.01493
SUB,Q!=K=V,100,0.01459
SUB,Q!=K=V,101,0.01429
SUB,Q!=K=V,102,0.01399
SUB,Q!=K=V,103,0.01366
SUB,Q!=K=V,104,0.01339
SUB,Q!=K=V,105,0.01313
SUB,Q!=K=V,106,0.01288
SUB,Q!=K=V,107,0.01264
SUB,Q!=K=V,108,0.01244
SUB,Q!=K=V,109,0.01220
SUB,Q!=K=V,110,0.01206
SUB,Q!=K=V,111,0.01182
SUB,Q!=K=V,112,0.01160
SUB,Q!=K=V,113,0.01141
SUB,Q!=K=V,114,0.01125
SUB,Q!=K=V,115,0.01107
SUB,Q!=K=V,116,0.01095
SUB,Q!=K=V,117,0.01074
SUB,Q!=K=V,118,0.01057
SUB,Q!=K=V,119,0.01046
SUB,Q!=K=V,120,0.01030
SUB,Q!=K=V,121,0.01015
SUB,Q!=K=V,122,0.01003
SUB,Q!=K=V,123,0.00987
SUB,Q!=K=V,124,0.00975
SUB,Q!=K=V,125,0.00965
SUB,Q!=K=V,126,0.00950
SUB,Q!=K=V,127,0.00938
SUB,Q!=K=V,128,0.00925
SUB,Q!=K=V,129,0.00915
SUB,Q!=K=V,130,0.00908
SUB,Q!=K=V,131,0.00895
SUB,Q!=K=V,132,0.00883
SUB,Q!=K=V,133,0.00871
SUB,Q!=K=V,134,0.00863
SUB,Q!=K=V,135,0.00852
SUB,Q!=K=V,136,0.00842
SUB,Q!=K=V,137,0.00832
SUB,Q!=K=V,138,0.00823
SUB,Q!=K=V,139,0.00814
SUB,Q!=K=V,140,0.00805
SUB,Q!=K=V,141,0.00797
SUB,Q!=K=V,142,0.00788
SUB,Q!=K=V,143,0.00780
SUB,Q!=K=V,144,0.00772
SUB,Q!=K=V,145,0.00764
SUB,Q!=K=V,146,0.00758
SUB,Q!=K=V,147,0.00748
SUB,Q!=K=V,148,0.00743
SUB,Q!=K=V,149,0.00733
SUB,Q!=K=V,150,0.00726
SUB,Q!=K=V,151,0.00720
SUB,Q!=K=V,152,0.00712
SUB,Q!=K=V,153,0.00706
SUB,Q!=K=V,154,0.00698
SUB,Q!=K=V,155,0.00692
SUB,Q!=K=V,156,0.00684
SUB,Q!=K=V,157,0.00674
SUB,Q!=K=V,158,0.00673
SUB,Q!=K=V,159,0.00667
SUB,Q!=K=V,160,0.00662
SUB,Q!=K=V,161,0.00655
SUB,Q!=K=V,162,0.00649
SUB,Q!=K=V,163,0.00644
SUB,Q!=K=V,164,0.00638
SUB,Q!=K=V,165,0.00633
SUB,Q!=K=V,166,0.00625
SUB,Q!=K=V,167,0.00621
SUB,Q!=K=V,168,0.00616
SUB,Q!=K=V,169,0.00608
SUB,Q!=K=V,170,0.00605
SUB,Q!=K=V,171,0.00599
SUB,Q!=K=V,172,0.00595
SUB,Q!=K=V,173,0.00588
SUB,Q!=K=V,174,0.00585
SUB,Q!=K=V,175,0.00579
SUB,Q!=K=V,176,0.00574
SUB,Q!=K=V,177,0.00570
SUB,Q!=K=V,178,0.00567
SUB,Q!=K=V,179,0.00562
SUB,Q!=K=V,180,0.00555
SUB,Q!=K=V,181,0.00552
SUB,Q!=K=V,182,0.00549
SUB,Q!=K=V,183,0.00544
SUB,Q!=K=V,184,0.00539
SUB,Q!=K=V,185,0.00535
SUB,Q!=K=V,186,0.00531
SUB,Q!=K=V,187,0.00527
SUB,Q!=K=V,188,0.00523
SUB,Q!=K=V,189,0.00519
SUB,Q!=K=V,190,0.00514
SUB,Q!=K=V,191,0.00511
SUB,Q!=K=V,192,0.00508
SUB,Q!=K=V,193,0.00504
SUB,Q!=K=V,194,0.00501
SUB,Q!=K=V,195,0.00497
SUB,Q!=K=V,196,0.00494
SUB,Q!=K=V,197,0.00490
SUB,Q!=K=V,198,0.00486
SUB,Q!=K=V,199,0.00482
SUB,Q!=K=V,200,0.00479
SUB,Q!=K=V,201,0.00475
SUB,Q!=K=V,202,0.00473
SUB,Q!=K=V,203,0.00469
SUB,Q!=K=V,204,0.00467
SUB,Q!=K=V,205,0.00463
SUB,Q!=K=V,206,0.00460
SUB,Q!=K=V,207,0.00456
SUB,Q!=K=V,208,0.00453
SUB,Q!=K=V,209,0.00451
SUB,Q!=K=V,210,0.00448
SUB,Q!=K=V,211,0.00444
SUB,Q!=K=V,212,0.00441
SUB,Q!=K=V,213,0.00438
SUB,Q!=K=V,214,0.00436
SUB,Q!=K=V,215,0.00433
SUB,Q!=K=V,216,0.00431
SUB,Q!=K=V,217,0.00428
SUB,Q!=K=V,218,0.00426
SUB,Q!=K=V,219,0.00422
SUB,Q!=K=V,220,0.00420
SUB,Q!=K=V,221,0.00417
SUB,Q!=K=V,222,0.00415
SUB,Q!=K=V,223,0.00412
SUB,Q!=K=V,224,0.00409
SUB,Q!=K=V,225,0.00407
SUB,Q!=K=V,226,0.00405
SUB,Q!=K=V,227,0.00403
SUB,Q!=K=V,228,0.00399
SUB,Q!=K=V,229,0.00398
SUB,Q!=K=V,230,0.00394
SUB,Q!=K=V,231,0.00393
SUB,Q!=K=V,232,0.00392
SUB,Q!=K=V,233,0.00388
SUB,Q!=K=V,234,0.00385
SUB,Q!=K=V,235,0.00384
SUB,Q!=K=V,236,0.00380
SUB,Q!=K=V,237,0.00379
SUB,Q!=K=V,238,0.00376
SUB,Q!=K=V,239,0.00374
SUB,Q!=K=V,240,0.00372
SUB,Q!=K=V,241,0.00370
SUB,Q!=K=V,242,0.00368
SUB,Q!=K=V,243,0.00366
SUB,Q!=K=V,244,0.00364
SUB,Q!=K=V,245,0.00363
SUB,Q!=K=V,246,0.00360
SUB,Q!=K=V,247,0.00359
SUB,Q!=K=V,248,0.00356
SUB,Q!=K=V,249,0.00354
SUB,Q!=K=V,250,0.00353
SUB,Q!=K=V,251,0.00351
SUB,Q!=K=V,252,0.00349
SUB,Q!=K=V,253,0.00348
SUB,Q!=K=V,254,0.00345
SUB,Q!=K=V,255,0.00343
SUB,Q!=K=V,256,0.00342
SUB,Q!=K=V,257,0.00340
SUB,Q!=K=V,258,0.00338
SUB,Q!=K=V,259,0.00336
SUB,Q!=K=V,260,0.00334
SUB,Q!=K=V,261,0.00333
SUB,Q!=K=V,262,0.00331
SUB,Q!=K=V,263,0.00330
SUB,Q!=K=V,264,0.00328
SUB,Q!=K=V,265,0.00326
SUB,Q!=K=V,266,0.00326
SUB,Q!=K=V,267,0.00324
SUB,Q!=K=V,268,0.00322
SUB,Q!=K=V,269,0.00320
SUB,Q!=K=V,270,0.00318
SUB,Q!=K=V,271,0.00317
SUB,Q!=K=V,272,0.00316
SUB,Q!=K=V,273,0.00313
SUB,Q!=K=V,274,0.00313
SUB,Q!=K=V,275,0.00312
SUB,Q!=K=V,276,0.00309
SUB,Q!=K=V,277,0.00308
SUB,Q!=K=V,278,0.00306
SUB,Q!=K=V,279,0.00305
SUB,Q!=K=V,280,0.00303
SUB,Q!=K=V,281,0.00303
SUB,Q!=K=V,282,0.00301
SUB,Q!=K=V,283,0.00300
SUB,Q!=K=V,284,0.00298
SUB,Q!=K=V,285,0.00297
SUB,Q!=K=V,286,0.00295
SUB,Q!=K=V,287,0.00294
SUB,Q!=K=V,288,0.00293
SUB,Q!=K=V,289,0.00292
SUB,Q!=K=V,290,0.00291
SUB,Q!=K=V,291,0.00289
SUB,Q!=K=V,292,0.00288
SUB,Q!=K=V,293,0.00287
SUB,Q!=K=V,294,0.00285
SUB,Q!=K=V,295,0.00284
SUB,Q!=K=V,296,0.00283
SUB,Q!=K=V,297,0.00282
SUB,Q!=K=V,298,0.00281
SUB,Q!=K=V,299,0.00279
SUB,Q!=K=V,300,0.00278
SUB,Q!=K=V,301,0.00277
SUB,Q!=K=V,302,0.00276
SUB,Q!=K=V,303,0.00275
SUB,Q!=K=V,304,0.00274
SUB,Q!=K=V,305,0.00273
SUB,Q!=K=V,306,0.00272
SUB,Q!=K=V,307,0.00271
SUB,Q!=K=V,308,0.00270
SUB,Q!=K=V,309,0.00268
SUB,Q!=K=V,310,0.00267
SUB,Q!=K=V,311,0.00267
SUB,Q!=K=V,312,0.00265
SUB,Q!=K=V,313,0.00264
SUB,Q!=K=V,314,0.00263
SUB,Q!=K=V,315,0.00261
SUB,Q!=K=V,316,0.00261
SUB,Q!=K=V,317,0.00260
SUB,Q!=K=V,318,0.00259
SUB,Q!=K=V,319,0.00258
SUB,Q!=K=V,320,0.00257
SUB,Q!=K=V,321,0.00256
SUB,Q!=K=V,322,0.00255
SUB,Q!=K=V,323,0.00254
SUB,Q!=K=V,324,0.00254
SUB,Q!=K=V,325,0.00252
SUB,Q!=K=V,326,0.00251
SUB,Q!=K=V,327,0.00250
SUB,Q!=K=V,328,0.00249
SUB,Q!=K=V,329,0.00249
SUB,Q!=K=V,330,0.00247
SUB,Q!=K=V,331,0.00247
SUB,Q!=K=V,332,0.00246
SUB,Q!=K=V,333,0.00245
SUB,Q!=K=V,334,0.00244
SUB,Q!=K=V,335,0.00243
SUB,Q!=K=V,336,0.00242
SUB,Q!=K=V,337,0.00242
SUB,Q!=K=V,338,0.00241
SUB,Q!=K=V,339,0.00240
SUB,Q!=K=V,340,0.00239
SUB,Q!=K=V,341,0.00238
SUB,Q!=K=V,342,0.00237
SUB,Q!=K=V,343,0.00236
SUB,Q!=K=V,344,0.00236
SUB,Q!=K=V,345,0.00235
SUB,Q!=K=V,346,0.00234
SUB,Q!=K=V,347,0.00234
SUB,Q!=K=V,348,0.00233
SUB,Q!=K=V,349,0.00232
SUB,Q!=K=V,350,0.00231
SUB,Q!=K=V,351,0.00231
SUB,Q!=K=V,352,0.00230
SUB,Q!=K=V,353,0.00230
SUB,Q!=K=V,354,0.00228
SUB,Q!=K=V,355,0.00228
SUB,Q!=K=V,356,0.00227
SUB,Q!=K=V,357,0.00226
SUB,Q!=K=V,358,0.00225
SUB,Q!=K=V,359,0.00225
SUB,Q!=K=V,360,0.00224
SUB,Q!=K=V,361,0.00223
SUB,Q!=K=V,362,0.00223
SUB,Q!=K=V,363,0.00221
SUB,Q!=K=V,364,0.00221
SUB,Q!=K=V,365,0.00220
SUB,Q!=K=V,366,0.00220
SUB,Q!=K=V,367,0.00219
SUB,Q!=K=V,368,0.00219
SUB,Q!=K=V,369,0.00218
SUB,Q!=K=V,370,0.00217
SUB,Q!=K=V,371,0.00216
SUB,Q!=K=V,372,0.00216
SUB,Q!=K=V,373,0.00215
SUB,Q!=K=V,374,0.00215
SUB,Q!=K=V,375,0.00214
SUB,Q!=K=V,376,0.00214
SUB,Q!=K=V,377,0.00213
SUB,Q!=K=V,378,0.00212
SUB,Q!=K=V,379,0.00211
SUB,Q!=K=V,380,0.00211
SUB,Q!=K=V,381,0.00210
SUB,Q!=K=V,382,0.00210
SUB,Q!=K=V,383,0.00209
SUB,Q!=K=V,384,0.00209
SUB,Q!=K=V,385,0.00208
SUB,Q!=K=V,386,0.00208
SUB,Q!=K=V,387,0.00207
SUB,Q!=K=V,388,0.00206
SUB,Q!=K=V,389,0.00206
SUB,Q!=K=V,390,0.00205
SUB,Q!=K=V,391,0.00205
SUB,Q!=K=V,392,0.00204
SUB,Q!=K=V,393,0.00204
SUB,Q!=K=V,394,0.00203
SUB,Q!=K=V,395,0.00202
SUB,Q!=K=V,396,0.00202
SUB,Q!=K=V,397,0.00201
SUB,Q!=K=V,398,0.00201
SUB,Q!=K=V,399,0.00200
SUB,Q!=K=V,400,0.00200
SUB,Q!=K=V,401,0.00199
SUB,Q!=K=V,402,0.00199
SUB,Q!=K=V,403,0.00199
SUB,Q!=K=V,404,0.00198
SUB,Q!=K=V,405,0.00197
SUB,Q!=K=V,406,0.00197
SUB,Q!=K=V,407,0.00196
SUB,Q!=K=V,408,0.00196
SUB,Q!=K=V,409,0.00195
SUB,Q!=K=V,410,0.00195
SUB,Q!=K=V,411,0.00194
SUB,Q!=K=V,412,0.00194
SUB,Q!=K=V,413,0.00194
SUB,Q!=K=V,414,0.00193
SUB,Q!=K=V,415,0.00192
SUB,Q!=K=V,416,0.00192
SUB,Q!=K=V,417,0.00192
SUB,Q!=K=V,418,0.00191
SUB,Q!=K=V,419,0.00191
SUB,Q!=K=V,420,0.00191
SUB,Q!=K=V,421,0.00190
SUB,Q!=K=V,422,0.00190
SUB,Q!=K=V,423,0.00189
SUB,Q!=K=V,424,0.00188
SUB,Q!=K=V,425,0.00188
SUB,Q!=K=V,426,0.00188
SUB,Q!=K=V,427,0.00187
SUB,Q!=K=V,428,0.00187
SUB,Q!=K=V,429,0.00187
SUB,Q!=K=V,430,0.00186
SUB,Q!=K=V,431,0.00185
SUB,Q!=K=V,432,0.00185
SUB,Q!=K=V,433,0.00185
SUB,Q!=K=V,434,0.00184
SUB,Q!=K=V,435,0.00184
SUB,Q!=K=V,436,0.00184
SUB,Q!=K=V,437,0.00183
SUB,Q!=K=V,438,0.00183
SUB,Q!=K=V,439,0.00183
SUB,Q!=K=V,440,0.00182
SUB,Q!=K=V,441,0.00182
SUB,Q!=K=V,442,0.00181
SUB,Q!=K=V,443,0.00181
SUB,Q!=K=V,444,0.00181
SUB,Q!=K=V,445,0.00180
SUB,Q!=K=V,446,0.00180
SUB,Q!=K=V,447,0.00180
SUB,Q!=K=V,448,0.00179
SUB,Q!=K=V,449,0.00179
SUB,Q!=K=V,450,0.00179
SUB,Q!=K=V,451,0.00179
SUB,Q!=K=V,452,0.00178
SUB,Q!=K=V,453,0.00177
SUB,Q!=K=V,454,0.00177
SUB,Q!=K=V,455,0.00177
SUB,Q!=K=V,456,0.00176
SUB,Q!=K=V,457,0.00176
SUB,Q!=K=V,458,0.00176
SUB,Q!=K=V,459,0.00175
SUB,Q!=K=V,460,0.00175
SUB,Q!=K=V,461,0.00175
SUB,Q!=K=V,462,0.00174
SUB,Q!=K=V,463,0.00174
SUB,Q!=K=V,464,0.00174
SUB,Q!=K=V,465,0.00173
SUB,Q!=K=V,466,0.00173
SUB,Q!=K=V,467,0.00173
SUB,Q!=K=V,468,0.00173
SUB,Q!=K=V,469,0.00172
SUB,Q!=K=V,470,0.00172
SUB,Q!=K=V,471,0.00171
SUB,Q!=K=V,472,0.00171
SUB,Q!=K=V,473,0.00171
SUB,Q!=K=V,474,0.00171
SUB,Q!=K=V,475,0.00170
SUB,Q!=K=V,476,0.00170
SUB,Q!=K=V,477,0.00170
SUB,Q!=K=V,478,0.00170
SUB,Q!=K=V,479,0.00169
SUB,Q!=K=V,480,0.00169
SUB,Q!=K=V,481,0.00169
SUB,Q!=K=V,482,0.00168
SUB,Q!=K=V,483,0.00168
SUB,Q!=K=V,484,0.00168
SUB,Q!=K=V,485,0.00167
SUB,Q!=K=V,486,0.00167
SUB,Q!=K=V,487,0.00167
SUB,Q!=K=V,488,0.00167
SUB,Q!=K=V,489,0.00167
SUB,Q!=K=V,490,0.00166
SUB,Q!=K=V,491,0.00166
SUB,Q!=K=V,492,0.00166
SUB,Q!=K=V,493,0.00165
SUB,Q!=K=V,494,0.00165
SUB,Q!=K=V,495,0.00165
SUB,Q!=K=V,496,0.00165
SUB,Q!=K=V,497,0.00164
SUB,Q!=K=V,498,0.00164
SUB,Q!=K=V,499,0.00164
SUB,Q!=K=V,500,0.00164
SUB,Q!=K=V,501,0.00164
SUB,Q!=K=V,502,0.00163
SUB,Q!=K=V,503,0.00163
SUB,Q!=K=V,504,0.00163
SUB,Q!=K=V,505,0.00162
SUB,Q!=K=V,506,0.00162
SUB,Q!=K=V,507,0.00162
SUB,Q!=K=V,508,0.00162
SUB,Q!=K=V,509,0.00161
SUB,Q!=K=V,510,0.00161
SUB,Q!=K=V,511,0.00161
SUB,Q!=K=V,512,0.00161
SUB,Q!=K=V,513,0.00161
SUB,Q!=K=V,514,0.00161
SUB,Q!=K=V,515,0.00161
SUB,Q!=K=V,516,0.00160
SUB,Q!=K=V,517,0.00160
SUB,Q!=K=V,518,0.00160
SUB,Q!=K=V,519,0.00160
SUB,Q!=K=V,520,0.00159
SUB,Q!=K=V,521,0.00159
SUB,Q!=K=V,522,0.00159
SUB,Q!=K=V,523,0.00159
SUB,Q!=K=V,524,0.00158
SUB,Q!=K=V,525,0.00158
SUB,Q!=K=V,526,0.00158
SUB,Q!=K=V,527,0.00158
SUB,Q!=K=V,528,0.00158
SUB,Q!=K=V,529,0.00157
SUB,Q!=K=V,530,0.00157
SUB,Q!=K=V,531,0.00157
SUB,Q!=K=V,532,0.00157
SUB,Q!=K=V,533,0.00157
SUB,Q!=K=V,534,0.00156
SUB,Q!=K=V,535,0.00156
SUB,Q!=K=V,536,0.00156
SUB,Q!=K=V,537,0.00156
SUB,Q!=K=V,538,0.00155
SUB,Q!=K=V,539,0.00156
SUB,Q!=K=V,540,0.00155
SUB,Q!=K=V,541,0.00155
SUB,Q!=K=V,542,0.00155
SUB,Q!=K=V,543,0.00155
SUB,Q!=K=V,544,0.00155
SUB,Q!=K=V,545,0.00155
SUB,Q!=K=V,546,0.00154
SUB,Q!=K=V,547,0.00154
SUB,Q!=K=V,548,0.00154
SUB,Q!=K=V,549,0.00154
SUB,Q!=K=V,550,0.00153
SUB,Q!=K=V,551,0.00154
SUB,Q!=K=V,552,0.00154
SUB,Q!=K=V,553,0.00153
SUB,Q!=K=V,554,0.00153
SUB,Q!=K=V,555,0.00153
SUB,Q!=K=V,556,0.00153
SUB,Q!=K=V,557,0.00153
SUB,Q!=K=V,558,0.00152
SUB,Q!=K=V,559,0.00152
SUB,Q!=K=V,560,0.00152
SUB,Q!=K=V,561,0.00152
SUB,Q!=K=V,562,0.00152
SUB,Q!=K=V,563,0.00152
SUB,Q!=K=V,564,0.00152
SUB,Q!=K=V,565,0.00152
SUB,Q!=K=V,566,0.00151
SUB,Q!=K=V,567,0.00151
SUB,Q!=K=V,568,0.00151
SUB,Q!=K=V,569,0.00151
SUB,Q!=K=V,570,0.00151
SUB,Q!=K=V,571,0.00151
SUB,Q!=K=V,572,0.00150
SUB,Q!=K=V,573,0.00150
SUB,Q!=K=V,574,0.00150
SUB,Q!=K=V,575,0.00150
SUB,Q!=K=V,576,0.00150
SUB,Q!=K=V,577,0.00150
SUB,Q!=K=V,578,0.00150
SUB,Q!=K=V,579,0.00149
SUB,Q!=K=V,580,0.00149
SUB,Q!=K=V,581,0.00149
SUB,Q!=K=V,582,0.00149
SUB,Q!=K=V,583,0.00149
SUB,Q!=K=V,584,0.00149
SUB,Q!=K=V,585,0.00149
SUB,Q!=K=V,586,0.00149
SUB,Q!=K=V,587,0.00149
SUB,Q!=K=V,588,0.00148
SUB,Q!=K=V,589,0.00148
SUB,Q!=K=V,590,0.00148
SUB,Q!=K=V,591,0.00148
SUB,Q!=K=V,592,0.00148
SUB,Q!=K=V,593,0.00148
SUB,Q!=K=V,594,0.00148
SUB,Q!=K=V,595,0.00148
SUB,Q!=K=V,596,0.00148
SUB,Q!=K=V,597,0.00147
SUB,Q!=K=V,598,0.00147
SUB,Q!=K=V,599,0.00147
SUB,Q!=K=V,600,0.00147
SUB,Q!=K=V,601,0.00147
SUB,Q!=K=V,602,0.00147
SUB,Q!=K=V,603,0.00147
SUB,Q!=K=V,604,0.00147
SUB,Q!=K=V,605,0.00147
SUB,Q!=K=V,606,0.00147
SUB,Q!=K=V,607,0.00147
SUB,Q!=K=V,608,0.00146
SUB,Q!=K=V,609,0.00146
SUB,Q!=K=V,610,0.00146
SUB,Q!=K=V,611,0.00146
SUB,Q!=K=V,612,0.00146
SUB,Q!=K=V,613,0.00146
SUB,Q!=K=V,614,0.00146
SUB,Q!=K=V,615,0.00146
SUB,Q!=K=V,616,0.00146
SUB,Q!=K=V,617,0.00145
SUB,Q!=K=V,618,0.00146
SUB,Q!=K=V,619,0.00145
SUB,Q!=K=V,620,0.00145
SUB,Q!=K=V,621,0.00145
SUB,Q!=K=V,622,0.00145
SUB,Q!=K=V,623,0.00145
SUB,Q!=K=V,624,0.00145
SUB,Q!=K=V,625,0.00145
SUB,Q!=K=V,626,0.00145
SUB,Q!=K=V,627,0.00145
SUB,Q!=K=V,628,0.00145
SUB,Q!=K=V,629,0.00145
SUB,Q!=K=V,630,0.00145
SUB,Q!=K=V,631,0.00145
SUB,Q!=K=V,632,0.00144
SUB,Q!=K=V,633,0.00144
SUB,Q!=K=V,634,0.00144
SUB,Q!=K=V,635,0.00144
SUB,Q!=K=V,636,0.00144
SUB,Q!=K=V,637,0.00144
SUB,Q!=K=V,638,0.00144
SUB,Q!=K=V,639,0.00144
SUB,Q!=K=V,640,0.00144
SUB,Q!=K=V,641,0.00144
SUB,Q!=K=V,642,0.00144
SUB,Q!=K=V,643,0.00144
SUB,Q!=K=V,644,0.00144
SUB,Q!=K=V,645,0.00143
SUB,Q!=K=V,646,0.00144
SUB,Q!=K=V,647,0.00144
SUB,Q!=K=V,648,0.00144
SUB,Q!=K=V,649,0.00143
SUB,Q!=K=V,650,0.00143
SUB,Q!=K=V,651,0.00143
SUB,Q!=K=V,652,0.00143
SUB,Q!=K=V,653,0.00143
SUB,Q!=K=V,654,0.00143
SUB,Q!=K=V,655,0.00143
SUB,Q!=K=V,656,0.00143
SUB,Q!=K=V,657,0.00143
SUB,Q!=K=V,658,0.00143
SUB,Q!=K=V,659,0.00143
SUB,Q!=K=V,660,0.00143
SUB,Q!=K=V,661,0.00143
SUB,Q!=K=V,662,0.00143
SUB,Q!=K=V,663,0.00143
SUB,Q!=K=V,664,0.00143
SUB,Q!=K=V,665,0.00142
SUB,Q!=K=V,666,0.00143
SUB,Q!=K=V,667,0.00142
SUB,Q!=K=V,668,0.00143
SUB,Q!=K=V,669,0.00142
SUB,Q!=K=V,670,0.00142
SUB,Q!=K=V,671,0.00142
SUB,Q!=K=V,672,0.00142
SUB,Q!=K=V,673,0.00142
SUB,Q!=K=V,674,0.00142
SUB,Q!=K=V,675,0.00142
SUB,Q!=K=V,676,0.00142
SUB,Q!=K=V,677,0.00142
SUB,Q!=K=V,678,0.00142
SUB,Q!=K=V,679,0.00142
SUB,Q!=K=V,680,0.00142
SUB,Q!=K=V,681,0.00142
SUB,Q!=K=V,682,0.00142
SUB,Q!=K=V,683,0.00142
SUB,Q!=K=V,684,0.00142
SUB,Q!=K=V,685,0.00142
SUB,Q!=K=V,686,0.00142
SUB,Q!=K=V,687,0.00142
SUB,Q!=K=V,688,0.00141
SUB,Q!=K=V,689,0.00142
SUB,Q!=K=V,690,0.00142
SUB,Q!=K=V,691,0.00141
SUB,Q!=K=V,692,0.00142
SUB,Q!=K=V,693,0.00142
SUB,Q!=K=V,694,0.00141
SUB,Q!=K=V,695,0.00142
SUB,Q!=K=V,696,0.00141
SUB,Q!=K=V,697,0.00141
SUB,Q!=K=V,698,0.00141
SUB,Q!=K=V,699,0.00141
SUB,Q!=K=V,700,0.00141
SUB,Q!=K=V,701,0.00141
SUB,Q!=K=V,702,0.00141
SUB,Q!=K=V,703,0.00141
SUB,Q!=K=V,704,0.00141
SUB,Q!=K=V,705,0.00141
SUB,Q!=K=V,706,0.00141
SUB,Q!=K=V,707,0.00141
SUB,Q!=K=V,708,0.00141
SUB,Q!=K=V,709,0.00141
SUB,Q!=K=V,710,0.00142
SUB,Q!=K=V,711,0.00141
SUB,Q!=K=V,712,0.00141
SUB,Q!=K=V,713,0.00141
SUB,Q!=K=V,714,0.00141
SUB,Q!=K=V,715,0.00141
SUB,Q!=K=V,716,0.00141
SUB,Q!=K=V,717,0.00141
SUB,Q!=K=V,718,0.00141
SUB,Q!=K=V,719,0.00141
SUB,Q!=K=V,720,0.00141
SUB,Q!=K=V,721,0.00141
SUB,Q!=K=V,722,0.00141
SUB,Q!=K=V,723,0.00141
SUB,Q!=K=V,724,0.00141
SUB,Q!=K=V,725,0.00141
SUB,Q!=K=V,726,0.00141
SUB,Q!=K=V,727,0.00141
SUB,Q!=K=V,728,0.00141
SUB,Q!=K=V,729,0.00141
SUB,Q!=K=V,730,0.00141
SUB,Q!=K=V,731,0.00141
SUB,Q!=K=V,732,0.00141
SUB,Q!=K=V,733,0.00141
SUB,Q!=K=V,734,0.00141
SUB,Q!=K=V,735,0.00141
SUB,Q!=K=V,736,0.00141
SUB,Q!=K=V,737,0.00141
SUB,Q!=K=V,738,0.00140
SUB,Q!=K=V,739,0.00141
SUB,Q!=K=V,740,0.00141
SUB,Q!=K=V,741,0.00141
SUB,Q!=K=V,742,0.00141
SUB,Q!=K=V,743,0.00141
SUB,Q!=K=V,744,0.00141
SUB,Q!=K=V,745,0.00141
SUB,Q!=K=V,746,0.00141
SUB,Q!=K=V,747,0.00141
SUB,Q!=K=V,748,0.00141
SUB,Q!=K=V,749,0.00141
SUB,Q!=K=V,750,0.00140
SUB,Q!=K=V,751,0.00141
SUB,Q!=K=V,752,0.00141
SUB,Q!=K=V,753,0.00141
SUB,Q!=K=V,754,0.00141
SUB,Q!=K=V,755,0.00141
SUB,Q!=K=V,756,0.00141
SUB,Q!=K=V,757,0.00140
SUB,Q!=K=V,758,0.00141
SUB,Q!=K=V,759,0.00141
SUB,Q!=K=V,760,0.00140
SUB,Q!=K=V,761,0.00140
SUB,Q!=K=V,762,0.00140
SUB,Q!=K=V,763,0.00141
SUB,Q!=K=V,764,0.00141
SUB,Q!=K=V,765,0.00141
SUB,Q!=K=V,766,0.00141
SUB,Q!=K=V,767,0.00141
SUB,Q!=K=V,768,0.00140
SUB,Q!=K=V,769,0.00141
SUB,Q!=K=V,770,0.00141
SUB,Q!=K=V,771,0.00140
SUB,Q!=K=V,772,0.00141
SUB,Q!=K=V,773,0.00141
SUB,Q!=K=V,774,0.00140
SUB,Q!=K=V,775,0.00141
SUB,Q!=K=V,776,0.00140
SUB,Q!=K=V,777,0.00141
SUB,Q!=K=V,778,0.00140
SUB,Q!=K=V,779,0.00141
SUB,Q!=K=V,780,0.00140
SUB,Q!=K=V,781,0.00140
SUB,Q!=K=V,782,0.00141
SUB,Q!=K=V,783,0.00140
SUB,Q!=K=V,784,0.00141
SUB,Q!=K=V,785,0.00141
SUB,Q!=K=V,786,0.00141
SUB,Q!=K=V,787,0.00141
SUB,Q!=K=V,788,0.00141
SUB,Q!=K=V,789,0.00141
SUB,Q=K=V,0,2.44861
SUB,Q=K=V,1,2.44817
SUB,Q=K=V,2,2.43879
SUB,Q=K=V,3,2.44097
SUB,Q=K=V,4,2.43083
SUB,Q=K=V,5,2.42170
SUB,Q=K=V,6,2.41128
SUB,Q=K=V,7,2.39794
SUB,Q=K=V,8,2.39237
SUB,Q=K=V,9,2.37030
SUB,Q=K=V,10,2.36136
SUB,Q=K=V,11,2.34584
SUB,Q=K=V,12,2.32617
SUB,Q=K=V,13,2.30322
SUB,Q=K=V,14,2.28665
SUB,Q=K=V,15,2.25927
SUB,Q=K=V,16,2.24519
SUB,Q=K=V,17,2.21467
SUB,Q=K=V,18,2.19872
SUB,Q=K=V,19,2.16999
SUB,Q=K=V,20,2.14538
SUB,Q=K=V,21,2.11566
SUB,Q=K=V,22,2.09237
SUB,Q=K=V,23,2.06089
SUB,Q=K=V,24,2.02967
SUB,Q=K=V,25,1.99929
SUB,Q=K=V,26,1.96708
SUB,Q=K=V,27,1.92402
SUB,Q=K=V,28,1.88054
SUB,Q=K=V,29,1.84308
SUB,Q=K=V,30,1.79716
SUB,Q=K=V,31,1.74831
SUB,Q=K=V,32,1.69335
SUB,Q=K=V,33,1.63907
SUB,Q=K=V,34,1.58221
SUB,Q=K=V,35,1.51776
SUB,Q=K=V,36,1.44951
SUB,Q=K=V,37,1.37480
SUB,Q=K=V,38,1.29407
SUB,Q=K=V,39,1.22145
SUB,Q=K=V,40,1.13613
SUB,Q=K=V,41,1.06113
SUB,Q=K=V,42,0.98213
SUB,Q=K=V,43,0.90005
SUB,Q=K=V,44,0.82498
SUB,Q=K=V,45,0.75299
SUB,Q=K=V,46,0.68116
SUB,Q=K=V,47,0.61658
SUB,Q=K=V,48,0.55445
SUB,Q=K=V,49,0.49228
SUB,Q=K=V,50,0.43850
SUB,Q=K=V,51,0.38962
SUB,Q=K=V,52,0.34390
SUB,Q=K=V,53,0.30634
SUB,Q=K=V,54,0.26912
SUB,Q=K=V,55,0.23448
SUB,Q=K=V,56,0.20618
SUB,Q=K=V,57,0.18166
SUB,Q=K=V,58,0.16043
SUB,Q=K=V,59,0.14142
SUB,Q=K=V,60,0.12588
SUB,Q=K=V,61,0.11224
SUB,Q=K=V,62,0.09981
SUB,Q=K=V,63,0.08986
SUB,Q=K=V,64,0.08146
SUB,Q=K=V,65,0.07312
SUB,Q=K=V,66,0.06658
SUB,Q=K=V,67,0.06144
SUB,Q=K=V,68,0.05656
SUB,Q=K=V,69,0.05207
SUB,Q=K=V,70,0.04818
SUB,Q=K=V,71,0.04522
SUB,Q=K=V,72,0.04216
SUB,Q=K=V,73,0.03944
SUB,Q=K=V,74,0.03682
SUB,Q=K=V,75,0.03469
SUB,Q=K=V,76,0.03287
SUB,Q=K=V,77,0.03088
SUB,Q=K=V,78,0.02978
SUB,Q=K=V,79,0.02795
SUB,Q=K=V,80,0.02678
SUB,Q=K=V,81,0.02549
SUB,Q=K=V,82,0.02432
SUB,Q=K=V,83,0.02317
SUB,Q=K=V,84,0.02232
SUB,Q=K=V,85,0.02159
SUB,Q=K=V,86,0.02074
SUB,Q=K=V,87,0.02003
SUB,Q=K=V,88,0.01919
SUB,Q=K=V,89,0.01868
SUB,Q=K=V,90,0.01821
SUB,Q=K=V,91,0.01756
SUB,Q=K=V,92,0.01703
SUB,Q=K=V,93,0.01647
SUB,Q=K=V,94,0.01607
SUB,Q=K=V,95,0.01565
SUB,Q=K=V,96,0.01523
SUB,Q=K=V,97,0.01478
SUB,Q=K=V,98,0.01456
SUB,Q=K=V,99,0.01413
SUB,Q=K=V,100,0.01389
SUB,Q=K=V,101,0.01357
SUB,Q=K=V,102,0.01325
SUB,Q=K=V,103,0.01297
SUB,Q=K=V,104,0.01271
SUB,Q=K=V,105,0.01249
SUB,Q=K=V,106,0.01226
SUB,Q=K=V,107,0.01196
SUB,Q=K=V,108,0.01179
SUB,Q=K=V,109,0.01161
SUB,Q=K=V,110,0.01141
SUB,Q=K=V,111,0.01121
SUB,Q=K=V,112,0.01101
SUB,Q=K=V,113,0.01082
SUB,Q=K=V,114,0.01069
SUB,Q=K=V,115,0.01051
SUB,Q=K=V,116,0.01038
SUB,Q=K=V,117,0.01020
SUB,Q=K=V,118,0.01007
SUB,Q=K=V,119,0.00994
SUB,Q=K=V,120,0.00979
SUB,Q=K=V,121,0.00962
SUB,Q=K=V,122,0.00951
SUB,Q=K=V,123,0.00935
SUB,Q=K=V,124,0.00928
SUB,Q=K=V,125,0.00916
SUB,Q=K=V,126,0.00905
SUB,Q=K=V,127,0.00891
SUB,Q=K=V,128,0.00879
SUB,Q=K=V,129,0.00871
SUB,Q=K=V,130,0.00863
SUB,Q=K=V,131,0.00854
SUB,Q=K=V,132,0.00839
SUB,Q=K=V,133,0.00832
SUB,Q=K=V,134,0.00819
SUB,Q=K=V,135,0.00811
SUB,Q=K=V,136,0.00800
SUB,Q=K=V,137,0.00794
SUB,Q=K=V,138,0.00784
SUB,Q=K=V,139,0.00774
SUB,Q=K=V,140,0.00768
SUB,Q=K=V,141,0.00761
SUB,Q=K=V,142,0.00750
SUB,Q=K=V,143,0.00745
SUB,Q=K=V,144,0.00738
SUB,Q=K=V,145,0.00728
SUB,Q=K=V,146,0.00724
SUB,Q=K=V,147,0.00718
SUB,Q=K=V,148,0.00708
SUB,Q=K=V,149,0.00698
SUB,Q=K=V,150,0.00694
SUB,Q=K=V,151,0.00687
SUB,Q=K=V,152,0.00681
SUB,Q=K=V,153,0.00675
SUB,Q=K=V,154,0.00667
SUB,Q=K=V,155,0.00661
SUB,Q=K=V,156,0.00655
SUB,Q=K=V,157,0.00654
SUB,Q=K=V,158,0.00643
SUB,Q=K=V,159,0.00637
SUB,Q=K=V,160,0.00633
SUB,Q=K=V,161,0.00628
SUB,Q=K=V,162,0.00621
SUB,Q=K=V,163,0.00613
SUB,Q=K=V,164,0.00609
SUB,Q=K=V,165,0.00606
SUB,Q=K=V,166,0.00601
SUB,Q=K=V,167,0.00594
SUB,Q=K=V,168,0.00590
SUB,Q=K=V,169,0.00582
SUB,Q=K=V,170,0.00580
SUB,Q=K=V,171,0.00577
SUB,Q=K=V,172,0.00571
SUB,Q=K=V,173,0.00566
SUB,Q=K=V,174,0.00562
SUB,Q=K=V,175,0.00557
SUB,Q=K=V,176,0.00550
SUB,Q=K=V,177,0.00548
SUB,Q=K=V,178,0.00544
SUB,Q=K=V,179,0.00539
SUB,Q=K=V,180,0.00535
SUB,Q=K=V,181,0.00530
SUB,Q=K=V,182,0.00527
SUB,Q=K=V,183,0.00522
SUB,Q=K=V,184,0.00518
SUB,Q=K=V,185,0.00515
SUB,Q=K=V,186,0.00512
SUB,Q=K=V,187,0.00507
SUB,Q=K=V,188,0.00503
SUB,Q=K=V,189,0.00500
SUB,Q=K=V,190,0.00497
SUB,Q=K=V,191,0.00493
SUB,Q=K=V,192,0.00490
SUB,Q=K=V,193,0.00484
SUB,Q=K=V,194,0.00483
SUB,Q=K=V,195,0.00479
SUB,Q=K=V,196,0.00476
SUB,Q=K=V,197,0.00474
SUB,Q=K=V,198,0.00471
SUB,Q=K=V,199,0.00465
SUB,Q=K=V,200,0.00463
SUB,Q=K=V,201,0.00460
SUB,Q=K=V,202,0.00458
SUB,Q=K=V,203,0.00454
SUB,Q=K=V,204,0.00451
SUB,Q=K=V,205,0.00447
SUB,Q=K=V,206,0.00443
SUB,Q=K=V,207,0.00440
SUB,Q=K=V,208,0.00438
SUB,Q=K=V,209,0.00436
SUB,Q=K=V,210,0.00432
SUB,Q=K=V,211,0.00429
SUB,Q=K=V,212,0.00427
SUB,Q=K=V,213,0.00424
SUB,Q=K=V,214,0.00421
SUB,Q=K=V,215,0.00418
SUB,Q=K=V,216,0.00415
SUB,Q=K=V,217,0.00414
SUB,Q=K=V,218,0.00412
SUB,Q=K=V,219,0.00407
SUB,Q=K=V,220,0.00405
SUB,Q=K=V,221,0.00404
SUB,Q=K=V,222,0.00402
SUB,Q=K=V,223,0.00398
SUB,Q=K=V,224,0.00396
SUB,Q=K=V,225,0.00393
SUB,Q=K=V,226,0.00392
SUB,Q=K=V,227,0.00389
SUB,Q=K=V,228,0.00386
SUB,Q=K=V,229,0.00385
SUB,Q=K=V,230,0.00384
SUB,Q=K=V,231,0.00381
SUB,Q=K=V,232,0.00379
SUB,Q=K=V,233,0.00376
SUB,Q=K=V,234,0.00374
SUB,Q=K=V,235,0.00371
SUB,Q=K=V,236,0.00369
SUB,Q=K=V,237,0.00368
SUB,Q=K=V,238,0.00365
SUB,Q=K=V,239,0.00363
SUB,Q=K=V,240,0.00361
SUB,Q=K=V,241,0.00358
SUB,Q=K=V,242,0.00357
SUB,Q=K=V,243,0.00355
SUB,Q=K=V,244,0.00354
SUB,Q=K=V,245,0.00352
SUB,Q=K=V,246,0.00350
SUB,Q=K=V,247,0.00348
SUB,Q=K=V,248,0.00346
SUB,Q=K=V,249,0.00344
SUB,Q=K=V,250,0.00342
SUB,Q=K=V,251,0.00342
SUB,Q=K=V,252,0.00339
SUB,Q=K=V,253,0.00337
SUB,Q=K=V,254,0.00335
SUB,Q=K=V,255,0.00333
SUB,Q=K=V,256,0.00331
SUB,Q=K=V,257,0.00330
SUB,Q=K=V,258,0.00329
SUB,Q=K=V,259,0.00327
SUB,Q=K=V,260,0.00325
SUB,Q=K=V,261,0.00323
SUB,Q=K=V,262,0.00323
SUB,Q=K=V,263,0.00320
SUB,Q=K=V,264,0.00319
SUB,Q=K=V,265,0.00317
SUB,Q=K=V,266,0.00315
SUB,Q=K=V,267,0.00314
SUB,Q=K=V,268,0.00313
SUB,Q=K=V,269,0.00312
SUB,Q=K=V,270,0.00309
SUB,Q=K=V,271,0.00308
SUB,Q=K=V,272,0.00308
SUB,Q=K=V,273,0.00305
SUB,Q=K=V,274,0.00305
SUB,Q=K=V,275,0.00302
SUB,Q=K=V,276,0.00301
SUB,Q=K=V,277,0.00299
SUB,Q=K=V,278,0.00298
SUB,Q=K=V,279,0.00297
SUB,Q=K=V,280,0.00295
SUB,Q=K=V,281,0.00295
SUB,Q=K=V,282,0.00293
SUB,Q=K=V,283,0.00292
SUB,Q=K=V,284,0.00290
SUB,Q=K=V,285,0.00289
SUB,Q=K=V,286,0.00287
SUB,Q=K=V,287,0.00287
SUB,Q=K=V,288,0.00286
SUB,Q=K=V,289,0.00284
SUB,Q=K=V,290,0.00283
SUB,Q=K=V,291,0.00282
SUB,Q=K=V,292,0.00280
SUB,Q=K=V,293,0.00279
SUB,Q=K=V,294,0.00277
SUB,Q=K=V,295,0.00277
SUB,Q=K=V,296,0.00276
SUB,Q=K=V,297,0.00275
SUB,Q=K=V,298,0.00273
SUB,Q=K=V,299,0.00272
SUB,Q=K=V,300,0.00271
SUB,Q=K=V,301,0.00270
SUB,Q=K=V,302,0.00269
SUB,Q=K=V,303,0.00267
SUB,Q=K=V,304,0.00267
SUB,Q=K=V,305,0.00266
SUB,Q=K=V,306,0.00264
SUB,Q=K=V,307,0.00263
SUB,Q=K=V,308,0.00262
SUB,Q=K=V,309,0.00262
SUB,Q=K=V,310,0.00259
SUB,Q=K=V,311,0.00260
SUB,Q=K=V,312,0.00258
SUB,Q=K=V,313,0.00258
SUB,Q=K=V,314,0.00256
SUB,Q=K=V,315,0.00254
SUB,Q=K=V,316,0.00254
SUB,Q=K=V,317,0.00253
SUB,Q=K=V,318,0.00252
SUB,Q=K=V,319,0.00252
SUB,Q=K=V,320,0.00250
SUB,Q=K=V,321,0.00250
SUB,Q=K=V,322,0.00249
SUB,Q=K=V,323,0.00247
SUB,Q=K=V,324,0.00247
SUB,Q=K=V,325,0.00246
SUB,Q=K=V,326,0.00245
SUB,Q=K=V,327,0.00244
SUB,Q=K=V,328,0.00243
SUB,Q=K=V,329,0.00242
SUB,Q=K=V,330,0.00241
SUB,Q=K=V,331,0.00240
SUB,Q=K=V,332,0.00240
SUB,Q=K=V,333,0.00239
SUB,Q=K=V,334,0.00238
SUB,Q=K=V,335,0.00238
SUB,Q=K=V,336,0.00236
SUB,Q=K=V,337,0.00235
SUB,Q=K=V,338,0.00235
SUB,Q=K=V,339,0.00234
SUB,Q=K=V,340,0.00233
SUB,Q=K=V,341,0.00232
SUB,Q=K=V,342,0.00231
SUB,Q=K=V,343,0.00231
SUB,Q=K=V,344,0.00230
SUB,Q=K=V,345,0.00230
SUB,Q=K=V,346,0.00228
SUB,Q=K=V,347,0.00228
SUB,Q=K=V,348,0.00227
SUB,Q=K=V,349,0.00226
SUB,Q=K=V,350,0.00226
SUB,Q=K=V,351,0.00225
SUB,Q=K=V,352,0.00224
SUB,Q=K=V,353,0.00224
SUB,Q=K=V,354,0.00223
SUB,Q=K=V,355,0.00222
SUB,Q=K=V,356,0.00222
SUB,Q=K=V,357,0.00221
SUB,Q=K=V,358,0.00220
SUB,Q=K=V,359,0.00219
SUB,Q=K=V,360,0.00219
SUB,Q=K=V,361,0.00218
SUB,Q=K=V,362,0.00218
SUB,Q=K=V,363,0.00216
SUB,Q=K=V,364,0.00215
SUB,Q=K=V,365,0.00215
SUB,Q=K=V,366,0.00215
SUB,Q=K=V,367,0.00214
SUB,Q=K=V,368,0.00214
SUB,Q=K=V,369,0.00213
SUB,Q=K=V,370,0.00212
SUB,Q=K=V,371,0.00211
SUB,Q=K=V,372,0.00210
SUB,Q=K=V,373,0.00210
SUB,Q=K=V,374,0.00210
SUB,Q=K=V,375,0.00209
SUB,Q=K=V,376,0.00209
SUB,Q=K=V,377,0.00208
SUB,Q=K=V,378,0.00207
SUB,Q=K=V,379,0.00206
SUB,Q=K=V,380,0.00206
SUB,Q=K=V,381,0.00205
SUB,Q=K=V,382,0.00205
SUB,Q=K=V,383,0.00204
SUB,Q=K=V,384,0.00203
SUB,Q=K=V,385,0.00203
SUB,Q=K=V,386,0.00202
SUB,Q=K=V,387,0.00201
SUB,Q=K=V,388,0.00201
SUB,Q=K=V,389,0.00201
SUB,Q=K=V,390,0.00201
SUB,Q=K=V,391,0.00200
SUB,Q=K=V,392,0.00199
SUB,Q=K=V,393,0.00199
SUB,Q=K=V,394,0.00198
SUB,Q=K=V,395,0.00198
SUB,Q=K=V,396,0.00197
SUB,Q=K=V,397,0.00196
SUB,Q=K=V,398,0.00196
SUB,Q=K=V,399,0.00195
SUB,Q=K=V,400,0.00195
SUB,Q=K=V,401,0.00195
SUB,Q=K=V,402,0.00194
SUB,Q=K=V,403,0.00194
SUB,Q=K=V,404,0.00193
SUB,Q=K=V,405,0.00193
SUB,Q=K=V,406,0.00192
SUB,Q=K=V,407,0.00192
SUB,Q=K=V,408,0.00191
SUB,Q=K=V,409,0.00190
SUB,Q=K=V,410,0.00190
SUB,Q=K=V,411,0.00190
SUB,Q=K=V,412,0.00189
SUB,Q=K=V,413,0.00189
SUB,Q=K=V,414,0.00189
SUB,Q=K=V,415,0.00188
SUB,Q=K=V,416,0.00187
SUB,Q=K=V,417,0.00187
SUB,Q=K=V,418,0.00187
SUB,Q=K=V,419,0.00186
SUB,Q=K=V,420,0.00186
SUB,Q=K=V,421,0.00185
SUB,Q=K=V,422,0.00185
SUB,Q=K=V,423,0.00184
SUB,Q=K=V,424,0.00184
SUB,Q=K=V,425,0.00184
SUB,Q=K=V,426,0.00183
SUB,Q=K=V,427,0.00183
SUB,Q=K=V,428,0.00183
SUB,Q=K=V,429,0.00182
SUB,Q=K=V,430,0.00181
SUB,Q=K=V,431,0.00181
SUB,Q=K=V,432,0.00181
SUB,Q=K=V,433,0.00181
SUB,Q=K=V,434,0.00180
SUB,Q=K=V,435,0.00180
SUB,Q=K=V,436,0.00179
SUB,Q=K=V,437,0.00179
SUB,Q=K=V,438,0.00179
SUB,Q=K=V,439,0.00179
SUB,Q=K=V,440,0.00178
SUB,Q=K=V,441,0.00177
SUB,Q=K=V,442,0.00177
SUB,Q=K=V,443,0.00177
SUB,Q=K=V,444,0.00176
SUB,Q=K=V,445,0.00176
SUB,Q=K=V,446,0.00176
SUB,Q=K=V,447,0.00175
SUB,Q=K=V,448,0.00175
SUB,Q=K=V,449,0.00174
SUB,Q=K=V,450,0.00174
SUB,Q=K=V,451,0.00174
SUB,Q=K=V,452,0.00174
SUB,Q=K=V,453,0.00173
SUB,Q=K=V,454,0.00173
SUB,Q=K=V,455,0.00172
SUB,Q=K=V,456,0.00172
SUB,Q=K=V,457,0.00172
SUB,Q=K=V,458,0.00171
SUB,Q=K=V,459,0.00172
SUB,Q=K=V,460,0.00171
SUB,Q=K=V,461,0.00170
SUB,Q=K=V,462,0.00170
SUB,Q=K=V,463,0.00170
SUB,Q=K=V,464,0.00169
SUB,Q=K=V,465,0.00169
SUB,Q=K=V,466,0.00169
SUB,Q=K=V,467,0.00168
SUB,Q=K=V,468,0.00168
SUB,Q=K=V,469,0.00168
SUB,Q=K=V,470,0.00168
SUB,Q=K=V,471,0.00167
SUB,Q=K=V,472,0.00167
SUB,Q=K=V,473,0.00167
SUB,Q=K=V,474,0.00166
SUB,Q=K=V,475,0.00166
SUB,Q=K=V,476,0.00166
SUB,Q=K=V,477,0.00166
SUB,Q=K=V,478,0.00165
SUB,Q=K=V,479,0.00165
SUB,Q=K=V,480,0.00165
SUB,Q=K=V,481,0.00165
SUB,Q=K=V,482,0.00164
SUB,Q=K=V,483,0.00164
SUB,Q=K=V,484,0.00164
SUB,Q=K=V,485,0.00164
SUB,Q=K=V,486,0.00163
SUB,Q=K=V,487,0.00163
SUB,Q=K=V,488,0.00163
SUB,Q=K=V,489,0.00162
SUB,Q=K=V,490,0.00162
SUB,Q=K=V,491,0.00162
SUB,Q=K=V,492,0.00161
SUB,Q=K=V,493,0.00162
SUB,Q=K=V,494,0.00161
SUB,Q=K=V,495,0.00161
SUB,Q=K=V,496,0.00161
SUB,Q=K=V,497,0.00160
SUB,Q=K=V,498,0.00160
SUB,Q=K=V,499,0.00160
SUB,Q=K=V,500,0.00160
SUB,Q=K=V,501,0.00160
SUB,Q=K=V,502,0.00160
SUB,Q=K=V,503,0.00159
SUB,Q=K=V,504,0.00158
SUB,Q=K=V,505,0.00159
SUB,Q=K=V,506,0.00158
SUB,Q=K=V,507,0.00158
SUB,Q=K=V,508,0.00158
SUB,Q=K=V,509,0.00158
SUB,Q=K=V,510,0.00158
SUB,Q=K=V,511,0.00157
SUB,Q=K=V,512,0.00157
SUB,Q=K=V,513,0.00157
SUB,Q=K=V,514,0.00157
SUB,Q=K=V,515,0.00157
SUB,Q=K=V,516,0.00156
SUB,Q=K=V,517,0.00156
SUB,Q=K=V,518,0.00156
SUB,Q=K=V,519,0.00156
SUB,Q=K=V,520,0.00155
SUB,Q=K=V,521,0.00156
SUB,Q=K=V,522,0.00155
SUB,Q=K=V,523,0.00155
SUB,Q=K=V,524,0.00155
SUB,Q=K=V,525,0.00154
SUB,Q=K=V,526,0.00154
SUB,Q=K=V,527,0.00154
SUB,Q=K=V,528,0.00154
SUB,Q=K=V,529,0.00153
SUB,Q=K=V,530,0.00154
SUB,Q=K=V,531,0.00153
SUB,Q=K=V,532,0.00153
SUB,Q=K=V,533,0.00153
SUB,Q=K=V,534,0.00153
SUB,Q=K=V,535,0.00152
SUB,Q=K=V,536,0.00152
SUB,Q=K=V,537,0.00152
SUB,Q=K=V,538,0.00152
SUB,Q=K=V,539,0.00152
SUB,Q=K=V,540,0.00152
SUB,Q=K=V,541,0.00152
SUB,Q=K=V,542,0.00151
SUB,Q=K=V,543,0.00151
SUB,Q=K=V,544,0.00151
SUB,Q=K=V,545,0.00151
SUB,Q=K=V,546,0.00151
SUB,Q=K=V,547,0.00150
SUB,Q=K=V,548,0.00151
SUB,Q=K=V,549,0.00150
SUB,Q=K=V,550,0.00150
SUB,Q=K=V,551,0.00150
SUB,Q=K=V,552,0.00150
SUB,Q=K=V,553,0.00149
SUB,Q=K=V,554,0.00149
SUB,Q=K=V,555,0.00149
SUB,Q=K=V,556,0.00149
SUB,Q=K=V,557,0.00149
SUB,Q=K=V,558,0.00149
SUB,Q=K=V,559,0.00149
SUB,Q=K=V,560,0.00149
SUB,Q=K=V,561,0.00148
SUB,Q=K=V,562,0.00148
SUB,Q=K=V,563,0.00148
SUB,Q=K=V,564,0.00148
SUB,Q=K=V,565,0.00148
SUB,Q=K=V,566,0.00148
SUB,Q=K=V,567,0.00148
SUB,Q=K=V,568,0.00148
SUB,Q=K=V,569,0.00147
SUB,Q=K=V,570,0.00147
SUB,Q=K=V,571,0.00147
SUB,Q=K=V,572,0.00147
SUB,Q=K=V,573,0.00147
SUB,Q=K=V,574,0.00146
SUB,Q=K=V,575,0.00147
SUB,Q=K=V,576,0.00146
SUB,Q=K=V,577,0.00146
SUB,Q=K=V,578,0.00146
SUB,Q=K=V,579,0.00146
SUB,Q=K=V,580,0.00146
SUB,Q=K=V,581,0.00146
SUB,Q=K=V,582,0.00146
SUB,Q=K=V,583,0.00146
SUB,Q=K=V,584,0.00145
SUB,Q=K=V,585,0.00145
SUB,Q=K=V,586,0.00145
SUB,Q=K=V,587,0.00145
SUB,Q=K=V,588,0.00145
SUB,Q=K=V,589,0.00145
SUB,Q=K=V,590,0.00145
SUB,Q=K=V,591,0.00144
SUB,Q=K=V,592,0.00145
SUB,Q=K=V,593,0.00144
SUB,Q=K=V,594,0.00144
SUB,Q=K=V,595,0.00144
SUB,Q=K=V,596,0.00144
SUB,Q=K=V,597,0.00144
SUB,Q=K=V,598,0.00144
SUB,Q=K=V,599,0.00144
SUB,Q=K=V,600,0.00144
SUB,Q=K=V,601,0.00143
SUB,Q=K=V,602,0.00144
SUB,Q=K=V,603,0.00144
SUB,Q=K=V,604,0.00143
SUB,Q=K=V,605,0.00144
SUB,Q=K=V,606,0.00143
SUB,Q=K=V,607,0.00143
SUB,Q=K=V,608,0.00143
SUB,Q=K=V,609,0.00143
SUB,Q=K=V,610,0.00143
SUB,Q=K=V,611,0.00143
SUB,Q=K=V,612,0.00142
SUB,Q=K=V,613,0.00143
SUB,Q=K=V,614,0.00142
SUB,Q=K=V,615,0.00142
SUB,Q=K=V,616,0.00142
SUB,Q=K=V,617,0.00142
SUB,Q=K=V,618,0.00142
SUB,Q=K=V,619,0.00142
SUB,Q=K=V,620,0.00142
SUB,Q=K=V,621,0.00142
SUB,Q=K=V,622,0.00142
SUB,Q=K=V,623,0.00142
SUB,Q=K=V,624,0.00141
SUB,Q=K=V,625,0.00141
SUB,Q=K=V,626,0.00142
SUB,Q=K=V,627,0.00141
SUB,Q=K=V,628,0.00142
SUB,Q=K=V,629,0.00141
SUB,Q=K=V,630,0.00141
SUB,Q=K=V,631,0.00141
SUB,Q=K=V,632,0.00141
SUB,Q=K=V,633,0.00141
SUB,Q=K=V,634,0.00141
SUB,Q=K=V,635,0.00140
SUB,Q=K=V,636,0.00141
SUB,Q=K=V,637,0.00141
SUB,Q=K=V,638,0.00141
SUB,Q=K=V,639,0.00141
SUB,Q=K=V,640,0.00140
SUB,Q=K=V,641,0.00140
SUB,Q=K=V,642,0.00140
SUB,Q=K=V,643,0.00140
SUB,Q=K=V,644,0.00140
SUB,Q=K=V,645,0.00140
SUB,Q=K=V,646,0.00140
SUB,Q=K=V,647,0.00140
SUB,Q=K=V,648,0.00140
SUB,Q=K=V,649,0.00140
SUB,Q=K=V,650,0.00140
SUB,Q=K=V,651,0.00140
SUB,Q=K=V,652,0.00140
SUB,Q=K=V,653,0.00140
SUB,Q=K=V,654,0.00140
SUB,Q=K=V,655,0.00139
SUB,Q=K=V,656,0.00139
SUB,Q=K=V,657,0.00140
SUB,Q=K=V,658,0.00139
SUB,Q=K=V,659,0.00139
SUB,Q=K=V,660,0.00140
SUB,Q=K=V,661,0.00139
SUB,Q=K=V,662,0.00139
SUB,Q=K=V,663,0.00139
SUB,Q=K=V,664,0.00139
SUB,Q=K=V,665,0.00139
SUB,Q=K=V,666,0.00139
SUB,Q=K=V,667,0.00139
SUB,Q=K=V,668,0.00139
SUB,Q=K=V,669,0.00139
SUB,Q=K=V,670,0.00139
SUB,Q=K=V,671,0.00139
SUB,Q=K=V,672,0.00139
SUB,Q=K=V,673,0.00139
SUB,Q=K=V,674,0.00139
SUB,Q=K=V,675,0.00139
SUB,Q=K=V,676,0.00139
SUB,Q=K=V,677,0.00139
SUB,Q=K=V,678,0.00138
SUB,Q=K=V,679,0.00138
SUB,Q=K=V,680,0.00139
SUB,Q=K=V,681,0.00139
SUB,Q=K=V,682,0.00138
SUB,Q=K=V,683,0.00138
SUB,Q=K=V,684,0.00138
SUB,Q=K=V,685,0.00138
SUB,Q=K=V,686,0.00138
SUB,Q=K=V,687,0.00139
SUB,Q=K=V,688,0.00139
SUB,Q=K=V,689,0.00138
SUB,Q=K=V,690,0.00138
SUB,Q=K=V,691,0.00138
SUB,Q=K=V,692,0.00138
SUB,Q=K=V,693,0.00138
SUB,Q=K=V,694,0.00138
SUB,Q=K=V,695,0.00138
SUB,Q=K=V,696,0.00138
SUB,Q=K=V,697,0.00138
SUB,Q=K=V,698,0.00138
SUB,Q=K=V,699,0.00138
SUB,Q=K=V,700,0.00138
SUB,Q=K=V,701,0.00138
SUB,Q=K=V,702,0.00138
SUB,Q=K=V,703,0.00138
SUB,Q=K=V,704,0.00138
SUB,Q=K=V,705,0.00138
SUB,Q=K=V,706,0.00138
SUB,Q=K=V,707,0.00137
SUB,Q=K=V,708,0.00137
SUB,Q=K=V,709,0.00138
SUB,Q=K=V,710,0.00139
SUB,Q=K=V,711,0.00138
SUB,Q=K=V,712,0.00138
SUB,Q=K=V,713,0.00138
SUB,Q=K=V,714,0.00137
SUB,Q=K=V,715,0.00137
SUB,Q=K=V,716,0.00137
SUB,Q=K=V,717,0.00137
SUB,Q=K=V,718,0.00138
SUB,Q=K=V,719,0.00138
SUB,Q=K=V,720,0.00138
SUB,Q=K=V,721,0.00137
SUB,Q=K=V,722,0.00137
SUB,Q=K=V,723,0.00137
SUB,Q=K=V,724,0.00137
SUB,Q=K=V,725,0.00138
SUB,Q=K=V,726,0.00138
SUB,Q=K=V,727,0.00137
SUB,Q=K=V,728,0.00138
SUB,Q=K=V,729,0.00137
SUB,Q=K=V,730,0.00138
SUB,Q=K=V,731,0.00137
SUB,Q=K=V,732,0.00137
SUB,Q=K=V,733,0.00138
SUB,Q=K=V,734,0.00137
SUB,Q=K=V,735,0.00137
SUB,Q=K=V,736,0.00137
SUB,Q=K=V,737,0.00138
SUB,Q=K=V,738,0.00137
SUB,Q=K=V,739,0.00137
SUB,Q=K=V,740,0.00137
SUB,Q=K=V,741,0.00138
SUB,Q=K=V,742,0.00137
SUB,Q=K=V,743,0.00137
SUB,Q=K=V,744,0.00137
SUB,Q=K=V,745,0.00137
SUB,Q=K=V,746,0.00137
SUB,Q=K=V,747,0.00137
SUB,Q=K=V,748,0.00137
SUB,Q=K=V,749,0.00137
SUB,Q=K=V,750,0.00138
SUB,Q=K=V,751,0.00138
SUB,Q=K=V,752,0.00137
SUB,Q=K=V,753,0.00137
SUB,Q=K=V,754,0.00137
SUB,Q=K=V,755,0.00137
SUB,Q=K=V,756,0.00137
SUB,Q=K=V,757,0.00137
SUB,Q=K=V,758,0.00137
SUB,Q=K=V,759,0.00137
SUB,Q=K=V,760,0.00137
SUB,Q=K=V,761,0.00137
SUB,Q=K=V,762,0.00137
SUB,Q=K=V,763,0.00137
SUB,Q=K=V,764,0.00138
SUB,Q=K=V,765,0.00137
SUB,Q=K=V,766,0.00137
SUB,Q=K=V,767,0.00137
SUB,Q=K=V,768,0.00137
SUB,Q=K=V,769,0.00137
SUB,Q=K=V,770,0.00137
SUB,Q=K=V,771,0.00137
SUB,Q=K=V,772,0.00137
SUB,Q=K=V,773,0.00137
SUB,Q=K=V,774,0.00137
SUB,Q=K=V,775,0.00137
SUB,Q=K=V,776,0.00137
SUB,Q=K=V,777,0.00137
SUB,Q=K=V,778,0.00137
SUB,Q=K=V,779,0.00137
SUB,Q=K=V,780,0.00137
SUB,Q=K=V,781,0.00138
SUB,Q=K=V,782,0.00137
SUB,Q=K=V,783,0.00137
SUB,Q=K=V,784,0.00137
SUB,Q=K=V,785,0.00138
SUB,Q=K=V,786,0.00137
SUB,Q=K=V,787,0.00137
SUB,Q=K=V,788,0.00137
SUB,Q=K=V,789,0.00137
SUB,(Q=K=V)+,0,2.41933
SUB,(Q=K=V)+,1,2.42107
SUB,(Q=K=V)+,2,2.41436
SUB,(Q=K=V)+,3,2.40466
SUB,(Q=K=V)+,4,2.40337
SUB,(Q=K=V)+,5,2.39974
SUB,(Q=K=V)+,6,2.38564
SUB,(Q=K=V)+,7,2.38368
SUB,(Q=K=V)+,8,2.36237
SUB,(Q=K=V)+,9,2.35096
SUB,(Q=K=V)+,10,2.33619
SUB,(Q=K=V)+,11,2.32351
SUB,(Q=K=V)+,12,2.30625
SUB,(Q=K=V)+,13,2.28436
SUB,(Q=K=V)+,14,2.26364
SUB,(Q=K=V)+,15,2.25008
SUB,(Q=K=V)+,16,2.22788
SUB,(Q=K=V)+,17,2.20661
SUB,(Q=K=V)+,18,2.18224
SUB,(Q=K=V)+,19,2.16031
SUB,(Q=K=V)+,20,2.13187
SUB,(Q=K=V)+,21,2.10157
SUB,(Q=K=V)+,22,2.07919
SUB,(Q=K=V)+,23,2.05256
SUB,(Q=K=V)+,24,2.02052
SUB,(Q=K=V)+,25,1.98892
SUB,(Q=K=V)+,26,1.95440
SUB,(Q=K=V)+,27,1.91634
SUB,(Q=K=V)+,28,1.87894
SUB,(Q=K=V)+,29,1.84012
SUB,(Q=K=V)+,30,1.79195
SUB,(Q=K=V)+,31,1.74603
SUB,(Q=K=V)+,32,1.69051
SUB,(Q=K=V)+,33,1.63917
SUB,(Q=K=V)+,34,1.58668
SUB,(Q=K=V)+,35,1.52503
SUB,(Q=K=V)+,36,1.46395
SUB,(Q=K=V)+,37,1.39471
SUB,(Q=K=V)+,38,1.31468
SUB,(Q=K=V)+,39,1.24968
SUB,(Q=K=V)+,40,1.16731
SUB,(Q=K=V)+,41,1.09596
SUB,(Q=K=V)+,42,1.01614
SUB,(Q=K=V)+,43,0.93580
SUB,(Q=K=V)+,44,0.85924
SUB,(Q=K=V)+,45,0.78507
SUB,(Q=K=V)+,46,0.71545
SUB,(Q=K=V)+,47,0.64959
SUB,(Q=K=V)+,48,0.58150
SUB,(Q=K=V)+,49,0.51765
SUB,(Q=K=V)+,50,0.46174
SUB,(Q=K=V)+,51,0.41065
SUB,(Q=K=V)+,52,0.35899
SUB,(Q=K=V)+,53,0.31865
SUB,(Q=K=V)+,54,0.27832
SUB,(Q=K=V)+,55,0.24226
SUB,(Q=K=V)+,56,0.21229
SUB,(Q=K=V)+,57,0.18681
SUB,(Q=K=V)+,58,0.16316
SUB,(Q=K=V)+,59,0.14241
SUB,(Q=K=V)+,60,0.12439
SUB,(Q=K=V)+,61,0.10904
SUB,(Q=K=V)+,62,0.09675
SUB,(Q=K=V)+,63,0.08617
SUB,(Q=K=V)+,64,0.07643
SUB,(Q=K=V)+,65,0.06815
SUB,(Q=K=V)+,66,0.06115
SUB,(Q=K=V)+,67,0.05558
SUB,(Q=K=V)+,68,0.05084
SUB,(Q=K=V)+,69,0.04645
SUB,(Q=K=V)+,70,0.04259
SUB,(Q=K=V)+,71,0.03948
SUB,(Q=K=V)+,72,0.03663
SUB,(Q=K=V)+,73,0.03412
SUB,(Q=K=V)+,74,0.03176
SUB,(Q=K=V)+,75,0.02975
SUB,(Q=K=V)+,76,0.02807
SUB,(Q=K=V)+,77,0.02638
SUB,(Q=K=V)+,78,0.02502
SUB,(Q=K=V)+,79,0.02381
SUB,(Q=K=V)+,80,0.02255
SUB,(Q=K=V)+,81,0.02152
SUB,(Q=K=V)+,82,0.02060
SUB,(Q=K=V)+,83,0.01982
SUB,(Q=K=V)+,84,0.01895
SUB,(Q=K=V)+,85,0.01824
SUB,(Q=K=V)+,86,0.01760
SUB,(Q=K=V)+,87,0.01702
SUB,(Q=K=V)+,88,0.01638
SUB,(Q=K=V)+,89,0.01587
SUB,(Q=K=V)+,90,0.01542
SUB,(Q=K=V)+,91,0.01495
SUB,(Q=K=V)+,92,0.01454
SUB,(Q=K=V)+,93,0.01412
SUB,(Q=K=V)+,94,0.01380
SUB,(Q=K=V)+,95,0.01342
SUB,(Q=K=V)+,96,0.01308
SUB,(Q=K=V)+,97,0.01277
SUB,(Q=K=V)+,98,0.01250
SUB,(Q=K=V)+,99,0.01224
SUB,(Q=K=V)+,100,0.01200
SUB,(Q=K=V)+,101,0.01177
SUB,(Q=K=V)+,102,0.01148
SUB,(Q=K=V)+,103,0.01131
SUB,(Q=K=V)+,104,0.01106
SUB,(Q=K=V)+,105,0.01091
SUB,(Q=K=V)+,106,0.01068
SUB,(Q=K=V)+,107,0.01050
SUB,(Q=K=V)+,108,0.01033
SUB,(Q=K=V)+,109,0.01014
SUB,(Q=K=V)+,110,0.01001
SUB,(Q=K=V)+,111,0.00985
SUB,(Q=K=V)+,112,0.00970
SUB,(Q=K=V)+,113,0.00954
SUB,(Q=K=V)+,114,0.00941
SUB,(Q=K=V)+,115,0.00931
SUB,(Q=K=V)+,116,0.00918
SUB,(Q=K=V)+,117,0.00901
SUB,(Q=K=V)+,118,0.00889
SUB,(Q=K=V)+,119,0.00880
SUB,(Q=K=V)+,120,0.00866
SUB,(Q=K=V)+,121,0.00856
SUB,(Q=K=V)+,122,0.00845
SUB,(Q=K=V)+,123,0.00835
SUB,(Q=K=V)+,124,0.00828
SUB,(Q=K=V)+,125,0.00815
SUB,(Q=K=V)+,126,0.00806
SUB,(Q=K=V)+,127,0.00795
SUB,(Q=K=V)+,128,0.00786
SUB,(Q=K=V)+,129,0.00778
SUB,(Q=K=V)+,130,0.00771
SUB,(Q=K=V)+,131,0.00761
SUB,(Q=K=V)+,132,0.00753
SUB,(Q=K=V)+,133,0.00745
SUB,(Q=K=V)+,134,0.00735
SUB,(Q=K=V)+,135,0.00728
SUB,(Q=K=V)+,136,0.00721
SUB,(Q=K=V)+,137,0.00714
SUB,(Q=K=V)+,138,0.00707
SUB,(Q=K=V)+,139,0.00698
SUB,(Q=K=V)+,140,0.00692
SUB,(Q=K=V)+,141,0.00685
SUB,(Q=K=V)+,142,0.00676
SUB,(Q=K=V)+,143,0.00673
SUB,(Q=K=V)+,144,0.00665
SUB,(Q=K=V)+,145,0.00660
SUB,(Q=K=V)+,146,0.00654
SUB,(Q=K=V)+,147,0.00648
SUB,(Q=K=V)+,148,0.00640
SUB,(Q=K=V)+,149,0.00633
SUB,(Q=K=V)+,150,0.00629
SUB,(Q=K=V)+,151,0.00624
SUB,(Q=K=V)+,152,0.00617
SUB,(Q=K=V)+,153,0.00612
SUB,(Q=K=V)+,154,0.00606
SUB,(Q=K=V)+,155,0.00601
SUB,(Q=K=V)+,156,0.00595
SUB,(Q=K=V)+,157,0.00588
SUB,(Q=K=V)+,158,0.00586
SUB,(Q=K=V)+,159,0.00581
SUB,(Q=K=V)+,160,0.00576
SUB,(Q=K=V)+,161,0.00571
SUB,(Q=K=V)+,162,0.00564
SUB,(Q=K=V)+,163,0.00560
SUB,(Q=K=V)+,164,0.00556
SUB,(Q=K=V)+,165,0.00552
SUB,(Q=K=V)+,166,0.00547
SUB,(Q=K=V)+,167,0.00544
SUB,(Q=K=V)+,168,0.00539
SUB,(Q=K=V)+,169,0.00532
SUB,(Q=K=V)+,170,0.00530
SUB,(Q=K=V)+,171,0.00527
SUB,(Q=K=V)+,172,0.00522
SUB,(Q=K=V)+,173,0.00517
SUB,(Q=K=V)+,174,0.00514
SUB,(Q=K=V)+,175,0.00510
SUB,(Q=K=V)+,176,0.00505
SUB,(Q=K=V)+,177,0.00502
SUB,(Q=K=V)+,178,0.00497
SUB,(Q=K=V)+,179,0.00494
SUB,(Q=K=V)+,180,0.00491
SUB,(Q=K=V)+,181,0.00487
SUB,(Q=K=V)+,182,0.00484
SUB,(Q=K=V)+,183,0.00480
SUB,(Q=K=V)+,184,0.00477
SUB,(Q=K=V)+,185,0.00473
SUB,(Q=K=V)+,186,0.00470
SUB,(Q=K=V)+,187,0.00466
SUB,(Q=K=V)+,188,0.00462
SUB,(Q=K=V)+,189,0.00459
SUB,(Q=K=V)+,190,0.00457
SUB,(Q=K=V)+,191,0.00453
SUB,(Q=K=V)+,192,0.00450
SUB,(Q=K=V)+,193,0.00447
SUB,(Q=K=V)+,194,0.00444
SUB,(Q=K=V)+,195,0.00441
SUB,(Q=K=V)+,196,0.00438
SUB,(Q=K=V)+,197,0.00435
SUB,(Q=K=V)+,198,0.00432
SUB,(Q=K=V)+,199,0.00429
SUB,(Q=K=V)+,200,0.00427
SUB,(Q=K=V)+,201,0.00423
SUB,(Q=K=V)+,202,0.00421
SUB,(Q=K=V)+,203,0.00419
SUB,(Q=K=V)+,204,0.00415
SUB,(Q=K=V)+,205,0.00412
SUB,(Q=K=V)+,206,0.00410
SUB,(Q=K=V)+,207,0.00407
SUB,(Q=K=V)+,208,0.00405
SUB,(Q=K=V)+,209,0.00403
SUB,(Q=K=V)+,210,0.00400
SUB,(Q=K=V)+,211,0.00397
SUB,(Q=K=V)+,212,0.00395
SUB,(Q=K=V)+,213,0.00392
SUB,(Q=K=V)+,214,0.00390
SUB,(Q=K=V)+,215,0.00388
SUB,(Q=K=V)+,216,0.00385
SUB,(Q=K=V)+,217,0.00384
SUB,(Q=K=V)+,218,0.00381
SUB,(Q=K=V)+,219,0.00378
SUB,(Q=K=V)+,220,0.00376
SUB,(Q=K=V)+,221,0.00373
SUB,(Q=K=V)+,222,0.00373
SUB,(Q=K=V)+,223,0.00370
SUB,(Q=K=V)+,224,0.00367
SUB,(Q=K=V)+,225,0.00365
SUB,(Q=K=V)+,226,0.00364
SUB,(Q=K=V)+,227,0.00361
SUB,(Q=K=V)+,228,0.00359
SUB,(Q=K=V)+,229,0.00358
SUB,(Q=K=V)+,230,0.00355
SUB,(Q=K=V)+,231,0.00353
SUB,(Q=K=V)+,232,0.00352
SUB,(Q=K=V)+,233,0.00349
SUB,(Q=K=V)+,234,0.00348
SUB,(Q=K=V)+,235,0.00345
SUB,(Q=K=V)+,236,0.00342
SUB,(Q=K=V)+,237,0.00342
SUB,(Q=K=V)+,238,0.00340
SUB,(Q=K=V)+,239,0.00338
SUB,(Q=K=V)+,240,0.00336
SUB,(Q=K=V)+,241,0.00334
SUB,(Q=K=V)+,242,0.00333
SUB,(Q=K=V)+,243,0.00330
SUB,(Q=K=V)+,244,0.00330
SUB,(Q=K=V)+,245,0.00327
SUB,(Q=K=V)+,246,0.00326
SUB,(Q=K=V)+,247,0.00323
SUB,(Q=K=V)+,248,0.00322
SUB,(Q=K=V)+,249,0.00321
SUB,(Q=K=V)+,250,0.00319
SUB,(Q=K=V)+,251,0.00318
SUB,(Q=K=V)+,252,0.00316
SUB,(Q=K=V)+,253,0.00314
SUB,(Q=K=V)+,254,0.00313
SUB,(Q=K=V)+,255,0.00311
SUB,(Q=K=V)+,256,0.00310
SUB,(Q=K=V)+,257,0.00309
SUB,(Q=K=V)+,258,0.00307
SUB,(Q=K=V)+,259,0.00304
SUB,(Q=K=V)+,260,0.00304
SUB,(Q=K=V)+,261,0.00302
SUB,(Q=K=V)+,262,0.00301
SUB,(Q=K=V)+,263,0.00299
SUB,(Q=K=V)+,264,0.00298
SUB,(Q=K=V)+,265,0.00296
SUB,(Q=K=V)+,266,0.00295
SUB,(Q=K=V)+,267,0.00293
SUB,(Q=K=V)+,268,0.00292
SUB,(Q=K=V)+,269,0.00291
SUB,(Q=K=V)+,270,0.00290
SUB,(Q=K=V)+,271,0.00288
SUB,(Q=K=V)+,272,0.00287
SUB,(Q=K=V)+,273,0.00286
SUB,(Q=K=V)+,274,0.00285
SUB,(Q=K=V)+,275,0.00283
SUB,(Q=K=V)+,276,0.00282
SUB,(Q=K=V)+,277,0.00280
SUB,(Q=K=V)+,278,0.00280
SUB,(Q=K=V)+,279,0.00279
SUB,(Q=K=V)+,280,0.00277
SUB,(Q=K=V)+,281,0.00275
SUB,(Q=K=V)+,282,0.00274
SUB,(Q=K=V)+,283,0.00274
SUB,(Q=K=V)+,284,0.00272
SUB,(Q=K=V)+,285,0.00271
SUB,(Q=K=V)+,286,0.00270
SUB,(Q=K=V)+,287,0.00269
SUB,(Q=K=V)+,288,0.00268
SUB,(Q=K=V)+,289,0.00267
SUB,(Q=K=V)+,290,0.00265
SUB,(Q=K=V)+,291,0.00264
SUB,(Q=K=V)+,292,0.00263
SUB,(Q=K=V)+,293,0.00262
SUB,(Q=K=V)+,294,0.00261
SUB,(Q=K=V)+,295,0.00260
SUB,(Q=K=V)+,296,0.00259
SUB,(Q=K=V)+,297,0.00257
SUB,(Q=K=V)+,298,0.00257
SUB,(Q=K=V)+,299,0.00255
SUB,(Q=K=V)+,300,0.00254
SUB,(Q=K=V)+,301,0.00253
SUB,(Q=K=V)+,302,0.00252
SUB,(Q=K=V)+,303,0.00252
SUB,(Q=K=V)+,304,0.00251
SUB,(Q=K=V)+,305,0.00250
SUB,(Q=K=V)+,306,0.00249
SUB,(Q=K=V)+,307,0.00248
SUB,(Q=K=V)+,308,0.00247
SUB,(Q=K=V)+,309,0.00246
SUB,(Q=K=V)+,310,0.00245
SUB,(Q=K=V)+,311,0.00244
SUB,(Q=K=V)+,312,0.00243
SUB,(Q=K=V)+,313,0.00242
SUB,(Q=K=V)+,314,0.00241
SUB,(Q=K=V)+,315,0.00240
SUB,(Q=K=V)+,316,0.00240
SUB,(Q=K=V)+,317,0.00238
SUB,(Q=K=V)+,318,0.00238
SUB,(Q=K=V)+,319,0.00237
SUB,(Q=K=V)+,320,0.00236
SUB,(Q=K=V)+,321,0.00235
SUB,(Q=K=V)+,322,0.00234
SUB,(Q=K=V)+,323,0.00233
SUB,(Q=K=V)+,324,0.00233
SUB,(Q=K=V)+,325,0.00232
SUB,(Q=K=V)+,326,0.00231
SUB,(Q=K=V)+,327,0.00230
SUB,(Q=K=V)+,328,0.00229
SUB,(Q=K=V)+,329,0.00228
SUB,(Q=K=V)+,330,0.00227
SUB,(Q=K=V)+,331,0.00227
SUB,(Q=K=V)+,332,0.00226
SUB,(Q=K=V)+,333,0.00225
SUB,(Q=K=V)+,334,0.00225
SUB,(Q=K=V)+,335,0.00225
SUB,(Q=K=V)+,336,0.00223
SUB,(Q=K=V)+,337,0.00222
SUB,(Q=K=V)+,338,0.00222
SUB,(Q=K=V)+,339,0.00220
SUB,(Q=K=V)+,340,0.00220
SUB,(Q=K=V)+,341,0.00219
SUB,(Q=K=V)+,342,0.00218
SUB,(Q=K=V)+,343,0.00218
SUB,(Q=K=V)+,344,0.00218
SUB,(Q=K=V)+,345,0.00217
SUB,(Q=K=V)+,346,0.00216
SUB,(Q=K=V)+,347,0.00215
SUB,(Q=K=V)+,348,0.00215
SUB,(Q=K=V)+,349,0.00214
SUB,(Q=K=V)+,350,0.00213
SUB,(Q=K=V)+,351,0.00213
SUB,(Q=K=V)+,352,0.00212
SUB,(Q=K=V)+,353,0.00212
SUB,(Q=K=V)+,354,0.00211
SUB,(Q=K=V)+,355,0.00210
SUB,(Q=K=V)+,356,0.00209
SUB,(Q=K=V)+,357,0.00209
SUB,(Q=K=V)+,358,0.00208
SUB,(Q=K=V)+,359,0.00207
SUB,(Q=K=V)+,360,0.00207
SUB,(Q=K=V)+,361,0.00206
SUB,(Q=K=V)+,362,0.00206
SUB,(Q=K=V)+,363,0.00205
SUB,(Q=K=V)+,364,0.00204
SUB,(Q=K=V)+,365,0.00203
SUB,(Q=K=V)+,366,0.00203
SUB,(Q=K=V)+,367,0.00202
SUB,(Q=K=V)+,368,0.00202
SUB,(Q=K=V)+,369,0.00202
SUB,(Q=K=V)+,370,0.00201
SUB,(Q=K=V)+,371,0.00200
SUB,(Q=K=V)+,372,0.00199
SUB,(Q=K=V)+,373,0.00199
SUB,(Q=K=V)+,374,0.00199
SUB,(Q=K=V)+,375,0.00198
SUB,(Q=K=V)+,376,0.00197
SUB,(Q=K=V)+,377,0.00197
SUB,(Q=K=V)+,378,0.00196
SUB,(Q=K=V)+,379,0.00196
SUB,(Q=K=V)+,380,0.00195
SUB,(Q=K=V)+,381,0.00195
SUB,(Q=K=V)+,382,0.00194
SUB,(Q=K=V)+,383,0.00194
SUB,(Q=K=V)+,384,0.00193
SUB,(Q=K=V)+,385,0.00193
SUB,(Q=K=V)+,386,0.00192
SUB,(Q=K=V)+,387,0.00192
SUB,(Q=K=V)+,388,0.00191
SUB,(Q=K=V)+,389,0.00191
SUB,(Q=K=V)+,390,0.00190
SUB,(Q=K=V)+,391,0.00190
SUB,(Q=K=V)+,392,0.00189
SUB,(Q=K=V)+,393,0.00188
SUB,(Q=K=V)+,394,0.00188
SUB,(Q=K=V)+,395,0.00188
SUB,(Q=K=V)+,396,0.00187
SUB,(Q=K=V)+,397,0.00187
SUB,(Q=K=V)+,398,0.00186
SUB,(Q=K=V)+,399,0.00185
SUB,(Q=K=V)+,400,0.00185
SUB,(Q=K=V)+,401,0.00185
SUB,(Q=K=V)+,402,0.00184
SUB,(Q=K=V)+,403,0.00184
SUB,(Q=K=V)+,404,0.00184
SUB,(Q=K=V)+,405,0.00183
SUB,(Q=K=V)+,406,0.00183
SUB,(Q=K=V)+,407,0.00182
SUB,(Q=K=V)+,408,0.00182
SUB,(Q=K=V)+,409,0.00181
SUB,(Q=K=V)+,410,0.00181
SUB,(Q=K=V)+,411,0.00180
SUB,(Q=K=V)+,412,0.00180
SUB,(Q=K=V)+,413,0.00179
SUB,(Q=K=V)+,414,0.00179
SUB,(Q=K=V)+,415,0.00179
SUB,(Q=K=V)+,416,0.00178
SUB,(Q=K=V)+,417,0.00178
SUB,(Q=K=V)+,418,0.00177
SUB,(Q=K=V)+,419,0.00177
SUB,(Q=K=V)+,420,0.00177
SUB,(Q=K=V)+,421,0.00177
SUB,(Q=K=V)+,422,0.00176
SUB,(Q=K=V)+,423,0.00176
SUB,(Q=K=V)+,424,0.00175
SUB,(Q=K=V)+,425,0.00175
SUB,(Q=K=V)+,426,0.00174
SUB,(Q=K=V)+,427,0.00174
SUB,(Q=K=V)+,428,0.00174
SUB,(Q=K=V)+,429,0.00173
SUB,(Q=K=V)+,430,0.00173
SUB,(Q=K=V)+,431,0.00172
SUB,(Q=K=V)+,432,0.00172
SUB,(Q=K=V)+,433,0.00172
SUB,(Q=K=V)+,434,0.00171
SUB,(Q=K=V)+,435,0.00171
SUB,(Q=K=V)+,436,0.00171
SUB,(Q=K=V)+,437,0.00170
SUB,(Q=K=V)+,438,0.00170
SUB,(Q=K=V)+,439,0.00170
SUB,(Q=K=V)+,440,0.00169
SUB,(Q=K=V)+,441,0.00169
SUB,(Q=K=V)+,442,0.00169
SUB,(Q=K=V)+,443,0.00168
SUB,(Q=K=V)+,444,0.00168
SUB,(Q=K=V)+,445,0.00168
SUB,(Q=K=V)+,446,0.00167
SUB,(Q=K=V)+,447,0.00167
SUB,(Q=K=V)+,448,0.00167
SUB,(Q=K=V)+,449,0.00166
SUB,(Q=K=V)+,450,0.00166
SUB,(Q=K=V)+,451,0.00166
SUB,(Q=K=V)+,452,0.00165
SUB,(Q=K=V)+,453,0.00165
SUB,(Q=K=V)+,454,0.00165
SUB,(Q=K=V)+,455,0.00164
SUB,(Q=K=V)+,456,0.00164
SUB,(Q=K=V)+,457,0.00164
SUB,(Q=K=V)+,458,0.00164
SUB,(Q=K=V)+,459,0.00163
SUB,(Q=K=V)+,460,0.00163
SUB,(Q=K=V)+,461,0.00163
SUB,(Q=K=V)+,462,0.00162
SUB,(Q=K=V)+,463,0.00162
SUB,(Q=K=V)+,464,0.00162
SUB,(Q=K=V)+,465,0.00161
SUB,(Q=K=V)+,466,0.00161
SUB,(Q=K=V)+,467,0.00161
SUB,(Q=K=V)+,468,0.00161
SUB,(Q=K=V)+,469,0.00160
SUB,(Q=K=V)+,470,0.00160
SUB,(Q=K=V)+,471,0.00160
SUB,(Q=K=V)+,472,0.00159
SUB,(Q=K=V)+,473,0.00159
SUB,(Q=K=V)+,474,0.00159
SUB,(Q=K=V)+,475,0.00159
SUB,(Q=K=V)+,476,0.00158
SUB,(Q=K=V)+,477,0.00158
SUB,(Q=K=V)+,478,0.00158
SUB,(Q=K=V)+,479,0.00158
SUB,(Q=K=V)+,480,0.00157
SUB,(Q=K=V)+,481,0.00157
SUB,(Q=K=V)+,482,0.00157
SUB,(Q=K=V)+,483,0.00157
SUB,(Q=K=V)+,484,0.00156
SUB,(Q=K=V)+,485,0.00156
SUB,(Q=K=V)+,486,0.00156
SUB,(Q=K=V)+,487,0.00156
SUB,(Q=K=V)+,488,0.00156
SUB,(Q=K=V)+,489,0.00155
SUB,(Q=K=V)+,490,0.00155
SUB,(Q=K=V)+,491,0.00155
SUB,(Q=K=V)+,492,0.00155
SUB,(Q=K=V)+,493,0.00154
SUB,(Q=K=V)+,494,0.00154
SUB,(Q=K=V)+,495,0.00154
SUB,(Q=K=V)+,496,0.00154
SUB,(Q=K=V)+,497,0.00153
SUB,(Q=K=V)+,498,0.00153
SUB,(Q=K=V)+,499,0.00153
SUB,(Q=K=V)+,500,0.00153
SUB,(Q=K=V)+,501,0.00153
SUB,(Q=K=V)+,502,0.00152
SUB,(Q=K=V)+,503,0.00152
SUB,(Q=K=V)+,504,0.00152
SUB,(Q=K=V)+,505,0.00152
SUB,(Q=K=V)+,506,0.00151
SUB,(Q=K=V)+,507,0.00151
SUB,(Q=K=V)+,508,0.00151
SUB,(Q=K=V)+,509,0.00151
SUB,(Q=K=V)+,510,0.00150
SUB,(Q=K=V)+,511,0.00150
SUB,(Q=K=V)+,512,0.00150
SUB,(Q=K=V)+,513,0.00150
SUB,(Q=K=V)+,514,0.00150
SUB,(Q=K=V)+,515,0.00150
SUB,(Q=K=V)+,516,0.00150
SUB,(Q=K=V)+,517,0.00149
SUB,(Q=K=V)+,518,0.00149
SUB,(Q=K=V)+,519,0.00149
SUB,(Q=K=V)+,520,0.00149
SUB,(Q=K=V)+,521,0.00149
SUB,(Q=K=V)+,522,0.00148
SUB,(Q=K=V)+,523,0.00148
SUB,(Q=K=V)+,524,0.00148
SUB,(Q=K=V)+,525,0.00148
SUB,(Q=K=V)+,526,0.00148
SUB,(Q=K=V)+,527,0.00147
SUB,(Q=K=V)+,528,0.00147
SUB,(Q=K=V)+,529,0.00147
SUB,(Q=K=V)+,530,0.00147
SUB,(Q=K=V)+,531,0.00147
SUB,(Q=K=V)+,532,0.00147
SUB,(Q=K=V)+,533,0.00146
SUB,(Q=K=V)+,534,0.00146
SUB,(Q=K=V)+,535,0.00146
SUB,(Q=K=V)+,536,0.00146
SUB,(Q=K=V)+,537,0.00146
SUB,(Q=K=V)+,538,0.00145
SUB,(Q=K=V)+,539,0.00145
SUB,(Q=K=V)+,540,0.00145
SUB,(Q=K=V)+,541,0.00145
SUB,(Q=K=V)+,542,0.00145
SUB,(Q=K=V)+,543,0.00145
SUB,(Q=K=V)+,544,0.00145
SUB,(Q=K=V)+,545,0.00144
SUB,(Q=K=V)+,546,0.00144
SUB,(Q=K=V)+,547,0.00144
SUB,(Q=K=V)+,548,0.00144
SUB,(Q=K=V)+,549,0.00144
SUB,(Q=K=V)+,550,0.00144
SUB,(Q=K=V)+,551,0.00144
SUB,(Q=K=V)+,552,0.00144
SUB,(Q=K=V)+,553,0.00143
SUB,(Q=K=V)+,554,0.00143
SUB,(Q=K=V)+,555,0.00143
SUB,(Q=K=V)+,556,0.00143
SUB,(Q=K=V)+,557,0.00143
SUB,(Q=K=V)+,558,0.00143
SUB,(Q=K=V)+,559,0.00143
SUB,(Q=K=V)+,560,0.00142
SUB,(Q=K=V)+,561,0.00142
SUB,(Q=K=V)+,562,0.00142
SUB,(Q=K=V)+,563,0.00142
SUB,(Q=K=V)+,564,0.00142
SUB,(Q=K=V)+,565,0.00142
SUB,(Q=K=V)+,566,0.00141
SUB,(Q=K=V)+,567,0.00142
SUB,(Q=K=V)+,568,0.00141
SUB,(Q=K=V)+,569,0.00141
SUB,(Q=K=V)+,570,0.00141
SUB,(Q=K=V)+,571,0.00141
SUB,(Q=K=V)+,572,0.00141
SUB,(Q=K=V)+,573,0.00140
SUB,(Q=K=V)+,574,0.00141
SUB,(Q=K=V)+,575,0.00141
SUB,(Q=K=V)+,576,0.00140
SUB,(Q=K=V)+,577,0.00140
SUB,(Q=K=V)+,578,0.00140
SUB,(Q=K=V)+,579,0.00140
SUB,(Q=K=V)+,580,0.00140
SUB,(Q=K=V)+,581,0.00140
SUB,(Q=K=V)+,582,0.00140
SUB,(Q=K=V)+,583,0.00140
SUB,(Q=K=V)+,584,0.00139
SUB,(Q=K=V)+,585,0.00139
SUB,(Q=K=V)+,586,0.00139
SUB,(Q=K=V)+,587,0.00139
SUB,(Q=K=V)+,588,0.00139
SUB,(Q=K=V)+,589,0.00139
SUB,(Q=K=V)+,590,0.00139
SUB,(Q=K=V)+,591,0.00139
SUB,(Q=K=V)+,592,0.00139
SUB,(Q=K=V)+,593,0.00138
SUB,(Q=K=V)+,594,0.00138
SUB,(Q=K=V)+,595,0.00138
SUB,(Q=K=V)+,596,0.00138
SUB,(Q=K=V)+,597,0.00138
SUB,(Q=K=V)+,598,0.00138
SUB,(Q=K=V)+,599,0.00138
SUB,(Q=K=V)+,600,0.00138
SUB,(Q=K=V)+,601,0.00138
SUB,(Q=K=V)+,602,0.00138
SUB,(Q=K=V)+,603,0.00138
SUB,(Q=K=V)+,604,0.00138
SUB,(Q=K=V)+,605,0.00137
SUB,(Q=K=V)+,606,0.00137
SUB,(Q=K=V)+,607,0.00137
SUB,(Q=K=V)+,608,0.00137
SUB,(Q=K=V)+,609,0.00137
SUB,(Q=K=V)+,610,0.00137
SUB,(Q=K=V)+,611,0.00137
SUB,(Q=K=V)+,612,0.00137
SUB,(Q=K=V)+,613,0.00137
SUB,(Q=K=V)+,614,0.00137
SUB,(Q=K=V)+,615,0.00137
SUB,(Q=K=V)+,616,0.00136
SUB,(Q=K=V)+,617,0.00136
SUB,(Q=K=V)+,618,0.00136
SUB,(Q=K=V)+,619,0.00136
SUB,(Q=K=V)+,620,0.00136
SUB,(Q=K=V)+,621,0.00136
SUB,(Q=K=V)+,622,0.00136
SUB,(Q=K=V)+,623,0.00136
SUB,(Q=K=V)+,624,0.00136
SUB,(Q=K=V)+,625,0.00136
SUB,(Q=K=V)+,626,0.00136
SUB,(Q=K=V)+,627,0.00135
SUB,(Q=K=V)+,628,0.00136
SUB,(Q=K=V)+,629,0.00136
SUB,(Q=K=V)+,630,0.00136
SUB,(Q=K=V)+,631,0.00136
SUB,(Q=K=V)+,632,0.00135
SUB,(Q=K=V)+,633,0.00135
SUB,(Q=K=V)+,634,0.00135
SUB,(Q=K=V)+,635,0.00135
SUB,(Q=K=V)+,636,0.00135
SUB,(Q=K=V)+,637,0.00135
SUB,(Q=K=V)+,638,0.00135
SUB,(Q=K=V)+,639,0.00135
SUB,(Q=K=V)+,640,0.00135
SUB,(Q=K=V)+,641,0.00135
SUB,(Q=K=V)+,642,0.00135
SUB,(Q=K=V)+,643,0.00135
SUB,(Q=K=V)+,644,0.00135
SUB,(Q=K=V)+,645,0.00135
SUB,(Q=K=V)+,646,0.00135
SUB,(Q=K=V)+,647,0.00134
SUB,(Q=K=V)+,648,0.00134
SUB,(Q=K=V)+,649,0.00134
SUB,(Q=K=V)+,650,0.00134
SUB,(Q=K=V)+,651,0.00134
SUB,(Q=K=V)+,652,0.00134
SUB,(Q=K=V)+,653,0.00134
SUB,(Q=K=V)+,654,0.00134
SUB,(Q=K=V)+,655,0.00134
SUB,(Q=K=V)+,656,0.00134
SUB,(Q=K=V)+,657,0.00134
SUB,(Q=K=V)+,658,0.00134
SUB,(Q=K=V)+,659,0.00134
SUB,(Q=K=V)+,660,0.00134
SUB,(Q=K=V)+,661,0.00134
SUB,(Q=K=V)+,662,0.00134
SUB,(Q=K=V)+,663,0.00134
SUB,(Q=K=V)+,664,0.00134
SUB,(Q=K=V)+,665,0.00133
SUB,(Q=K=V)+,666,0.00133
SUB,(Q=K=V)+,667,0.00133
SUB,(Q=K=V)+,668,0.00133
SUB,(Q=K=V)+,669,0.00133
SUB,(Q=K=V)+,670,0.00133
SUB,(Q=K=V)+,671,0.00133
SUB,(Q=K=V)+,672,0.00133
SUB,(Q=K=V)+,673,0.00133
SUB,(Q=K=V)+,674,0.00133
SUB,(Q=K=V)+,675,0.00133
SUB,(Q=K=V)+,676,0.00133
SUB,(Q=K=V)+,677,0.00133
SUB,(Q=K=V)+,678,0.00133
SUB,(Q=K=V)+,679,0.00133
SUB,(Q=K=V)+,680,0.00133
SUB,(Q=K=V)+,681,0.00133
SUB,(Q=K=V)+,682,0.00133
SUB,(Q=K=V)+,683,0.00133
SUB,(Q=K=V)+,684,0.00133
SUB,(Q=K=V)+,685,0.00133
SUB,(Q=K=V)+,686,0.00133
SUB,(Q=K=V)+,687,0.00133
SUB,(Q=K=V)+,688,0.00133
SUB,(Q=K=V)+,689,0.00133
SUB,(Q=K=V)+,690,0.00133
SUB,(Q=K=V)+,691,0.00133
SUB,(Q=K=V)+,692,0.00133
SUB,(Q=K=V)+,693,0.00133
SUB,(Q=K=V)+,694,0.00132
SUB,(Q=K=V)+,695,0.00133
SUB,(Q=K=V)+,696,0.00132
SUB,(Q=K=V)+,697,0.00133
SUB,(Q=K=V)+,698,0.00132
SUB,(Q=K=V)+,699,0.00133
SUB,(Q=K=V)+,700,0.00133
SUB,(Q=K=V)+,701,0.00132
SUB,(Q=K=V)+,702,0.00132
SUB,(Q=K=V)+,703,0.00132
SUB,(Q=K=V)+,704,0.00132
SUB,(Q=K=V)+,705,0.00132
SUB,(Q=K=V)+,706,0.00132
SUB,(Q=K=V)+,707,0.00132
SUB,(Q=K=V)+,708,0.00132
SUB,(Q=K=V)+,709,0.00132
SUB,(Q=K=V)+,710,0.00132
SUB,(Q=K=V)+,711,0.00132
SUB,(Q=K=V)+,712,0.00132
SUB,(Q=K=V)+,713,0.00132
SUB,(Q=K=V)+,714,0.00132
SUB,(Q=K=V)+,715,0.00132
SUB,(Q=K=V)+,716,0.00132
SUB,(Q=K=V)+,717,0.00132
SUB,(Q=K=V)+,718,0.00132
SUB,(Q=K=V)+,719,0.00132
SUB,(Q=K=V)+,720,0.00132
SUB,(Q=K=V)+,721,0.00132
SUB,(Q=K=V)+,722,0.00132
SUB,(Q=K=V)+,723,0.00132
SUB,(Q=K=V)+,724,0.00132
SUB,(Q=K=V)+,725,0.00132
SUB,(Q=K=V)+,726,0.00132
SUB,(Q=K=V)+,727,0.00132
SUB,(Q=K=V)+,728,0.00132
SUB,(Q=K=V)+,729,0.00132
SUB,(Q=K=V)+,730,0.00132
SUB,(Q=K=V)+,731,0.00132
SUB,(Q=K=V)+,732,0.00132
SUB,(Q=K=V)+,733,0.00132
SUB,(Q=K=V)+,734,0.00132
SUB,(Q=K=V)+,735,0.00132
SUB,(Q=K=V)+,736,0.00132
SUB,(Q=K=V)+,737,0.00132
SUB,(Q=K=V)+,738,0.00132
SUB,(Q=K=V)+,739,0.00132
SUB,(Q=K=V)+,740,0.00132
SUB,(Q=K=V)+,741,0.00132
SUB,(Q=K=V)+,742,0.00132
SUB,(Q=K=V)+,743,0.00132
SUB,(Q=K=V)+,744,0.00132
SUB,(Q=K=V)+,745,0.00132
SUB,(Q=K=V)+,746,0.00132
SUB,(Q=K=V)+,747,0.00132
SUB,(Q=K=V)+,748,0.00132
SUB,(Q=K=V)+,749,0.00132
SUB,(Q=K=V)+,750,0.00132
SUB,(Q=K=V)+,751,0.00132
SUB,(Q=K=V)+,752,0.00132
SUB,(Q=K=V)+,753,0.00132
SUB,(Q=K=V)+,754,0.00132
SUB,(Q=K=V)+,755,0.00132
SUB,(Q=K=V)+,756,0.00132
SUB,(Q=K=V)+,757,0.00132
SUB,(Q=K=V)+,758,0.00132
SUB,(Q=K=V)+,759,0.00132
SUB,(Q=K=V)+,760,0.00132
SUB,(Q=K=V)+,761,0.00132
SUB,(Q=K=V)+,762,0.00132
SUB,(Q=K=V)+,763,0.00132
SUB,(Q=K=V)+,764,0.00132
SUB,(Q=K=V)+,765,0.00132
SUB,(Q=K=V)+,766,0.00132
SUB,(Q=K=V)+,767,0.00132
SUB,(Q=K=V)+,768,0.00132
SUB,(Q=K=V)+,769,0.00132
SUB,(Q=K=V)+,770,0.00132
SUB,(Q=K=V)+,771,0.00132
SUB,(Q=K=V)+,772,0.00132
SUB,(Q=K=V)+,773,0.00132
SUB,(Q=K=V)+,774,0.00132
SUB,(Q=K=V)+,775,0.00132
SUB,(Q=K=V)+,776,0.00132
SUB,(Q=K=V)+,777,0.00132
SUB,(Q=K=V)+,778,0.00132
SUB,(Q=K=V)+,779,0.00132
SUB,(Q=K=V)+,780,0.00132
SUB,(Q=K=V)+,781,0.00132
SUB,(Q=K=V)+,782,0.00132
SUB,(Q=K=V)+,783,0.00132
SUB,(Q=K=V)+,784,0.00132
SUB,(Q=K=V)+,785,0.00132
SUB,(Q=K=V)+,786,0.00132
SUB,(Q=K=V)+,787,0.00132
SUB,(Q=K=V)+,788,0.00132
SUB,(Q=K=V)+,789,0.00131
SWAP,QKV,0,2.43468
SWAP,QKV,1,2.43107
SWAP,QKV,2,2.43775
SWAP,QKV,3,2.42570
SWAP,QKV,4,2.42887
SWAP,QKV,5,2.42597
SWAP,QKV,6,2.42123
SWAP,QKV,7,2.41531
SWAP,QKV,8,2.41470
SWAP,QKV,9,2.40769
SWAP,QKV,10,2.40311
SWAP,QKV,11,2.39244
SWAP,QKV,12,2.38752
SWAP,QKV,13,2.37897
SWAP,QKV,14,2.37181
SWAP,QKV,15,2.37264
SWAP,QKV,16,2.36894
SWAP,QKV,17,2.36158
SWAP,QKV,18,2.36160
SWAP,QKV,19,2.35242
SWAP,QKV,20,2.34684
SWAP,QKV,21,2.33753
SWAP,QKV,22,2.33751
SWAP,QKV,23,2.33266
SWAP,QKV,24,2.33117
SWAP,QKV,25,2.32481
SWAP,QKV,26,2.32458
SWAP,QKV,27,2.31989
SWAP,QKV,28,2.32084
SWAP,QKV,29,2.31909
SWAP,QKV,30,2.31640
SWAP,QKV,31,2.31541
SWAP,QKV,32,2.31462
SWAP,QKV,33,2.31232
SWAP,QKV,34,2.31142
SWAP,QKV,35,2.31072
SWAP,QKV,36,2.30992
SWAP,QKV,37,2.30805
SWAP,QKV,38,2.30731
SWAP,QKV,39,2.30841
SWAP,QKV,40,2.30721
SWAP,QKV,41,2.30703
SWAP,QKV,42,2.30764
SWAP,QKV,43,2.30644
SWAP,QKV,44,2.30593
SWAP,QKV,45,2.30458
SWAP,QKV,46,2.30634
SWAP,QKV,47,2.30603
SWAP,QKV,48,2.30490
SWAP,QKV,49,2.30528
SWAP,QKV,50,2.30442
SWAP,QKV,51,2.30456
SWAP,QKV,52,2.30420
SWAP,QKV,53,2.30352
SWAP,QKV,54,2.30402
SWAP,QKV,55,2.30364
SWAP,QKV,56,2.30417
SWAP,QKV,57,2.30383
SWAP,QKV,58,2.30395
SWAP,QKV,59,2.30378
SWAP,QKV,60,2.30379
SWAP,QKV,61,2.30374
SWAP,QKV,62,2.30315
SWAP,QKV,63,2.30311
SWAP,QKV,64,2.30343
SWAP,QKV,65,2.30204
SWAP,QKV,66,2.30337
SWAP,QKV,67,2.30254
SWAP,QKV,68,2.30266
SWAP,QKV,69,2.30242
SWAP,QKV,70,2.30228
SWAP,QKV,71,2.30331
SWAP,QKV,72,2.30195
SWAP,QKV,73,2.30225
SWAP,QKV,74,2.30260
SWAP,QKV,75,2.30197
SWAP,QKV,76,2.30278
SWAP,QKV,77,2.30331
SWAP,QKV,78,2.30139
SWAP,QKV,79,2.30133
SWAP,QKV,80,2.30184
SWAP,QKV,81,2.30195
SWAP,QKV,82,2.30246
SWAP,QKV,83,2.30211
SWAP,QKV,84,2.30143
SWAP,QKV,85,2.30050
SWAP,QKV,86,2.30080
SWAP,QKV,87,2.30089
SWAP,QKV,88,2.30159
SWAP,QKV,89,2.30101
SWAP,QKV,90,2.30037
SWAP,QKV,91,2.30084
SWAP,QKV,92,2.29956
SWAP,QKV,93,2.30038
SWAP,QKV,94,2.29999
SWAP,QKV,95,2.29999
SWAP,QKV,96,2.29979
SWAP,QKV,97,2.29944
SWAP,QKV,98,2.29893
SWAP,QKV,99,2.29853
SWAP,QKV,100,2.29858
SWAP,QKV,101,2.29734
SWAP,QKV,102,2.29748
SWAP,QKV,103,2.29672
SWAP,QKV,104,2.29696
SWAP,QKV,105,2.29575
SWAP,QKV,106,2.29530
SWAP,QKV,107,2.29392
SWAP,QKV,108,2.29265
SWAP,QKV,109,2.29086
SWAP,QKV,110,2.29028
SWAP,QKV,111,2.28734
SWAP,QKV,112,2.28570
SWAP,QKV,113,2.28445
SWAP,QKV,114,2.28043
SWAP,QKV,115,2.27725
SWAP,QKV,116,2.27160
SWAP,QKV,117,2.26765
SWAP,QKV,118,2.26245
SWAP,QKV,119,2.25465
SWAP,QKV,120,2.24661
SWAP,QKV,121,2.23924
SWAP,QKV,122,2.22755
SWAP,QKV,123,2.21623
SWAP,QKV,124,2.19932
SWAP,QKV,125,2.18545
SWAP,QKV,126,2.16947
SWAP,QKV,127,2.15083
SWAP,QKV,128,2.13142
SWAP,QKV,129,2.10470
SWAP,QKV,130,2.08618
SWAP,QKV,131,2.05947
SWAP,QKV,132,2.02832
SWAP,QKV,133,2.00081
SWAP,QKV,134,1.96606
SWAP,QKV,135,1.92913
SWAP,QKV,136,1.89652
SWAP,QKV,137,1.85979
SWAP,QKV,138,1.81408
SWAP,QKV,139,1.77580
SWAP,QKV,140,1.73214
SWAP,QKV,141,1.69445
SWAP,QKV,142,1.65296
SWAP,QKV,143,1.60893
SWAP,QKV,144,1.56203
SWAP,QKV,145,1.51872
SWAP,QKV,146,1.47292
SWAP,QKV,147,1.43025
SWAP,QKV,148,1.38885
SWAP,QKV,149,1.34191
SWAP,QKV,150,1.30310
SWAP,QKV,151,1.26004
SWAP,QKV,152,1.22023
SWAP,QKV,153,1.17856
SWAP,QKV,154,1.13891
SWAP,QKV,155,1.10269
SWAP,QKV,156,1.06205
SWAP,QKV,157,1.01652
SWAP,QKV,158,0.98397
SWAP,QKV,159,0.94659
SWAP,QKV,160,0.91805
SWAP,QKV,161,0.88313
SWAP,QKV,162,0.84262
SWAP,QKV,163,0.80823
SWAP,QKV,164,0.77219
SWAP,QKV,165,0.73822
SWAP,QKV,166,0.70160
SWAP,QKV,167,0.66793
SWAP,QKV,168,0.63976
SWAP,QKV,169,0.60396
SWAP,QKV,170,0.57017
SWAP,QKV,171,0.54131
SWAP,QKV,172,0.51012
SWAP,QKV,173,0.47782
SWAP,QKV,174,0.45004
SWAP,QKV,175,0.42097
SWAP,QKV,176,0.39224
SWAP,QKV,177,0.36677
SWAP,QKV,178,0.33854
SWAP,QKV,179,0.31331
SWAP,QKV,180,0.28685
SWAP,QKV,181,0.26318
SWAP,QKV,182,0.24324
SWAP,QKV,183,0.21929
SWAP,QKV,184,0.20013
SWAP,QKV,185,0.18307
SWAP,QKV,186,0.16597
SWAP,QKV,187,0.15046
SWAP,QKV,188,0.13950
SWAP,QKV,189,0.12482
SWAP,QKV,190,0.11611
SWAP,QKV,191,0.10577
SWAP,QKV,192,0.09433
SWAP,QKV,193,0.08574
SWAP,QKV,194,0.07760
SWAP,QKV,195,0.07036
SWAP,QKV,196,0.06200
SWAP,QKV,197,0.05821
SWAP,QKV,198,0.05096
SWAP,QKV,199,0.04340
SWAP,QKV,200,0.03898
SWAP,QKV,201,0.03414
SWAP,QKV,202,0.03063
SWAP,QKV,203,0.02775
SWAP,QKV,204,0.02533
SWAP,QKV,205,0.02368
SWAP,QKV,206,0.02234
SWAP,QKV,207,0.02069
SWAP,QKV,208,0.01914
SWAP,QKV,209,0.01829
SWAP,QKV,210,0.01754
SWAP,QKV,211,0.01630
SWAP,QKV,212,0.01560
SWAP,QKV,213,0.01465
SWAP,QKV,214,0.01413
SWAP,QKV,215,0.01330
SWAP,QKV,216,0.01294
SWAP,QKV,217,0.01242
SWAP,QKV,218,0.01205
SWAP,QKV,219,0.01157
SWAP,QKV,220,0.01123
SWAP,QKV,221,0.01094
SWAP,QKV,222,0.01075
SWAP,QKV,223,0.01035
SWAP,QKV,224,0.01011
SWAP,QKV,225,0.00994
SWAP,QKV,226,0.00968
SWAP,QKV,227,0.00932
SWAP,QKV,228,0.00918
SWAP,QKV,229,0.00891
SWAP,QKV,230,0.00875
SWAP,QKV,231,0.00852
SWAP,QKV,232,0.00849
SWAP,QKV,233,0.00832
SWAP,QKV,234,0.00821
SWAP,QKV,235,0.00784
SWAP,QKV,236,0.00783
SWAP,QKV,237,0.00765
SWAP,QKV,238,0.00757
SWAP,QKV,239,0.00737
SWAP,QKV,240,0.00725
SWAP,QKV,241,0.00715
SWAP,QKV,242,0.00714
SWAP,QKV,243,0.00692
SWAP,QKV,244,0.00685
SWAP,QKV,245,0.00678
SWAP,QKV,246,0.00663
SWAP,QKV,247,0.00665
SWAP,QKV,248,0.00662
SWAP,QKV,249,0.00641
SWAP,QKV,250,0.00643
SWAP,QKV,251,0.00627
SWAP,QKV,252,0.00619
SWAP,QKV,253,0.00607
SWAP,QKV,254,0.00609
SWAP,QKV,255,0.00607
SWAP,QKV,256,0.00596
SWAP,QKV,257,0.00589
SWAP,QKV,258,0.00576
SWAP,QKV,259,0.00573
SWAP,QKV,260,0.00567
SWAP,QKV,261,0.00563
SWAP,QKV,262,0.00554
SWAP,QKV,263,0.00549
SWAP,QKV,264,0.00552
SWAP,QKV,265,0.00539
SWAP,QKV,266,0.00539
SWAP,QKV,267,0.00530
SWAP,QKV,268,0.00525
SWAP,QKV,269,0.00519
SWAP,QKV,270,0.00517
SWAP,QKV,271,0.00517
SWAP,QKV,272,0.00509
SWAP,QKV,273,0.00509
SWAP,QKV,274,0.00497
SWAP,QKV,275,0.00493
SWAP,QKV,276,0.00491
SWAP,QKV,277,0.00488
SWAP,QKV,278,0.00484
SWAP,QKV,279,0.00478
SWAP,QKV,280,0.00472
SWAP,QKV,281,0.00470
SWAP,QKV,282,0.00466
SWAP,QKV,283,0.00462
SWAP,QKV,284,0.00457
SWAP,QKV,285,0.00455
SWAP,QKV,286,0.00450
SWAP,QKV,287,0.00449
SWAP,QKV,288,0.00447
SWAP,QKV,289,0.00446
SWAP,QKV,290,0.00439
SWAP,QKV,291,0.00433
SWAP,QKV,292,0.00432
SWAP,QKV,293,0.00424
SWAP,QKV,294,0.00423
SWAP,QKV,295,0.00422
SWAP,QKV,296,0.00421
SWAP,QKV,297,0.00418
SWAP,QKV,298,0.00413
SWAP,QKV,299,0.00409
SWAP,QKV,300,0.00409
SWAP,QKV,301,0.00406
SWAP,QKV,302,0.00402
SWAP,QKV,303,0.00400
SWAP,QKV,304,0.00399
SWAP,QKV,305,0.00393
SWAP,QKV,306,0.00391
SWAP,QKV,307,0.00389
SWAP,QKV,308,0.00385
SWAP,QKV,309,0.00386
SWAP,QKV,310,0.00381
SWAP,QKV,311,0.00378
SWAP,QKV,312,0.00374
SWAP,QKV,313,0.00376
SWAP,QKV,314,0.00372
SWAP,QKV,315,0.00375
SWAP,QKV,316,0.00364
SWAP,QKV,317,0.00364
SWAP,QKV,318,0.00363
SWAP,QKV,319,0.00361
SWAP,QKV,320,0.00356
SWAP,QKV,321,0.00355
SWAP,QKV,322,0.00354
SWAP,QKV,323,0.00351
SWAP,QKV,324,0.00352
SWAP,QKV,325,0.00346
SWAP,QKV,326,0.00343
SWAP,QKV,327,0.00345
SWAP,QKV,328,0.00343
SWAP,QKV,329,0.00343
SWAP,QKV,330,0.00336
SWAP,QKV,331,0.00335
SWAP,QKV,332,0.00333
SWAP,QKV,333,0.00332
SWAP,QKV,334,0.00331
SWAP,QKV,335,0.00334
SWAP,QKV,336,0.00326
SWAP,QKV,337,0.00323
SWAP,QKV,338,0.00323
SWAP,QKV,339,0.00319
SWAP,QKV,340,0.00320
SWAP,QKV,341,0.00317
SWAP,QKV,342,0.00316
SWAP,QKV,343,0.00315
SWAP,QKV,344,0.00315
SWAP,QKV,345,0.00316
SWAP,QKV,346,0.00309
SWAP,QKV,347,0.00310
SWAP,QKV,348,0.00306
SWAP,QKV,349,0.00310
SWAP,QKV,350,0.00306
SWAP,QKV,351,0.00302
SWAP,QKV,352,0.00301
SWAP,QKV,353,0.00300
SWAP,QKV,354,0.00298
SWAP,QKV,355,0.00296
SWAP,QKV,356,0.00296
SWAP,QKV,357,0.00294
SWAP,QKV,358,0.00292
SWAP,QKV,359,0.00293
SWAP,QKV,360,0.00291
SWAP,QKV,361,0.00290
SWAP,QKV,362,0.00287
SWAP,QKV,363,0.00287
SWAP,QKV,364,0.00288
SWAP,QKV,365,0.00284
SWAP,QKV,366,0.00282
SWAP,QKV,367,0.00280
SWAP,QKV,368,0.00281
SWAP,QKV,369,0.00280
SWAP,QKV,370,0.00281
SWAP,QKV,371,0.00274
SWAP,QKV,372,0.00275
SWAP,QKV,373,0.00273
SWAP,QKV,374,0.00273
SWAP,QKV,375,0.00270
SWAP,QKV,376,0.00271
SWAP,QKV,377,0.00269
SWAP,QKV,378,0.00269
SWAP,QKV,379,0.00267
SWAP,QKV,380,0.00266
SWAP,QKV,381,0.00267
SWAP,QKV,382,0.00263
SWAP,QKV,383,0.00262
SWAP,QKV,384,0.00262
SWAP,QKV,385,0.00260
SWAP,QKV,386,0.00260
SWAP,QKV,387,0.00258
SWAP,QKV,388,0.00258
SWAP,QKV,389,0.00257
SWAP,QKV,390,0.00256
SWAP,QKV,391,0.00256
SWAP,QKV,392,0.00255
SWAP,QKV,393,0.00256
SWAP,QKV,394,0.00252
SWAP,QKV,395,0.00251
SWAP,QKV,396,0.00249
SWAP,QKV,397,0.00251
SWAP,QKV,398,0.00252
SWAP,QKV,399,0.00247
SWAP,QKV,400,0.00248
SWAP,QKV,401,0.00244
SWAP,QKV,402,0.00242
SWAP,QKV,403,0.00243
SWAP,QKV,404,0.00242
SWAP,QKV,405,0.00240
SWAP,QKV,406,0.00238
SWAP,QKV,407,0.00241
SWAP,QKV,408,0.00240
SWAP,QKV,409,0.00238
SWAP,QKV,410,0.00239
SWAP,QKV,411,0.00240
SWAP,QKV,412,0.00236
SWAP,QKV,413,0.00237
SWAP,QKV,414,0.00236
SWAP,QKV,415,0.00232
SWAP,QKV,416,0.00233
SWAP,QKV,417,0.00230
SWAP,QKV,418,0.00233
SWAP,QKV,419,0.00231
SWAP,QKV,420,0.00231
SWAP,QKV,421,0.00229
SWAP,QKV,422,0.00229
SWAP,QKV,423,0.00229
SWAP,QKV,424,0.00230
SWAP,QKV,425,0.00226
SWAP,QKV,426,0.00226
SWAP,QKV,427,0.00226
SWAP,QKV,428,0.00226
SWAP,QKV,429,0.00224
SWAP,QKV,430,0.00221
SWAP,QKV,431,0.00223
SWAP,QKV,432,0.00221
SWAP,QKV,433,0.00221
SWAP,QKV,434,0.00222
SWAP,QKV,435,0.00220
SWAP,QKV,436,0.00220
SWAP,QKV,437,0.00218
SWAP,QKV,438,0.00219
SWAP,QKV,439,0.00217
SWAP,QKV,440,0.00217
SWAP,QKV,441,0.00217
SWAP,QKV,442,0.00216
SWAP,QKV,443,0.00217
SWAP,QKV,444,0.00215
SWAP,QKV,445,0.00211
SWAP,QKV,446,0.00212
SWAP,QKV,447,0.00214
SWAP,QKV,448,0.00213
SWAP,QKV,449,0.00211
SWAP,QKV,450,0.00209
SWAP,QKV,451,0.00212
SWAP,QKV,452,0.00209
SWAP,QKV,453,0.00207
SWAP,QKV,454,0.00207
SWAP,QKV,455,0.00209
SWAP,QKV,456,0.00207
SWAP,QKV,457,0.00206
SWAP,QKV,458,0.00207
SWAP,QKV,459,0.00207
SWAP,QKV,460,0.00205
SWAP,QKV,461,0.00204
SWAP,QKV,462,0.00207
SWAP,QKV,463,0.00203
SWAP,QKV,464,0.00202
SWAP,QKV,465,0.00201
SWAP,QKV,466,0.00201
SWAP,QKV,467,0.00201
SWAP,QKV,468,0.00202
SWAP,QKV,469,0.00202
SWAP,QKV,470,0.00201
SWAP,QKV,471,0.00199
SWAP,QKV,472,0.00200
SWAP,QKV,473,0.00201
SWAP,QKV,474,0.00199
SWAP,QKV,475,0.00196
SWAP,QKV,476,0.00197
SWAP,QKV,477,0.00197
SWAP,QKV,478,0.00196
SWAP,QKV,479,0.00197
SWAP,QKV,480,0.00195
SWAP,QKV,481,0.00196
SWAP,QKV,482,0.00193
SWAP,QKV,483,0.00193
SWAP,QKV,484,0.00192
SWAP,QKV,485,0.00193
SWAP,QKV,486,0.00195
SWAP,QKV,487,0.00192
SWAP,QKV,488,0.00194
SWAP,QKV,489,0.00193
SWAP,QKV,490,0.00191
SWAP,QKV,491,0.00191
SWAP,QKV,492,0.00190
SWAP,QKV,493,0.00191
SWAP,QKV,494,0.00189
SWAP,QKV,495,0.00189
SWAP,QKV,496,0.00190
SWAP,QKV,497,0.00188
SWAP,QKV,498,0.00190
SWAP,QKV,499,0.00188
SWAP,QKV,500,0.00187
SWAP,QKV,501,0.00187
SWAP,QKV,502,0.00187
SWAP,QKV,503,0.00186
SWAP,QKV,504,0.00186
SWAP,QKV,505,0.00186
SWAP,QKV,506,0.00186
SWAP,QKV,507,0.00185
SWAP,QKV,508,0.00186
SWAP,QKV,509,0.00185
SWAP,QKV,510,0.00185
SWAP,QKV,511,0.00185
SWAP,QKV,512,0.00184
SWAP,QKV,513,0.00182
SWAP,QKV,514,0.00182
SWAP,QKV,515,0.00183
SWAP,QKV,516,0.00182
SWAP,QKV,517,0.00183
SWAP,QKV,518,0.00182
SWAP,QKV,519,0.00182
SWAP,QKV,520,0.00182
SWAP,QKV,521,0.00179
SWAP,QKV,522,0.00179
SWAP,QKV,523,0.00180
SWAP,QKV,524,0.00179
SWAP,QKV,525,0.00180
SWAP,QKV,526,0.00180
SWAP,QKV,527,0.00178
SWAP,QKV,528,0.00179
SWAP,QKV,529,0.00179
SWAP,QKV,530,0.00178
SWAP,QKV,531,0.00178
SWAP,QKV,532,0.00179
SWAP,QKV,533,0.00177
SWAP,QKV,534,0.00177
SWAP,QKV,535,0.00177
SWAP,QKV,536,0.00176
SWAP,QKV,537,0.00177
SWAP,QKV,538,0.00179
SWAP,QKV,539,0.00175
SWAP,QKV,540,0.00177
SWAP,QKV,541,0.00176
SWAP,QKV,542,0.00174
SWAP,QKV,543,0.00175
SWAP,QKV,544,0.00175
SWAP,QKV,545,0.00173
SWAP,QKV,546,0.00175
SWAP,QKV,547,0.00174
SWAP,QKV,548,0.00173
SWAP,QKV,549,0.00174
SWAP,QKV,550,0.00172
SWAP,QKV,551,0.00173
SWAP,QKV,552,0.00173
SWAP,QKV,553,0.00173
SWAP,QKV,554,0.00172
SWAP,QKV,555,0.00172
SWAP,QKV,556,0.00170
SWAP,QKV,557,0.00171
SWAP,QKV,558,0.00170
SWAP,QKV,559,0.00170
SWAP,QKV,560,0.00170
SWAP,QKV,561,0.00170
SWAP,QKV,562,0.00170
SWAP,QKV,563,0.00170
SWAP,QKV,564,0.00169
SWAP,QKV,565,0.00170
SWAP,QKV,566,0.00169
SWAP,QKV,567,0.00170
SWAP,QKV,568,0.00170
SWAP,QKV,569,0.00169
SWAP,QKV,570,0.00169
SWAP,QKV,571,0.00170
SWAP,QKV,572,0.00167
SWAP,QKV,573,0.00168
SWAP,QKV,574,0.00167
SWAP,QKV,575,0.00168
SWAP,QKV,576,0.00168
SWAP,QKV,577,0.00166
SWAP,QKV,578,0.00167
SWAP,QKV,579,0.00166
SWAP,QKV,580,0.00166
SWAP,QKV,581,0.00166
SWAP,QKV,582,0.00167
SWAP,QKV,583,0.00166
SWAP,QKV,584,0.00165
SWAP,QKV,585,0.00165
SWAP,QKV,586,0.00166
SWAP,QKV,587,0.00165
SWAP,QKV,588,0.00166
SWAP,QKV,589,0.00166
SWAP,QKV,590,0.00165
SWAP,QKV,591,0.00164
SWAP,QKV,592,0.00163
SWAP,QKV,593,0.00165
SWAP,QKV,594,0.00163
SWAP,QKV,595,0.00164
SWAP,QKV,596,0.00164
SWAP,QKV,597,0.00164
SWAP,QKV,598,0.00164
SWAP,QKV,599,0.00163
SWAP,QKV,600,0.00162
SWAP,QKV,601,0.00164
SWAP,QKV,602,0.00163
SWAP,QKV,603,0.00162
SWAP,QKV,604,0.00164
SWAP,QKV,605,0.00163
SWAP,QKV,606,0.00163
SWAP,QKV,607,0.00164
SWAP,QKV,608,0.00162
SWAP,QKV,609,0.00163
SWAP,QKV,610,0.00161
SWAP,QKV,611,0.00163
SWAP,QKV,612,0.00160
SWAP,QKV,613,0.00162
SWAP,QKV,614,0.00159
SWAP,QKV,615,0.00162
SWAP,QKV,616,0.00160
SWAP,QKV,617,0.00160
SWAP,QKV,618,0.00162
SWAP,QKV,619,0.00161
SWAP,QKV,620,0.00161
SWAP,QKV,621,0.00160
SWAP,QKV,622,0.00159
SWAP,QKV,623,0.00161
SWAP,QKV,624,0.00162
SWAP,QKV,625,0.00161
SWAP,QKV,626,0.00160
SWAP,QKV,627,0.00161
SWAP,QKV,628,0.00162
SWAP,QKV,629,0.00160
SWAP,QKV,630,0.00162
SWAP,QKV,631,0.00165
SWAP,QKV,632,0.00159
SWAP,QKV,633,0.00160
SWAP,QKV,634,0.00158
SWAP,QKV,635,0.00158
SWAP,QKV,636,0.00158
SWAP,QKV,637,0.00161
SWAP,QKV,638,0.00160
SWAP,QKV,639,0.00159
SWAP,QKV,640,0.00157
SWAP,QKV,641,0.00159
SWAP,QKV,642,0.00159
SWAP,QKV,643,0.00159
SWAP,QKV,644,0.00158
SWAP,QKV,645,0.00158
SWAP,QKV,646,0.00159
SWAP,QKV,647,0.00158
SWAP,QKV,648,0.00159
SWAP,QKV,649,0.00158
SWAP,QKV,650,0.00158
SWAP,QKV,651,0.00158
SWAP,QKV,652,0.00157
SWAP,QKV,653,0.00159
SWAP,QKV,654,0.00157
SWAP,QKV,655,0.00159
SWAP,QKV,656,0.00157
SWAP,QKV,657,0.00156
SWAP,QKV,658,0.00157
SWAP,QKV,659,0.00155
SWAP,QKV,660,0.00157
SWAP,QKV,661,0.00158
SWAP,QKV,662,0.00157
SWAP,QKV,663,0.00157
SWAP,QKV,664,0.00157
SWAP,QKV,665,0.00156
SWAP,QKV,666,0.00157
SWAP,QKV,667,0.00157
SWAP,QKV,668,0.00157
SWAP,QKV,669,0.00156
SWAP,QKV,670,0.00157
SWAP,QKV,671,0.00157
SWAP,QKV,672,0.00155
SWAP,QKV,673,0.00156
SWAP,QKV,674,0.00157
SWAP,QKV,675,0.00156
SWAP,QKV,676,0.00158
SWAP,QKV,677,0.00157
SWAP,QKV,678,0.00156
SWAP,QKV,679,0.00156
SWAP,QKV,680,0.00157
SWAP,QKV,681,0.00155
SWAP,QKV,682,0.00155
SWAP,QKV,683,0.00155
SWAP,QKV,684,0.00156
SWAP,QKV,685,0.00155
SWAP,QKV,686,0.00155
SWAP,QKV,687,0.00155
SWAP,QKV,688,0.00156
SWAP,QKV,689,0.00157
SWAP,QKV,690,0.00155
SWAP,QKV,691,0.00157
SWAP,QKV,692,0.00156
SWAP,QKV,693,0.00155
SWAP,QKV,694,0.00155
SWAP,QKV,695,0.00155
SWAP,QKV,696,0.00155
SWAP,QKV,697,0.00156
SWAP,QKV,698,0.00155
SWAP,QKV,699,0.00155
SWAP,QKV,700,0.00154
SWAP,QKV,701,0.00155
SWAP,QKV,702,0.00156
SWAP,QKV,703,0.00156
SWAP,QKV,704,0.00155
SWAP,QKV,705,0.00156
SWAP,QKV,706,0.00154
SWAP,QKV,707,0.00154
SWAP,QKV,708,0.00155
SWAP,QKV,709,0.00156
SWAP,QKV,710,0.00157
SWAP,QKV,711,0.00154
SWAP,QKV,712,0.00154
SWAP,QKV,713,0.00155
SWAP,QKV,714,0.00155
SWAP,QKV,715,0.00154
SWAP,QKV,716,0.00154
SWAP,QKV,717,0.00154
SWAP,QKV,718,0.00156
SWAP,QKV,719,0.00155
SWAP,QKV,720,0.00155
SWAP,QKV,721,0.00154
SWAP,QKV,722,0.00154
SWAP,QKV,723,0.00156
SWAP,QKV,724,0.00155
SWAP,QKV,725,0.00155
SWAP,QKV,726,0.00156
SWAP,QKV,727,0.00154
SWAP,QKV,728,0.00154
SWAP,QKV,729,0.00154
SWAP,QKV,730,0.00154
SWAP,QKV,731,0.00155
SWAP,QKV,732,0.00154
SWAP,QKV,733,0.00154
SWAP,QKV,734,0.00154
SWAP,QKV,735,0.00157
SWAP,QKV,736,0.00153
SWAP,QKV,737,0.00154
SWAP,QKV,738,0.00153
SWAP,QKV,739,0.00153
SWAP,QKV,740,0.00153
SWAP,QKV,741,0.00155
SWAP,QKV,742,0.00154
SWAP,QKV,743,0.00156
SWAP,QKV,744,0.00153
SWAP,QKV,745,0.00154
SWAP,QKV,746,0.00155
SWAP,QKV,747,0.00154
SWAP,QKV,748,0.00153
SWAP,QKV,749,0.00154
SWAP,QKV,750,0.00155
SWAP,QKV,751,0.00154
SWAP,QKV,752,0.00154
SWAP,QKV,753,0.00155
SWAP,QKV,754,0.00155
SWAP,QKV,755,0.00155
SWAP,QKV,756,0.00155
SWAP,QKV,757,0.00154
SWAP,QKV,758,0.00154
SWAP,QKV,759,0.00154
SWAP,QKV,760,0.00154
SWAP,QKV,761,0.00154
SWAP,QKV,762,0.00155
SWAP,QKV,763,0.00154
SWAP,QKV,764,0.00154
SWAP,QKV,765,0.00154
SWAP,QKV,766,0.00156
SWAP,QKV,767,0.00154
SWAP,QKV,768,0.00154
SWAP,QKV,769,0.00154
SWAP,QKV,770,0.00154
SWAP,QKV,771,0.00155
SWAP,QKV,772,0.00154
SWAP,QKV,773,0.00154
SWAP,QKV,774,0.00155
SWAP,QKV,775,0.00155
SWAP,QKV,776,0.00154
SWAP,QKV,777,0.00153
SWAP,QKV,778,0.00153
SWAP,QKV,779,0.00153
SWAP,QKV,780,0.00153
SWAP,QKV,781,0.00154
SWAP,QKV,782,0.00154
SWAP,QKV,783,0.00154
SWAP,QKV,784,0.00155
SWAP,QKV,785,0.00154
SWAP,QKV,786,0.00155
SWAP,QKV,787,0.00153
SWAP,QKV,788,0.00154
SWAP,QKV,789,0.00149
SWAP,Q=K!=V,0,2.46797
SWAP,Q=K!=V,1,2.46677
SWAP,Q=K!=V,2,2.47402
SWAP,Q=K!=V,3,2.46064
SWAP,Q=K!=V,4,2.45413
SWAP,Q=K!=V,5,2.45272
SWAP,Q=K!=V,6,2.44993
SWAP,Q=K!=V,7,2.44582
SWAP,Q=K!=V,8,2.43541
SWAP,Q=K!=V,9,2.42929
SWAP,Q=K!=V,10,2.42255
SWAP,Q=K!=V,11,2.41425
SWAP,Q=K!=V,12,2.40643
SWAP,Q=K!=V,13,2.40160
SWAP,Q=K!=V,14,2.39440
SWAP,Q=K!=V,15,2.38797
SWAP,Q=K!=V,16,2.37956
SWAP,Q=K!=V,17,2.37280
SWAP,Q=K!=V,18,2.36867
SWAP,Q=K!=V,19,2.36150
SWAP,Q=K!=V,20,2.35331
SWAP,Q=K!=V,21,2.34850
SWAP,Q=K!=V,22,2.34590
SWAP,Q=K!=V,23,2.33863
SWAP,Q=K!=V,24,2.33421
SWAP,Q=K!=V,25,2.33088
SWAP,Q=K!=V,26,2.33190
SWAP,Q=K!=V,27,2.32650
SWAP,Q=K!=V,28,2.32296
SWAP,Q=K!=V,29,2.32036
SWAP,Q=K!=V,30,2.31808
SWAP,Q=K!=V,31,2.31696
SWAP,Q=K!=V,32,2.31464
SWAP,Q=K!=V,33,2.31465
SWAP,Q=K!=V,34,2.31273
SWAP,Q=K!=V,35,2.31167
SWAP,Q=K!=V,36,2.31007
SWAP,Q=K!=V,37,2.30868
SWAP,Q=K!=V,38,2.30897
SWAP,Q=K!=V,39,2.30978
SWAP,Q=K!=V,40,2.30776
SWAP,Q=K!=V,41,2.30716
SWAP,Q=K!=V,42,2.30840
SWAP,Q=K!=V,43,2.30591
SWAP,Q=K!=V,44,2.30557
SWAP,Q=K!=V,45,2.30661
SWAP,Q=K!=V,46,2.30638
SWAP,Q=K!=V,47,2.30553
SWAP,Q=K!=V,48,2.30483
SWAP,Q=K!=V,49,2.30474
SWAP,Q=K!=V,50,2.30483
SWAP,Q=K!=V,51,2.30460
SWAP,Q=K!=V,52,2.30469
SWAP,Q=K!=V,53,2.30408
SWAP,Q=K!=V,54,2.30436
SWAP,Q=K!=V,55,2.30430
SWAP,Q=K!=V,56,2.30373
SWAP,Q=K!=V,57,2.30381
SWAP,Q=K!=V,58,2.30437
SWAP,Q=K!=V,59,2.30414
SWAP,Q=K!=V,60,2.30304
SWAP,Q=K!=V,61,2.30392
SWAP,Q=K!=V,62,2.30386
SWAP,Q=K!=V,63,2.30364
SWAP,Q=K!=V,64,2.30367
SWAP,Q=K!=V,65,2.30367
SWAP,Q=K!=V,66,2.30377
SWAP,Q=K!=V,67,2.30359
SWAP,Q=K!=V,68,2.30332
SWAP,Q=K!=V,69,2.30327
SWAP,Q=K!=V,70,2.30299
SWAP,Q=K!=V,71,2.30404
SWAP,Q=K!=V,72,2.30231
SWAP,Q=K!=V,73,2.30303
SWAP,Q=K!=V,74,2.30289
SWAP,Q=K!=V,75,2.30206
SWAP,Q=K!=V,76,2.30342
SWAP,Q=K!=V,77,2.30356
SWAP,Q=K!=V,78,2.30222
SWAP,Q=K!=V,79,2.30244
SWAP,Q=K!=V,80,2.30312
SWAP,Q=K!=V,81,2.30269
SWAP,Q=K!=V,82,2.30268
SWAP,Q=K!=V,83,2.30322
SWAP,Q=K!=V,84,2.30208
SWAP,Q=K!=V,85,2.30232
SWAP,Q=K!=V,86,2.30172
SWAP,Q=K!=V,87,2.30202
SWAP,Q=K!=V,88,2.30214
SWAP,Q=K!=V,89,2.30248
SWAP,Q=K!=V,90,2.30214
SWAP,Q=K!=V,91,2.30259
SWAP,Q=K!=V,92,2.30204
SWAP,Q=K!=V,93,2.30247
SWAP,Q=K!=V,94,2.30167
SWAP,Q=K!=V,95,2.30221
SWAP,Q=K!=V,96,2.30184
SWAP,Q=K!=V,97,2.30180
SWAP,Q=K!=V,98,2.30130
SWAP,Q=K!=V,99,2.30190
SWAP,Q=K!=V,100,2.30223
SWAP,Q=K!=V,101,2.30153
SWAP,Q=K!=V,102,2.30121
SWAP,Q=K!=V,103,2.30058
SWAP,Q=K!=V,104,2.30192
SWAP,Q=K!=V,105,2.30101
SWAP,Q=K!=V,106,2.30158
SWAP,Q=K!=V,107,2.30081
SWAP,Q=K!=V,108,2.30104
SWAP,Q=K!=V,109,2.30026
SWAP,Q=K!=V,110,2.30097
SWAP,Q=K!=V,111,2.30062
SWAP,Q=K!=V,112,2.29999
SWAP,Q=K!=V,113,2.30024
SWAP,Q=K!=V,114,2.29993
SWAP,Q=K!=V,115,2.30016
SWAP,Q=K!=V,116,2.29945
SWAP,Q=K!=V,117,2.29985
SWAP,Q=K!=V,118,2.29959
SWAP,Q=K!=V,119,2.29828
SWAP,Q=K!=V,120,2.29908
SWAP,Q=K!=V,121,2.29825
SWAP,Q=K!=V,122,2.29809
SWAP,Q=K!=V,123,2.29693
SWAP,Q=K!=V,124,2.29628
SWAP,Q=K!=V,125,2.29644
SWAP,Q=K!=V,126,2.29637
SWAP,Q=K!=V,127,2.29533
SWAP,Q=K!=V,128,2.29497
SWAP,Q=K!=V,129,2.29310
SWAP,Q=K!=V,130,2.29373
SWAP,Q=K!=V,131,2.29163
SWAP,Q=K!=V,132,2.29097
SWAP,Q=K!=V,133,2.28936
SWAP,Q=K!=V,134,2.28832
SWAP,Q=K!=V,135,2.28563
SWAP,Q=K!=V,136,2.28266
SWAP,Q=K!=V,137,2.28038
SWAP,Q=K!=V,138,2.27883
SWAP,Q=K!=V,139,2.27400
SWAP,Q=K!=V,140,2.27107
SWAP,Q=K!=V,141,2.26820
SWAP,Q=K!=V,142,2.26213
SWAP,Q=K!=V,143,2.25757
SWAP,Q=K!=V,144,2.25278
SWAP,Q=K!=V,145,2.24582
SWAP,Q=K!=V,146,2.23985
SWAP,Q=K!=V,147,2.22825
SWAP,Q=K!=V,148,2.22094
SWAP,Q=K!=V,149,2.21401
SWAP,Q=K!=V,150,2.20487
SWAP,Q=K!=V,151,2.19466
SWAP,Q=K!=V,152,2.18485
SWAP,Q=K!=V,153,2.17203
SWAP,Q=K!=V,154,2.15873
SWAP,Q=K!=V,155,2.14400
SWAP,Q=K!=V,156,2.12905
SWAP,Q=K!=V,157,2.10553
SWAP,Q=K!=V,158,2.09716
SWAP,Q=K!=V,159,2.08228
SWAP,Q=K!=V,160,2.05581
SWAP,Q=K!=V,161,2.03911
SWAP,Q=K!=V,162,2.01830
SWAP,Q=K!=V,163,1.98884
SWAP,Q=K!=V,164,1.96995
SWAP,Q=K!=V,165,1.93801
SWAP,Q=K!=V,166,1.90668
SWAP,Q=K!=V,167,1.87429
SWAP,Q=K!=V,168,1.84690
SWAP,Q=K!=V,169,1.80707
SWAP,Q=K!=V,170,1.76596
SWAP,Q=K!=V,171,1.73096
SWAP,Q=K!=V,172,1.68337
SWAP,Q=K!=V,173,1.64414
SWAP,Q=K!=V,174,1.59198
SWAP,Q=K!=V,175,1.54919
SWAP,Q=K!=V,176,1.49719
SWAP,Q=K!=V,177,1.44632
SWAP,Q=K!=V,178,1.40346
SWAP,Q=K!=V,179,1.35108
SWAP,Q=K!=V,180,1.29885
SWAP,Q=K!=V,181,1.25879
SWAP,Q=K!=V,182,1.21608
SWAP,Q=K!=V,183,1.15829
SWAP,Q=K!=V,184,1.11718
SWAP,Q=K!=V,185,1.07659
SWAP,Q=K!=V,186,1.03355
SWAP,Q=K!=V,187,0.98679
SWAP,Q=K!=V,188,0.95029
SWAP,Q=K!=V,189,0.90810
SWAP,Q=K!=V,190,0.86919
SWAP,Q=K!=V,191,0.83508
SWAP,Q=K!=V,192,0.79675
SWAP,Q=K!=V,193,0.75866
SWAP,Q=K!=V,194,0.72678
SWAP,Q=K!=V,195,0.68661
SWAP,Q=K!=V,196,0.65415
SWAP,Q=K!=V,197,0.61833
SWAP,Q=K!=V,198,0.59088
SWAP,Q=K!=V,199,0.55820
SWAP,Q=K!=V,200,0.53384
SWAP,Q=K!=V,201,0.50493
SWAP,Q=K!=V,202,0.47474
SWAP,Q=K!=V,203,0.45439
SWAP,Q=K!=V,204,0.43086
SWAP,Q=K!=V,205,0.41335
SWAP,Q=K!=V,206,0.38317
SWAP,Q=K!=V,207,0.36359
SWAP,Q=K!=V,208,0.34663
SWAP,Q=K!=V,209,0.32518
SWAP,Q=K!=V,210,0.30416
SWAP,Q=K!=V,211,0.28602
SWAP,Q=K!=V,212,0.27383
SWAP,Q=K!=V,213,0.25323
SWAP,Q=K!=V,214,0.23947
SWAP,Q=K!=V,215,0.22077
SWAP,Q=K!=V,216,0.20549
SWAP,Q=K!=V,217,0.19248
SWAP,Q=K!=V,218,0.17876
SWAP,Q=K!=V,219,0.16863
SWAP,Q=K!=V,220,0.15575
SWAP,Q=K!=V,221,0.14607
SWAP,Q=K!=V,222,0.13575
SWAP,Q=K!=V,223,0.12683
SWAP,Q=K!=V,224,0.11793
SWAP,Q=K!=V,225,0.11023
SWAP,Q=K!=V,226,0.10627
SWAP,Q=K!=V,227,0.09835
SWAP,Q=K!=V,228,0.09207
SWAP,Q=K!=V,229,0.08621
SWAP,Q=K!=V,230,0.08244
SWAP,Q=K!=V,231,0.07842
SWAP,Q=K!=V,232,0.07524
SWAP,Q=K!=V,233,0.07131
SWAP,Q=K!=V,234,0.06773
SWAP,Q=K!=V,235,0.06503
SWAP,Q=K!=V,236,0.06251
SWAP,Q=K!=V,237,0.05844
SWAP,Q=K!=V,238,0.05667
SWAP,Q=K!=V,239,0.05388
SWAP,Q=K!=V,240,0.05143
SWAP,Q=K!=V,241,0.04879
SWAP,Q=K!=V,242,0.04673
SWAP,Q=K!=V,243,0.04333
SWAP,Q=K!=V,244,0.04089
SWAP,Q=K!=V,245,0.03750
SWAP,Q=K!=V,246,0.03619
SWAP,Q=K!=V,247,0.03269
SWAP,Q=K!=V,248,0.03118
SWAP,Q=K!=V,249,0.02795
SWAP,Q=K!=V,250,0.02640
SWAP,Q=K!=V,251,0.02369
SWAP,Q=K!=V,252,0.02198
SWAP,Q=K!=V,253,0.02107
SWAP,Q=K!=V,254,0.01930
SWAP,Q=K!=V,255,0.01827
SWAP,Q=K!=V,256,0.01687
SWAP,Q=K!=V,257,0.01607
SWAP,Q=K!=V,258,0.01516
SWAP,Q=K!=V,259,0.01425
SWAP,Q=K!=V,260,0.01419
SWAP,Q=K!=V,261,0.01337
SWAP,Q=K!=V,262,0.01222
SWAP,Q=K!=V,263,0.01229
SWAP,Q=K!=V,264,0.01195
SWAP,Q=K!=V,265,0.01150
SWAP,Q=K!=V,266,0.01106
SWAP,Q=K!=V,267,0.01081
SWAP,Q=K!=V,268,0.01039
SWAP,Q=K!=V,269,0.00991
SWAP,Q=K!=V,270,0.00981
SWAP,Q=K!=V,271,0.00959
SWAP,Q=K!=V,272,0.00957
SWAP,Q=K!=V,273,0.00898
SWAP,Q=K!=V,274,0.00889
SWAP,Q=K!=V,275,0.00857
SWAP,Q=K!=V,276,0.00852
SWAP,Q=K!=V,277,0.00845
SWAP,Q=K!=V,278,0.00812
SWAP,Q=K!=V,279,0.00810
SWAP,Q=K!=V,280,0.00786
SWAP,Q=K!=V,281,0.00771
SWAP,Q=K!=V,282,0.00775
SWAP,Q=K!=V,283,0.00744
SWAP,Q=K!=V,284,0.00734
SWAP,Q=K!=V,285,0.00732
SWAP,Q=K!=V,286,0.00712
SWAP,Q=K!=V,287,0.00716
SWAP,Q=K!=V,288,0.00716
SWAP,Q=K!=V,289,0.00689
SWAP,Q=K!=V,290,0.00681
SWAP,Q=K!=V,291,0.00672
SWAP,Q=K!=V,292,0.00671
SWAP,Q=K!=V,293,0.00653
SWAP,Q=K!=V,294,0.00644
SWAP,Q=K!=V,295,0.00653
SWAP,Q=K!=V,296,0.00639
SWAP,Q=K!=V,297,0.00627
SWAP,Q=K!=V,298,0.00616
SWAP,Q=K!=V,299,0.00616
SWAP,Q=K!=V,300,0.00605
SWAP,Q=K!=V,301,0.00605
SWAP,Q=K!=V,302,0.00599
SWAP,Q=K!=V,303,0.00589
SWAP,Q=K!=V,304,0.00582
SWAP,Q=K!=V,305,0.00569
SWAP,Q=K!=V,306,0.00575
SWAP,Q=K!=V,307,0.00560
SWAP,Q=K!=V,308,0.00557
SWAP,Q=K!=V,309,0.00561
SWAP,Q=K!=V,310,0.00545
SWAP,Q=K!=V,311,0.00542
SWAP,Q=K!=V,312,0.00535
SWAP,Q=K!=V,313,0.00533
SWAP,Q=K!=V,314,0.00532
SWAP,Q=K!=V,315,0.00516
SWAP,Q=K!=V,316,0.00518
SWAP,Q=K!=V,317,0.00505
SWAP,Q=K!=V,318,0.00518
SWAP,Q=K!=V,319,0.00509
SWAP,Q=K!=V,320,0.00499
SWAP,Q=K!=V,321,0.00499
SWAP,Q=K!=V,322,0.00494
SWAP,Q=K!=V,323,0.00494
SWAP,Q=K!=V,324,0.00481
SWAP,Q=K!=V,325,0.00483
SWAP,Q=K!=V,326,0.00473
SWAP,Q=K!=V,327,0.00472
SWAP,Q=K!=V,328,0.00468
SWAP,Q=K!=V,329,0.00469
SWAP,Q=K!=V,330,0.00463
SWAP,Q=K!=V,331,0.00464
SWAP,Q=K!=V,332,0.00457
SWAP,Q=K!=V,333,0.00455
SWAP,Q=K!=V,334,0.00449
SWAP,Q=K!=V,335,0.00449
SWAP,Q=K!=V,336,0.00446
SWAP,Q=K!=V,337,0.00442
SWAP,Q=K!=V,338,0.00440
SWAP,Q=K!=V,339,0.00436
SWAP,Q=K!=V,340,0.00439
SWAP,Q=K!=V,341,0.00429
SWAP,Q=K!=V,342,0.00426
SWAP,Q=K!=V,343,0.00426
SWAP,Q=K!=V,344,0.00421
SWAP,Q=K!=V,345,0.00422
SWAP,Q=K!=V,346,0.00415
SWAP,Q=K!=V,347,0.00414
SWAP,Q=K!=V,348,0.00414
SWAP,Q=K!=V,349,0.00411
SWAP,Q=K!=V,350,0.00408
SWAP,Q=K!=V,351,0.00408
SWAP,Q=K!=V,352,0.00400
SWAP,Q=K!=V,353,0.00402
SWAP,Q=K!=V,354,0.00396
SWAP,Q=K!=V,355,0.00393
SWAP,Q=K!=V,356,0.00395
SWAP,Q=K!=V,357,0.00393
SWAP,Q=K!=V,358,0.00383
SWAP,Q=K!=V,359,0.00385
SWAP,Q=K!=V,360,0.00384
SWAP,Q=K!=V,361,0.00385
SWAP,Q=K!=V,362,0.00382
SWAP,Q=K!=V,363,0.00376
SWAP,Q=K!=V,364,0.00377
SWAP,Q=K!=V,365,0.00373
SWAP,Q=K!=V,366,0.00374
SWAP,Q=K!=V,367,0.00373
SWAP,Q=K!=V,368,0.00367
SWAP,Q=K!=V,369,0.00364
SWAP,Q=K!=V,370,0.00366
SWAP,Q=K!=V,371,0.00357
SWAP,Q=K!=V,372,0.00358
SWAP,Q=K!=V,373,0.00364
SWAP,Q=K!=V,374,0.00357
SWAP,Q=K!=V,375,0.00353
SWAP,Q=K!=V,376,0.00353
SWAP,Q=K!=V,377,0.00346
SWAP,Q=K!=V,378,0.00347
SWAP,Q=K!=V,379,0.00347
SWAP,Q=K!=V,380,0.00345
SWAP,Q=K!=V,381,0.00341
SWAP,Q=K!=V,382,0.00344
SWAP,Q=K!=V,383,0.00341
SWAP,Q=K!=V,384,0.00337
SWAP,Q=K!=V,385,0.00342
SWAP,Q=K!=V,386,0.00331
SWAP,Q=K!=V,387,0.00333
SWAP,Q=K!=V,388,0.00332
SWAP,Q=K!=V,389,0.00329
SWAP,Q=K!=V,390,0.00338
SWAP,Q=K!=V,391,0.00329
SWAP,Q=K!=V,392,0.00330
SWAP,Q=K!=V,393,0.00327
SWAP,Q=K!=V,394,0.00327
SWAP,Q=K!=V,395,0.00321
SWAP,Q=K!=V,396,0.00321
SWAP,Q=K!=V,397,0.00322
SWAP,Q=K!=V,398,0.00320
SWAP,Q=K!=V,399,0.00314
SWAP,Q=K!=V,400,0.00315
SWAP,Q=K!=V,401,0.00314
SWAP,Q=K!=V,402,0.00313
SWAP,Q=K!=V,403,0.00312
SWAP,Q=K!=V,404,0.00308
SWAP,Q=K!=V,405,0.00306
SWAP,Q=K!=V,406,0.00305
SWAP,Q=K!=V,407,0.00308
SWAP,Q=K!=V,408,0.00305
SWAP,Q=K!=V,409,0.00306
SWAP,Q=K!=V,410,0.00301
SWAP,Q=K!=V,411,0.00301
SWAP,Q=K!=V,412,0.00300
SWAP,Q=K!=V,413,0.00298
SWAP,Q=K!=V,414,0.00300
SWAP,Q=K!=V,415,0.00296
SWAP,Q=K!=V,416,0.00294
SWAP,Q=K!=V,417,0.00294
SWAP,Q=K!=V,418,0.00295
SWAP,Q=K!=V,419,0.00290
SWAP,Q=K!=V,420,0.00290
SWAP,Q=K!=V,421,0.00294
SWAP,Q=K!=V,422,0.00289
SWAP,Q=K!=V,423,0.00286
SWAP,Q=K!=V,424,0.00290
SWAP,Q=K!=V,425,0.00285
SWAP,Q=K!=V,426,0.00284
SWAP,Q=K!=V,427,0.00283
SWAP,Q=K!=V,428,0.00283
SWAP,Q=K!=V,429,0.00280
SWAP,Q=K!=V,430,0.00281
SWAP,Q=K!=V,431,0.00277
SWAP,Q=K!=V,432,0.00277
SWAP,Q=K!=V,433,0.00279
SWAP,Q=K!=V,434,0.00277
SWAP,Q=K!=V,435,0.00279
SWAP,Q=K!=V,436,0.00274
SWAP,Q=K!=V,437,0.00274
SWAP,Q=K!=V,438,0.00275
SWAP,Q=K!=V,439,0.00273
SWAP,Q=K!=V,440,0.00271
SWAP,Q=K!=V,441,0.00271
SWAP,Q=K!=V,442,0.00271
SWAP,Q=K!=V,443,0.00267
SWAP,Q=K!=V,444,0.00270
SWAP,Q=K!=V,445,0.00265
SWAP,Q=K!=V,446,0.00265
SWAP,Q=K!=V,447,0.00263
SWAP,Q=K!=V,448,0.00263
SWAP,Q=K!=V,449,0.00265
SWAP,Q=K!=V,450,0.00261
SWAP,Q=K!=V,451,0.00264
SWAP,Q=K!=V,452,0.00263
SWAP,Q=K!=V,453,0.00261
SWAP,Q=K!=V,454,0.00260
SWAP,Q=K!=V,455,0.00258
SWAP,Q=K!=V,456,0.00257
SWAP,Q=K!=V,457,0.00256
SWAP,Q=K!=V,458,0.00254
SWAP,Q=K!=V,459,0.00257
SWAP,Q=K!=V,460,0.00259
SWAP,Q=K!=V,461,0.00253
SWAP,Q=K!=V,462,0.00254
SWAP,Q=K!=V,463,0.00255
SWAP,Q=K!=V,464,0.00254
SWAP,Q=K!=V,465,0.00253
SWAP,Q=K!=V,466,0.00253
SWAP,Q=K!=V,467,0.00250
SWAP,Q=K!=V,468,0.00250
SWAP,Q=K!=V,469,0.00249
SWAP,Q=K!=V,470,0.00249
SWAP,Q=K!=V,471,0.00247
SWAP,Q=K!=V,472,0.00247
SWAP,Q=K!=V,473,0.00239
SWAP,Q=K!=V,474,0.00247
SWAP,Q=K!=V,475,0.00244
SWAP,Q=K!=V,476,0.00244
SWAP,Q=K!=V,477,0.00245
SWAP,Q=K!=V,478,0.00244
SWAP,Q=K!=V,479,0.00241
SWAP,Q=K!=V,480,0.00240
SWAP,Q=K!=V,481,0.00239
SWAP,Q=K!=V,482,0.00239
SWAP,Q=K!=V,483,0.00240
SWAP,Q=K!=V,484,0.00242
SWAP,Q=K!=V,485,0.00241
SWAP,Q=K!=V,486,0.00239
SWAP,Q=K!=V,487,0.00238
SWAP,Q=K!=V,488,0.00238
SWAP,Q=K!=V,489,0.00236
SWAP,Q=K!=V,490,0.00236
SWAP,Q=K!=V,491,0.00236
SWAP,Q=K!=V,492,0.00234
SWAP,Q=K!=V,493,0.00236
SWAP,Q=K!=V,494,0.00234
SWAP,Q=K!=V,495,0.00234
SWAP,Q=K!=V,496,0.00234
SWAP,Q=K!=V,497,0.00231
SWAP,Q=K!=V,498,0.00230
SWAP,Q=K!=V,499,0.00230
SWAP,Q=K!=V,500,0.00229
SWAP,Q=K!=V,501,0.00232
SWAP,Q=K!=V,502,0.00228
SWAP,Q=K!=V,503,0.00229
SWAP,Q=K!=V,504,0.00228
SWAP,Q=K!=V,505,0.00228
SWAP,Q=K!=V,506,0.00229
SWAP,Q=K!=V,507,0.00227
SWAP,Q=K!=V,508,0.00226
SWAP,Q=K!=V,509,0.00226
SWAP,Q=K!=V,510,0.00226
SWAP,Q=K!=V,511,0.00228
SWAP,Q=K!=V,512,0.00224
SWAP,Q=K!=V,513,0.00224
SWAP,Q=K!=V,514,0.00225
SWAP,Q=K!=V,515,0.00224
SWAP,Q=K!=V,516,0.00222
SWAP,Q=K!=V,517,0.00221
SWAP,Q=K!=V,518,0.00222
SWAP,Q=K!=V,519,0.00220
SWAP,Q=K!=V,520,0.00223
SWAP,Q=K!=V,521,0.00223
SWAP,Q=K!=V,522,0.00222
SWAP,Q=K!=V,523,0.00220
SWAP,Q=K!=V,524,0.00220
SWAP,Q=K!=V,525,0.00220
SWAP,Q=K!=V,526,0.00220
SWAP,Q=K!=V,527,0.00218
SWAP,Q=K!=V,528,0.00217
SWAP,Q=K!=V,529,0.00219
SWAP,Q=K!=V,530,0.00216
SWAP,Q=K!=V,531,0.00215
SWAP,Q=K!=V,532,0.00217
SWAP,Q=K!=V,533,0.00215
SWAP,Q=K!=V,534,0.00216
SWAP,Q=K!=V,535,0.00215
SWAP,Q=K!=V,536,0.00215
SWAP,Q=K!=V,537,0.00213
SWAP,Q=K!=V,538,0.00216
SWAP,Q=K!=V,539,0.00214
SWAP,Q=K!=V,540,0.00212
SWAP,Q=K!=V,541,0.00214
SWAP,Q=K!=V,542,0.00212
SWAP,Q=K!=V,543,0.00211
SWAP,Q=K!=V,544,0.00213
SWAP,Q=K!=V,545,0.00212
SWAP,Q=K!=V,546,0.00210
SWAP,Q=K!=V,547,0.00209
SWAP,Q=K!=V,548,0.00211
SWAP,Q=K!=V,549,0.00211
SWAP,Q=K!=V,550,0.00211
SWAP,Q=K!=V,551,0.00210
SWAP,Q=K!=V,552,0.00213
SWAP,Q=K!=V,553,0.00210
SWAP,Q=K!=V,554,0.00209
SWAP,Q=K!=V,555,0.00208
SWAP,Q=K!=V,556,0.00208
SWAP,Q=K!=V,557,0.00207
SWAP,Q=K!=V,558,0.00207
SWAP,Q=K!=V,559,0.00209
SWAP,Q=K!=V,560,0.00208
SWAP,Q=K!=V,561,0.00207
SWAP,Q=K!=V,562,0.00206
SWAP,Q=K!=V,563,0.00206
SWAP,Q=K!=V,564,0.00204
SWAP,Q=K!=V,565,0.00206
SWAP,Q=K!=V,566,0.00205
SWAP,Q=K!=V,567,0.00205
SWAP,Q=K!=V,568,0.00205
SWAP,Q=K!=V,569,0.00203
SWAP,Q=K!=V,570,0.00204
SWAP,Q=K!=V,571,0.00205
SWAP,Q=K!=V,572,0.00203
SWAP,Q=K!=V,573,0.00204
SWAP,Q=K!=V,574,0.00203
SWAP,Q=K!=V,575,0.00202
SWAP,Q=K!=V,576,0.00204
SWAP,Q=K!=V,577,0.00201
SWAP,Q=K!=V,578,0.00202
SWAP,Q=K!=V,579,0.00201
SWAP,Q=K!=V,580,0.00202
SWAP,Q=K!=V,581,0.00200
SWAP,Q=K!=V,582,0.00203
SWAP,Q=K!=V,583,0.00201
SWAP,Q=K!=V,584,0.00201
SWAP,Q=K!=V,585,0.00201
SWAP,Q=K!=V,586,0.00199
SWAP,Q=K!=V,587,0.00200
SWAP,Q=K!=V,588,0.00203
SWAP,Q=K!=V,589,0.00200
SWAP,Q=K!=V,590,0.00200
SWAP,Q=K!=V,591,0.00200
SWAP,Q=K!=V,592,0.00200
SWAP,Q=K!=V,593,0.00199
SWAP,Q=K!=V,594,0.00201
SWAP,Q=K!=V,595,0.00200
SWAP,Q=K!=V,596,0.00199
SWAP,Q=K!=V,597,0.00198
SWAP,Q=K!=V,598,0.00198
SWAP,Q=K!=V,599,0.00198
SWAP,Q=K!=V,600,0.00197
SWAP,Q=K!=V,601,0.00197
SWAP,Q=K!=V,602,0.00197
SWAP,Q=K!=V,603,0.00198
SWAP,Q=K!=V,604,0.00197
SWAP,Q=K!=V,605,0.00198
SWAP,Q=K!=V,606,0.00194
SWAP,Q=K!=V,607,0.00196
SWAP,Q=K!=V,608,0.00196
SWAP,Q=K!=V,609,0.00197
SWAP,Q=K!=V,610,0.00197
SWAP,Q=K!=V,611,0.00194
SWAP,Q=K!=V,612,0.00193
SWAP,Q=K!=V,613,0.00196
SWAP,Q=K!=V,614,0.00195
SWAP,Q=K!=V,615,0.00195
SWAP,Q=K!=V,616,0.00194
SWAP,Q=K!=V,617,0.00193
SWAP,Q=K!=V,618,0.00193
SWAP,Q=K!=V,619,0.00192
SWAP,Q=K!=V,620,0.00195
SWAP,Q=K!=V,621,0.00193
SWAP,Q=K!=V,622,0.00192
SWAP,Q=K!=V,623,0.00195
SWAP,Q=K!=V,624,0.00193
SWAP,Q=K!=V,625,0.00192
SWAP,Q=K!=V,626,0.00193
SWAP,Q=K!=V,627,0.00193
SWAP,Q=K!=V,628,0.00193
SWAP,Q=K!=V,629,0.00192
SWAP,Q=K!=V,630,0.00194
SWAP,Q=K!=V,631,0.00194
SWAP,Q=K!=V,632,0.00192
SWAP,Q=K!=V,633,0.00192
SWAP,Q=K!=V,634,0.00192
SWAP,Q=K!=V,635,0.00191
SWAP,Q=K!=V,636,0.00192
SWAP,Q=K!=V,637,0.00191
SWAP,Q=K!=V,638,0.00192
SWAP,Q=K!=V,639,0.00192
SWAP,Q=K!=V,640,0.00192
SWAP,Q=K!=V,641,0.00191
SWAP,Q=K!=V,642,0.00192
SWAP,Q=K!=V,643,0.00191
SWAP,Q=K!=V,644,0.00190
SWAP,Q=K!=V,645,0.00191
SWAP,Q=K!=V,646,0.00192
SWAP,Q=K!=V,647,0.00192
SWAP,Q=K!=V,648,0.00190
SWAP,Q=K!=V,649,0.00190
SWAP,Q=K!=V,650,0.00188
SWAP,Q=K!=V,651,0.00188
SWAP,Q=K!=V,652,0.00190
SWAP,Q=K!=V,653,0.00189
SWAP,Q=K!=V,654,0.00189
SWAP,Q=K!=V,655,0.00191
SWAP,Q=K!=V,656,0.00189
SWAP,Q=K!=V,657,0.00189
SWAP,Q=K!=V,658,0.00189
SWAP,Q=K!=V,659,0.00187
SWAP,Q=K!=V,660,0.00189
SWAP,Q=K!=V,661,0.00188
SWAP,Q=K!=V,662,0.00189
SWAP,Q=K!=V,663,0.00190
SWAP,Q=K!=V,664,0.00189
SWAP,Q=K!=V,665,0.00188
SWAP,Q=K!=V,666,0.00188
SWAP,Q=K!=V,667,0.00188
SWAP,Q=K!=V,668,0.00189
SWAP,Q=K!=V,669,0.00189
SWAP,Q=K!=V,670,0.00190
SWAP,Q=K!=V,671,0.00188
SWAP,Q=K!=V,672,0.00187
SWAP,Q=K!=V,673,0.00187
SWAP,Q=K!=V,674,0.00190
SWAP,Q=K!=V,675,0.00187
SWAP,Q=K!=V,676,0.00188
SWAP,Q=K!=V,677,0.00188
SWAP,Q=K!=V,678,0.00188
SWAP,Q=K!=V,679,0.00188
SWAP,Q=K!=V,680,0.00188
SWAP,Q=K!=V,681,0.00188
SWAP,Q=K!=V,682,0.00186
SWAP,Q=K!=V,683,0.00187
SWAP,Q=K!=V,684,0.00187
SWAP,Q=K!=V,685,0.00187
SWAP,Q=K!=V,686,0.00187
SWAP,Q=K!=V,687,0.00187
SWAP,Q=K!=V,688,0.00189
SWAP,Q=K!=V,689,0.00186
SWAP,Q=K!=V,690,0.00186
SWAP,Q=K!=V,691,0.00185
SWAP,Q=K!=V,692,0.00188
SWAP,Q=K!=V,693,0.00187
SWAP,Q=K!=V,694,0.00187
SWAP,Q=K!=V,695,0.00186
SWAP,Q=K!=V,696,0.00187
SWAP,Q=K!=V,697,0.00187
SWAP,Q=K!=V,698,0.00187
SWAP,Q=K!=V,699,0.00187
SWAP,Q=K!=V,700,0.00186
SWAP,Q=K!=V,701,0.00186
SWAP,Q=K!=V,702,0.00186
SWAP,Q=K!=V,703,0.00186
SWAP,Q=K!=V,704,0.00186
SWAP,Q=K!=V,705,0.00187
SWAP,Q=K!=V,706,0.00185
SWAP,Q=K!=V,707,0.00186
SWAP,Q=K!=V,708,0.00185
SWAP,Q=K!=V,709,0.00186
SWAP,Q=K!=V,710,0.00185
SWAP,Q=K!=V,711,0.00185
SWAP,Q=K!=V,712,0.00185
SWAP,Q=K!=V,713,0.00186
SWAP,Q=K!=V,714,0.00187
SWAP,Q=K!=V,715,0.00186
SWAP,Q=K!=V,716,0.00186
SWAP,Q=K!=V,717,0.00186
SWAP,Q=K!=V,718,0.00186
SWAP,Q=K!=V,719,0.00185
SWAP,Q=K!=V,720,0.00188
SWAP,Q=K!=V,721,0.00184
SWAP,Q=K!=V,722,0.00185
SWAP,Q=K!=V,723,0.00187
SWAP,Q=K!=V,724,0.00186
SWAP,Q=K!=V,725,0.00186
SWAP,Q=K!=V,726,0.00186
SWAP,Q=K!=V,727,0.00185
SWAP,Q=K!=V,728,0.00183
SWAP,Q=K!=V,729,0.00185
SWAP,Q=K!=V,730,0.00185
SWAP,Q=K!=V,731,0.00185
SWAP,Q=K!=V,732,0.00185
SWAP,Q=K!=V,733,0.00184
SWAP,Q=K!=V,734,0.00186
SWAP,Q=K!=V,735,0.00186
SWAP,Q=K!=V,736,0.00185
SWAP,Q=K!=V,737,0.00184
SWAP,Q=K!=V,738,0.00183
SWAP,Q=K!=V,739,0.00186
SWAP,Q=K!=V,740,0.00185
SWAP,Q=K!=V,741,0.00185
SWAP,Q=K!=V,742,0.00184
SWAP,Q=K!=V,743,0.00186
SWAP,Q=K!=V,744,0.00185
SWAP,Q=K!=V,745,0.00186
SWAP,Q=K!=V,746,0.00186
SWAP,Q=K!=V,747,0.00185
SWAP,Q=K!=V,748,0.00183
SWAP,Q=K!=V,749,0.00186
SWAP,Q=K!=V,750,0.00186
SWAP,Q=K!=V,751,0.00186
SWAP,Q=K!=V,752,0.00186
SWAP,Q=K!=V,753,0.00184
SWAP,Q=K!=V,754,0.00187
SWAP,Q=K!=V,755,0.00185
SWAP,Q=K!=V,756,0.00184
SWAP,Q=K!=V,757,0.00184
SWAP,Q=K!=V,758,0.00186
SWAP,Q=K!=V,759,0.00184
SWAP,Q=K!=V,760,0.00185
SWAP,Q=K!=V,761,0.00187
SWAP,Q=K!=V,762,0.00185
SWAP,Q=K!=V,763,0.00185
SWAP,Q=K!=V,764,0.00185
SWAP,Q=K!=V,765,0.00186
SWAP,Q=K!=V,766,0.00184
SWAP,Q=K!=V,767,0.00185
SWAP,Q=K!=V,768,0.00187
SWAP,Q=K!=V,769,0.00186
SWAP,Q=K!=V,770,0.00184
SWAP,Q=K!=V,771,0.00186
SWAP,Q=K!=V,772,0.00185
SWAP,Q=K!=V,773,0.00185
SWAP,Q=K!=V,774,0.00183
SWAP,Q=K!=V,775,0.00185
SWAP,Q=K!=V,776,0.00183
SWAP,Q=K!=V,777,0.00184
SWAP,Q=K!=V,778,0.00184
SWAP,Q=K!=V,779,0.00187
SWAP,Q=K!=V,780,0.00184
SWAP,Q=K!=V,781,0.00186
SWAP,Q=K!=V,782,0.00187
SWAP,Q=K!=V,783,0.00183
SWAP,Q=K!=V,784,0.00186
SWAP,Q=K!=V,785,0.00185
SWAP,Q=K!=V,786,0.00185
SWAP,Q=K!=V,787,0.00184
SWAP,Q=K!=V,788,0.00185
SWAP,Q=K!=V,789,0.00179
SWAP,(Q=K!=V)+,0,2.46010
SWAP,(Q=K!=V)+,1,2.45506
SWAP,(Q=K!=V)+,2,2.45561
SWAP,(Q=K!=V)+,3,2.45246
SWAP,(Q=K!=V)+,4,2.44467
SWAP,(Q=K!=V)+,5,2.44091
SWAP,(Q=K!=V)+,6,2.43727
SWAP,(Q=K!=V)+,7,2.43093
SWAP,(Q=K!=V)+,8,2.42466
SWAP,(Q=K!=V)+,9,2.41978
SWAP,(Q=K!=V)+,10,2.41338
SWAP,(Q=K!=V)+,11,2.40796
SWAP,(Q=K!=V)+,12,2.40628
SWAP,(Q=K!=V)+,13,2.39294
SWAP,(Q=K!=V)+,14,2.38660
SWAP,(Q=K!=V)+,15,2.37764
SWAP,(Q=K!=V)+,16,2.37711
SWAP,(Q=K!=V)+,17,2.36846
SWAP,(Q=K!=V)+,18,2.36789
SWAP,(Q=K!=V)+,19,2.35981
SWAP,(Q=K!=V)+,20,2.35829
SWAP,(Q=K!=V)+,21,2.34817
SWAP,(Q=K!=V)+,22,2.34844
SWAP,(Q=K!=V)+,23,2.33734
SWAP,(Q=K!=V)+,24,2.33828
SWAP,(Q=K!=V)+,25,2.33422
SWAP,(Q=K!=V)+,26,2.32891
SWAP,(Q=K!=V)+,27,2.32697
SWAP,(Q=K!=V)+,28,2.32391
SWAP,(Q=K!=V)+,29,2.32070
SWAP,(Q=K!=V)+,30,2.32110
SWAP,(Q=K!=V)+,31,2.31858
SWAP,(Q=K!=V)+,32,2.31742
SWAP,(Q=K!=V)+,33,2.31436
SWAP,(Q=K!=V)+,34,2.31384
SWAP,(Q=K!=V)+,35,2.31295
SWAP,(Q=K!=V)+,36,2.31232
SWAP,(Q=K!=V)+,37,2.31048
SWAP,(Q=K!=V)+,38,2.30989
SWAP,(Q=K!=V)+,39,2.30968
SWAP,(Q=K!=V)+,40,2.30914
SWAP,(Q=K!=V)+,41,2.30615
SWAP,(Q=K!=V)+,42,2.30812
SWAP,(Q=K!=V)+,43,2.30560
SWAP,(Q=K!=V)+,44,2.30611
SWAP,(Q=K!=V)+,45,2.30610
SWAP,(Q=K!=V)+,46,2.30510
SWAP,(Q=K!=V)+,47,2.30561
SWAP,(Q=K!=V)+,48,2.30580
SWAP,(Q=K!=V)+,49,2.30513
SWAP,(Q=K!=V)+,50,2.30424
SWAP,(Q=K!=V)+,51,2.30446
SWAP,(Q=K!=V)+,52,2.30435
SWAP,(Q=K!=V)+,53,2.30455
SWAP,(Q=K!=V)+,54,2.30400
SWAP,(Q=K!=V)+,55,2.30334
SWAP,(Q=K!=V)+,56,2.30397
SWAP,(Q=K!=V)+,57,2.30408
SWAP,(Q=K!=V)+,58,2.30406
SWAP,(Q=K!=V)+,59,2.30403
SWAP,(Q=K!=V)+,60,2.30404
SWAP,(Q=K!=V)+,61,2.30443
SWAP,(Q=K!=V)+,62,2.30311
SWAP,(Q=K!=V)+,63,2.30359
SWAP,(Q=K!=V)+,64,2.30421
SWAP,(Q=K!=V)+,65,2.30263
SWAP,(Q=K!=V)+,66,2.30352
SWAP,(Q=K!=V)+,67,2.30292
SWAP,(Q=K!=V)+,68,2.30248
SWAP,(Q=K!=V)+,69,2.30292
SWAP,(Q=K!=V)+,70,2.30300
SWAP,(Q=K!=V)+,71,2.30374
SWAP,(Q=K!=V)+,72,2.30201
SWAP,(Q=K!=V)+,73,2.30251
SWAP,(Q=K!=V)+,74,2.30245
SWAP,(Q=K!=V)+,75,2.30150
SWAP,(Q=K!=V)+,76,2.30270
SWAP,(Q=K!=V)+,77,2.30291
SWAP,(Q=K!=V)+,78,2.30337
SWAP,(Q=K!=V)+,79,2.30222
SWAP,(Q=K!=V)+,80,2.30238
SWAP,(Q=K!=V)+,81,2.30215
SWAP,(Q=K!=V)+,82,2.30215
SWAP,(Q=K!=V)+,83,2.30239
SWAP,(Q=K!=V)+,84,2.30088
SWAP,(Q=K!=V)+,85,2.30082
SWAP,(Q=K!=V)+,86,2.30114
SWAP,(Q=K!=V)+,87,2.30163
SWAP,(Q=K!=V)+,88,2.30123
SWAP,(Q=K!=V)+,89,2.30041
SWAP,(Q=K!=V)+,90,2.30053
SWAP,(Q=K!=V)+,91,2.30124
SWAP,(Q=K!=V)+,92,2.29997
SWAP,(Q=K!=V)+,93,2.29996
SWAP,(Q=K!=V)+,94,2.29945
SWAP,(Q=K!=V)+,95,2.29983
SWAP,(Q=K!=V)+,96,2.29913
SWAP,(Q=K!=V)+,97,2.29888
SWAP,(Q=K!=V)+,98,2.29861
SWAP,(Q=K!=V)+,99,2.29807
SWAP,(Q=K!=V)+,100,2.29817
SWAP,(Q=K!=V)+,101,2.29741
SWAP,(Q=K!=V)+,102,2.29722
SWAP,(Q=K!=V)+,103,2.29572
SWAP,(Q=K!=V)+,104,2.29566
SWAP,(Q=K!=V)+,105,2.29344
SWAP,(Q=K!=V)+,106,2.29376
SWAP,(Q=K!=V)+,107,2.29236
SWAP,(Q=K!=V)+,108,2.29086
SWAP,(Q=K!=V)+,109,2.28725
SWAP,(Q=K!=V)+,110,2.28584
SWAP,(Q=K!=V)+,111,2.28289
SWAP,(Q=K!=V)+,112,2.28020
SWAP,(Q=K!=V)+,113,2.27601
SWAP,(Q=K!=V)+,114,2.27273
SWAP,(Q=K!=V)+,115,2.26768
SWAP,(Q=K!=V)+,116,2.25962
SWAP,(Q=K!=V)+,117,2.25319
SWAP,(Q=K!=V)+,118,2.24387
SWAP,(Q=K!=V)+,119,2.23029
SWAP,(Q=K!=V)+,120,2.22103
SWAP,(Q=K!=V)+,121,2.20728
SWAP,(Q=K!=V)+,122,2.18961
SWAP,(Q=K!=V)+,123,2.16720
SWAP,(Q=K!=V)+,124,2.14213
SWAP,(Q=K!=V)+,125,2.11691
SWAP,(Q=K!=V)+,126,2.08466
SWAP,(Q=K!=V)+,127,2.04676
SWAP,(Q=K!=V)+,128,2.01266
SWAP,(Q=K!=V)+,129,1.96405
SWAP,(Q=K!=V)+,130,1.92419
SWAP,(Q=K!=V)+,131,1.86722
SWAP,(Q=K!=V)+,132,1.81954
SWAP,(Q=K!=V)+,133,1.76549
SWAP,(Q=K!=V)+,134,1.70689
SWAP,(Q=K!=V)+,135,1.65338
SWAP,(Q=K!=V)+,136,1.58554
SWAP,(Q=K!=V)+,137,1.52719
SWAP,(Q=K!=V)+,138,1.46110
SWAP,(Q=K!=V)+,139,1.39058
SWAP,(Q=K!=V)+,140,1.33445
SWAP,(Q=K!=V)+,141,1.26789
SWAP,(Q=K!=V)+,142,1.19676
SWAP,(Q=K!=V)+,143,1.13975
SWAP,(Q=K!=V)+,144,1.06978
SWAP,(Q=K!=V)+,145,1.01328
SWAP,(Q=K!=V)+,146,0.96099
SWAP,(Q=K!=V)+,147,0.90278
SWAP,(Q=K!=V)+,148,0.84957
SWAP,(Q=K!=V)+,149,0.79248
SWAP,(Q=K!=V)+,150,0.74860
SWAP,(Q=K!=V)+,151,0.69796
SWAP,(Q=K!=V)+,152,0.64594
SWAP,(Q=K!=V)+,153,0.60238
SWAP,(Q=K!=V)+,154,0.55553
SWAP,(Q=K!=V)+,155,0.51813
SWAP,(Q=K!=V)+,156,0.48276
SWAP,(Q=K!=V)+,157,0.43071
SWAP,(Q=K!=V)+,158,0.41635
SWAP,(Q=K!=V)+,159,0.38078
SWAP,(Q=K!=V)+,160,0.35782
SWAP,(Q=K!=V)+,161,0.33083
SWAP,(Q=K!=V)+,162,0.30733
SWAP,(Q=K!=V)+,163,0.28124
SWAP,(Q=K!=V)+,164,0.25796
SWAP,(Q=K!=V)+,165,0.24053
SWAP,(Q=K!=V)+,166,0.21961
SWAP,(Q=K!=V)+,167,0.20559
SWAP,(Q=K!=V)+,168,0.19109
SWAP,(Q=K!=V)+,169,0.17371
SWAP,(Q=K!=V)+,170,0.15920
SWAP,(Q=K!=V)+,171,0.14534
SWAP,(Q=K!=V)+,172,0.12972
SWAP,(Q=K!=V)+,173,0.11704
SWAP,(Q=K!=V)+,174,0.10455
SWAP,(Q=K!=V)+,175,0.09522
SWAP,(Q=K!=V)+,176,0.08196
SWAP,(Q=K!=V)+,177,0.07365
SWAP,(Q=K!=V)+,178,0.06573
SWAP,(Q=K!=V)+,179,0.06035
SWAP,(Q=K!=V)+,180,0.05339
SWAP,(Q=K!=V)+,181,0.04911
SWAP,(Q=K!=V)+,182,0.04257
SWAP,(Q=K!=V)+,183,0.03965
SWAP,(Q=K!=V)+,184,0.03595
SWAP,(Q=K!=V)+,185,0.03359
SWAP,(Q=K!=V)+,186,0.03051
SWAP,(Q=K!=V)+,187,0.02809
SWAP,(Q=K!=V)+,188,0.02573
SWAP,(Q=K!=V)+,189,0.02418
SWAP,(Q=K!=V)+,190,0.02298
SWAP,(Q=K!=V)+,191,0.02155
SWAP,(Q=K!=V)+,192,0.01992
SWAP,(Q=K!=V)+,193,0.01897
SWAP,(Q=K!=V)+,194,0.01776
SWAP,(Q=K!=V)+,195,0.01689
SWAP,(Q=K!=V)+,196,0.01619
SWAP,(Q=K!=V)+,197,0.01537
SWAP,(Q=K!=V)+,198,0.01496
SWAP,(Q=K!=V)+,199,0.01421
SWAP,(Q=K!=V)+,200,0.01374
SWAP,(Q=K!=V)+,201,0.01307
SWAP,(Q=K!=V)+,202,0.01268
SWAP,(Q=K!=V)+,203,0.01225
SWAP,(Q=K!=V)+,204,0.01178
SWAP,(Q=K!=V)+,205,0.01146
SWAP,(Q=K!=V)+,206,0.01110
SWAP,(Q=K!=V)+,207,0.01082
SWAP,(Q=K!=V)+,208,0.01065
SWAP,(Q=K!=V)+,209,0.01012
SWAP,(Q=K!=V)+,210,0.01000
SWAP,(Q=K!=V)+,211,0.00969
SWAP,(Q=K!=V)+,212,0.00944
SWAP,(Q=K!=V)+,213,0.00932
SWAP,(Q=K!=V)+,214,0.00917
SWAP,(Q=K!=V)+,215,0.00887
SWAP,(Q=K!=V)+,216,0.00875
SWAP,(Q=K!=V)+,217,0.00862
SWAP,(Q=K!=V)+,218,0.00844
SWAP,(Q=K!=V)+,219,0.00822
SWAP,(Q=K!=V)+,220,0.00813
SWAP,(Q=K!=V)+,221,0.00796
SWAP,(Q=K!=V)+,222,0.00788
SWAP,(Q=K!=V)+,223,0.00782
SWAP,(Q=K!=V)+,224,0.00753
SWAP,(Q=K!=V)+,225,0.00746
SWAP,(Q=K!=V)+,226,0.00741
SWAP,(Q=K!=V)+,227,0.00730
SWAP,(Q=K!=V)+,228,0.00721
SWAP,(Q=K!=V)+,229,0.00710
SWAP,(Q=K!=V)+,230,0.00693
SWAP,(Q=K!=V)+,231,0.00687
SWAP,(Q=K!=V)+,232,0.00677
SWAP,(Q=K!=V)+,233,0.00667
SWAP,(Q=K!=V)+,234,0.00665
SWAP,(Q=K!=V)+,235,0.00652
SWAP,(Q=K!=V)+,236,0.00629
SWAP,(Q=K!=V)+,237,0.00635
SWAP,(Q=K!=V)+,238,0.00628
SWAP,(Q=K!=V)+,239,0.00618
SWAP,(Q=K!=V)+,240,0.00611
SWAP,(Q=K!=V)+,241,0.00601
SWAP,(Q=K!=V)+,242,0.00604
SWAP,(Q=K!=V)+,243,0.00595
SWAP,(Q=K!=V)+,244,0.00581
SWAP,(Q=K!=V)+,245,0.00579
SWAP,(Q=K!=V)+,246,0.00575
SWAP,(Q=K!=V)+,247,0.00564
SWAP,(Q=K!=V)+,248,0.00559
SWAP,(Q=K!=V)+,249,0.00554
SWAP,(Q=K!=V)+,250,0.00552
SWAP,(Q=K!=V)+,251,0.00554
SWAP,(Q=K!=V)+,252,0.00543
SWAP,(Q=K!=V)+,253,0.00533
SWAP,(Q=K!=V)+,254,0.00527
SWAP,(Q=K!=V)+,255,0.00528
SWAP,(Q=K!=V)+,256,0.00523
SWAP,(Q=K!=V)+,257,0.00516
SWAP,(Q=K!=V)+,258,0.00510
SWAP,(Q=K!=V)+,259,0.00506
SWAP,(Q=K!=V)+,260,0.00497
SWAP,(Q=K!=V)+,261,0.00501
SWAP,(Q=K!=V)+,262,0.00491
SWAP,(Q=K!=V)+,263,0.00486
SWAP,(Q=K!=V)+,264,0.00485
SWAP,(Q=K!=V)+,265,0.00484
SWAP,(Q=K!=V)+,266,0.00474
SWAP,(Q=K!=V)+,267,0.00473
SWAP,(Q=K!=V)+,268,0.00473
SWAP,(Q=K!=V)+,269,0.00467
SWAP,(Q=K!=V)+,270,0.00460
SWAP,(Q=K!=V)+,271,0.00456
SWAP,(Q=K!=V)+,272,0.00455
SWAP,(Q=K!=V)+,273,0.00452
SWAP,(Q=K!=V)+,274,0.00445
SWAP,(Q=K!=V)+,275,0.00444
SWAP,(Q=K!=V)+,276,0.00442
SWAP,(Q=K!=V)+,277,0.00436
SWAP,(Q=K!=V)+,278,0.00436
SWAP,(Q=K!=V)+,279,0.00433
SWAP,(Q=K!=V)+,280,0.00426
SWAP,(Q=K!=V)+,281,0.00422
SWAP,(Q=K!=V)+,282,0.00421
SWAP,(Q=K!=V)+,283,0.00419
SWAP,(Q=K!=V)+,284,0.00410
SWAP,(Q=K!=V)+,285,0.00409
SWAP,(Q=K!=V)+,286,0.00409
SWAP,(Q=K!=V)+,287,0.00406
SWAP,(Q=K!=V)+,288,0.00402
SWAP,(Q=K!=V)+,289,0.00401
SWAP,(Q=K!=V)+,290,0.00397
SWAP,(Q=K!=V)+,291,0.00393
SWAP,(Q=K!=V)+,292,0.00391
SWAP,(Q=K!=V)+,293,0.00390
SWAP,(Q=K!=V)+,294,0.00390
SWAP,(Q=K!=V)+,295,0.00383
SWAP,(Q=K!=V)+,296,0.00386
SWAP,(Q=K!=V)+,297,0.00377
SWAP,(Q=K!=V)+,298,0.00376
SWAP,(Q=K!=V)+,299,0.00377
SWAP,(Q=K!=V)+,300,0.00373
SWAP,(Q=K!=V)+,301,0.00371
SWAP,(Q=K!=V)+,302,0.00370
SWAP,(Q=K!=V)+,303,0.00362
SWAP,(Q=K!=V)+,304,0.00362
SWAP,(Q=K!=V)+,305,0.00360
SWAP,(Q=K!=V)+,306,0.00359
SWAP,(Q=K!=V)+,307,0.00354
SWAP,(Q=K!=V)+,308,0.00352
SWAP,(Q=K!=V)+,309,0.00351
SWAP,(Q=K!=V)+,310,0.00347
SWAP,(Q=K!=V)+,311,0.00348
SWAP,(Q=K!=V)+,312,0.00345
SWAP,(Q=K!=V)+,313,0.00344
SWAP,(Q=K!=V)+,314,0.00340
SWAP,(Q=K!=V)+,315,0.00331
SWAP,(Q=K!=V)+,316,0.00334
SWAP,(Q=K!=V)+,317,0.00335
SWAP,(Q=K!=V)+,318,0.00334
SWAP,(Q=K!=V)+,319,0.00336
SWAP,(Q=K!=V)+,320,0.00329
SWAP,(Q=K!=V)+,321,0.00325
SWAP,(Q=K!=V)+,322,0.00327
SWAP,(Q=K!=V)+,323,0.00323
SWAP,(Q=K!=V)+,324,0.00324
SWAP,(Q=K!=V)+,325,0.00325
SWAP,(Q=K!=V)+,326,0.00319
SWAP,(Q=K!=V)+,327,0.00316
SWAP,(Q=K!=V)+,328,0.00316
SWAP,(Q=K!=V)+,329,0.00315
SWAP,(Q=K!=V)+,330,0.00311
SWAP,(Q=K!=V)+,331,0.00311
SWAP,(Q=K!=V)+,332,0.00310
SWAP,(Q=K!=V)+,333,0.00310
SWAP,(Q=K!=V)+,334,0.00303
SWAP,(Q=K!=V)+,335,0.00304
SWAP,(Q=K!=V)+,336,0.00302
SWAP,(Q=K!=V)+,337,0.00302
SWAP,(Q=K!=V)+,338,0.00301
SWAP,(Q=K!=V)+,339,0.00298
SWAP,(Q=K!=V)+,340,0.00296
SWAP,(Q=K!=V)+,341,0.00295
SWAP,(Q=K!=V)+,342,0.00294
SWAP,(Q=K!=V)+,343,0.00292
SWAP,(Q=K!=V)+,344,0.00292
SWAP,(Q=K!=V)+,345,0.00292
SWAP,(Q=K!=V)+,346,0.00289
SWAP,(Q=K!=V)+,347,0.00288
SWAP,(Q=K!=V)+,348,0.00286
SWAP,(Q=K!=V)+,349,0.00286
SWAP,(Q=K!=V)+,350,0.00284
SWAP,(Q=K!=V)+,351,0.00284
SWAP,(Q=K!=V)+,352,0.00281
SWAP,(Q=K!=V)+,353,0.00279
SWAP,(Q=K!=V)+,354,0.00281
SWAP,(Q=K!=V)+,355,0.00279
SWAP,(Q=K!=V)+,356,0.00276
SWAP,(Q=K!=V)+,357,0.00274
SWAP,(Q=K!=V)+,358,0.00274
SWAP,(Q=K!=V)+,359,0.00275
SWAP,(Q=K!=V)+,360,0.00270
SWAP,(Q=K!=V)+,361,0.00269
SWAP,(Q=K!=V)+,362,0.00271
SWAP,(Q=K!=V)+,363,0.00265
SWAP,(Q=K!=V)+,364,0.00266
SWAP,(Q=K!=V)+,365,0.00264
SWAP,(Q=K!=V)+,366,0.00263
SWAP,(Q=K!=V)+,367,0.00265
SWAP,(Q=K!=V)+,368,0.00264
SWAP,(Q=K!=V)+,369,0.00260
SWAP,(Q=K!=V)+,370,0.00261
SWAP,(Q=K!=V)+,371,0.00259
SWAP,(Q=K!=V)+,372,0.00258
SWAP,(Q=K!=V)+,373,0.00258
SWAP,(Q=K!=V)+,374,0.00256
SWAP,(Q=K!=V)+,375,0.00254
SWAP,(Q=K!=V)+,376,0.00255
SWAP,(Q=K!=V)+,377,0.00250
SWAP,(Q=K!=V)+,378,0.00251
SWAP,(Q=K!=V)+,379,0.00250
SWAP,(Q=K!=V)+,380,0.00251
SWAP,(Q=K!=V)+,381,0.00248
SWAP,(Q=K!=V)+,382,0.00250
SWAP,(Q=K!=V)+,383,0.00248
SWAP,(Q=K!=V)+,384,0.00246
SWAP,(Q=K!=V)+,385,0.00246
SWAP,(Q=K!=V)+,386,0.00246
SWAP,(Q=K!=V)+,387,0.00243
SWAP,(Q=K!=V)+,388,0.00242
SWAP,(Q=K!=V)+,389,0.00242
SWAP,(Q=K!=V)+,390,0.00240
SWAP,(Q=K!=V)+,391,0.00241
SWAP,(Q=K!=V)+,392,0.00237
SWAP,(Q=K!=V)+,393,0.00237
SWAP,(Q=K!=V)+,394,0.00240
SWAP,(Q=K!=V)+,395,0.00234
SWAP,(Q=K!=V)+,396,0.00236
SWAP,(Q=K!=V)+,397,0.00233
SWAP,(Q=K!=V)+,398,0.00233
SWAP,(Q=K!=V)+,399,0.00232
SWAP,(Q=K!=V)+,400,0.00233
SWAP,(Q=K!=V)+,401,0.00230
SWAP,(Q=K!=V)+,402,0.00230
SWAP,(Q=K!=V)+,403,0.00229
SWAP,(Q=K!=V)+,404,0.00229
SWAP,(Q=K!=V)+,405,0.00228
SWAP,(Q=K!=V)+,406,0.00227
SWAP,(Q=K!=V)+,407,0.00228
SWAP,(Q=K!=V)+,408,0.00226
SWAP,(Q=K!=V)+,409,0.00224
SWAP,(Q=K!=V)+,410,0.00223
SWAP,(Q=K!=V)+,411,0.00223
SWAP,(Q=K!=V)+,412,0.00222
SWAP,(Q=K!=V)+,413,0.00225
SWAP,(Q=K!=V)+,414,0.00223
SWAP,(Q=K!=V)+,415,0.00221
SWAP,(Q=K!=V)+,416,0.00221
SWAP,(Q=K!=V)+,417,0.00219
SWAP,(Q=K!=V)+,418,0.00218
SWAP,(Q=K!=V)+,419,0.00218
SWAP,(Q=K!=V)+,420,0.00216
SWAP,(Q=K!=V)+,421,0.00217
SWAP,(Q=K!=V)+,422,0.00216
SWAP,(Q=K!=V)+,423,0.00215
SWAP,(Q=K!=V)+,424,0.00215
SWAP,(Q=K!=V)+,425,0.00215
SWAP,(Q=K!=V)+,426,0.00215
SWAP,(Q=K!=V)+,427,0.00215
SWAP,(Q=K!=V)+,428,0.00212
SWAP,(Q=K!=V)+,429,0.00213
SWAP,(Q=K!=V)+,430,0.00211
SWAP,(Q=K!=V)+,431,0.00212
SWAP,(Q=K!=V)+,432,0.00210
SWAP,(Q=K!=V)+,433,0.00210
SWAP,(Q=K!=V)+,434,0.00209
SWAP,(Q=K!=V)+,435,0.00208
SWAP,(Q=K!=V)+,436,0.00209
SWAP,(Q=K!=V)+,437,0.00208
SWAP,(Q=K!=V)+,438,0.00205
SWAP,(Q=K!=V)+,439,0.00206
SWAP,(Q=K!=V)+,440,0.00207
SWAP,(Q=K!=V)+,441,0.00205
SWAP,(Q=K!=V)+,442,0.00206
SWAP,(Q=K!=V)+,443,0.00204
SWAP,(Q=K!=V)+,444,0.00204
SWAP,(Q=K!=V)+,445,0.00204
SWAP,(Q=K!=V)+,446,0.00202
SWAP,(Q=K!=V)+,447,0.00201
SWAP,(Q=K!=V)+,448,0.00200
SWAP,(Q=K!=V)+,449,0.00201
SWAP,(Q=K!=V)+,450,0.00200
SWAP,(Q=K!=V)+,451,0.00201
SWAP,(Q=K!=V)+,452,0.00200
SWAP,(Q=K!=V)+,453,0.00199
SWAP,(Q=K!=V)+,454,0.00196
SWAP,(Q=K!=V)+,455,0.00198
SWAP,(Q=K!=V)+,456,0.00196
SWAP,(Q=K!=V)+,457,0.00196
SWAP,(Q=K!=V)+,458,0.00196
SWAP,(Q=K!=V)+,459,0.00196
SWAP,(Q=K!=V)+,460,0.00194
SWAP,(Q=K!=V)+,461,0.00195
SWAP,(Q=K!=V)+,462,0.00194
SWAP,(Q=K!=V)+,463,0.00192
SWAP,(Q=K!=V)+,464,0.00194
SWAP,(Q=K!=V)+,465,0.00193
SWAP,(Q=K!=V)+,466,0.00194
SWAP,(Q=K!=V)+,467,0.00191
SWAP,(Q=K!=V)+,468,0.00192
SWAP,(Q=K!=V)+,469,0.00191
SWAP,(Q=K!=V)+,470,0.00192
SWAP,(Q=K!=V)+,471,0.00190
SWAP,(Q=K!=V)+,472,0.00189
SWAP,(Q=K!=V)+,473,0.00189
SWAP,(Q=K!=V)+,474,0.00188
SWAP,(Q=K!=V)+,475,0.00188
SWAP,(Q=K!=V)+,476,0.00187
SWAP,(Q=K!=V)+,477,0.00188
SWAP,(Q=K!=V)+,478,0.00188
SWAP,(Q=K!=V)+,479,0.00188
SWAP,(Q=K!=V)+,480,0.00185
SWAP,(Q=K!=V)+,481,0.00187
SWAP,(Q=K!=V)+,482,0.00185
SWAP,(Q=K!=V)+,483,0.00184
SWAP,(Q=K!=V)+,484,0.00184
SWAP,(Q=K!=V)+,485,0.00186
SWAP,(Q=K!=V)+,486,0.00184
SWAP,(Q=K!=V)+,487,0.00183
SWAP,(Q=K!=V)+,488,0.00184
SWAP,(Q=K!=V)+,489,0.00183
SWAP,(Q=K!=V)+,490,0.00183
SWAP,(Q=K!=V)+,491,0.00183
SWAP,(Q=K!=V)+,492,0.00181
SWAP,(Q=K!=V)+,493,0.00181
SWAP,(Q=K!=V)+,494,0.00181
SWAP,(Q=K!=V)+,495,0.00180
SWAP,(Q=K!=V)+,496,0.00180
SWAP,(Q=K!=V)+,497,0.00180
SWAP,(Q=K!=V)+,498,0.00179
SWAP,(Q=K!=V)+,499,0.00178
SWAP,(Q=K!=V)+,500,0.00179
SWAP,(Q=K!=V)+,501,0.00178
SWAP,(Q=K!=V)+,502,0.00179
SWAP,(Q=K!=V)+,503,0.00178
SWAP,(Q=K!=V)+,504,0.00178
SWAP,(Q=K!=V)+,505,0.00179
SWAP,(Q=K!=V)+,506,0.00177
SWAP,(Q=K!=V)+,507,0.00178
SWAP,(Q=K!=V)+,508,0.00177
SWAP,(Q=K!=V)+,509,0.00177
SWAP,(Q=K!=V)+,510,0.00176
SWAP,(Q=K!=V)+,511,0.00176
SWAP,(Q=K!=V)+,512,0.00175
SWAP,(Q=K!=V)+,513,0.00174
SWAP,(Q=K!=V)+,514,0.00174
SWAP,(Q=K!=V)+,515,0.00176
SWAP,(Q=K!=V)+,516,0.00174
SWAP,(Q=K!=V)+,517,0.00174
SWAP,(Q=K!=V)+,518,0.00174
SWAP,(Q=K!=V)+,519,0.00173
SWAP,(Q=K!=V)+,520,0.00174
SWAP,(Q=K!=V)+,521,0.00173
SWAP,(Q=K!=V)+,522,0.00173
SWAP,(Q=K!=V)+,523,0.00171
SWAP,(Q=K!=V)+,524,0.00172
SWAP,(Q=K!=V)+,525,0.00171
SWAP,(Q=K!=V)+,526,0.00172
SWAP,(Q=K!=V)+,527,0.00171
SWAP,(Q=K!=V)+,528,0.00171
SWAP,(Q=K!=V)+,529,0.00169
SWAP,(Q=K!=V)+,530,0.00170
SWAP,(Q=K!=V)+,531,0.00169
SWAP,(Q=K!=V)+,532,0.00171
SWAP,(Q=K!=V)+,533,0.00170
SWAP,(Q=K!=V)+,534,0.00168
SWAP,(Q=K!=V)+,535,0.00169
SWAP,(Q=K!=V)+,536,0.00169
SWAP,(Q=K!=V)+,537,0.00169
SWAP,(Q=K!=V)+,538,0.00167
SWAP,(Q=K!=V)+,539,0.00169
SWAP,(Q=K!=V)+,540,0.00168
SWAP,(Q=K!=V)+,541,0.00167
SWAP,(Q=K!=V)+,542,0.00166
SWAP,(Q=K!=V)+,543,0.00167
SWAP,(Q=K!=V)+,544,0.00167
SWAP,(Q=K!=V)+,545,0.00167
SWAP,(Q=K!=V)+,546,0.00167
SWAP,(Q=K!=V)+,547,0.00167
SWAP,(Q=K!=V)+,548,0.00165
SWAP,(Q=K!=V)+,549,0.00167
SWAP,(Q=K!=V)+,550,0.00166
SWAP,(Q=K!=V)+,551,0.00164
SWAP,(Q=K!=V)+,552,0.00166
SWAP,(Q=K!=V)+,553,0.00164
SWAP,(Q=K!=V)+,554,0.00165
SWAP,(Q=K!=V)+,555,0.00165
SWAP,(Q=K!=V)+,556,0.00164
SWAP,(Q=K!=V)+,557,0.00163
SWAP,(Q=K!=V)+,558,0.00163
SWAP,(Q=K!=V)+,559,0.00165
SWAP,(Q=K!=V)+,560,0.00163
SWAP,(Q=K!=V)+,561,0.00163
SWAP,(Q=K!=V)+,562,0.00163
SWAP,(Q=K!=V)+,563,0.00162
SWAP,(Q=K!=V)+,564,0.00161
SWAP,(Q=K!=V)+,565,0.00162
SWAP,(Q=K!=V)+,566,0.00162
SWAP,(Q=K!=V)+,567,0.00162
SWAP,(Q=K!=V)+,568,0.00162
SWAP,(Q=K!=V)+,569,0.00162
SWAP,(Q=K!=V)+,570,0.00161
SWAP,(Q=K!=V)+,571,0.00161
SWAP,(Q=K!=V)+,572,0.00161
SWAP,(Q=K!=V)+,573,0.00160
SWAP,(Q=K!=V)+,574,0.00161
SWAP,(Q=K!=V)+,575,0.00162
SWAP,(Q=K!=V)+,576,0.00161
SWAP,(Q=K!=V)+,577,0.00160
SWAP,(Q=K!=V)+,578,0.00161
SWAP,(Q=K!=V)+,579,0.00161
SWAP,(Q=K!=V)+,580,0.00160
SWAP,(Q=K!=V)+,581,0.00160
SWAP,(Q=K!=V)+,582,0.00159
SWAP,(Q=K!=V)+,583,0.00159
SWAP,(Q=K!=V)+,584,0.00158
SWAP,(Q=K!=V)+,585,0.00158
SWAP,(Q=K!=V)+,586,0.00158
SWAP,(Q=K!=V)+,587,0.00159
SWAP,(Q=K!=V)+,588,0.00159
SWAP,(Q=K!=V)+,589,0.00158
SWAP,(Q=K!=V)+,590,0.00159
SWAP,(Q=K!=V)+,591,0.00158
SWAP,(Q=K!=V)+,592,0.00158
SWAP,(Q=K!=V)+,593,0.00157
SWAP,(Q=K!=V)+,594,0.00157
SWAP,(Q=K!=V)+,595,0.00158
SWAP,(Q=K!=V)+,596,0.00158
SWAP,(Q=K!=V)+,597,0.00157
SWAP,(Q=K!=V)+,598,0.00157
SWAP,(Q=K!=V)+,599,0.00157
SWAP,(Q=K!=V)+,600,0.00156
SWAP,(Q=K!=V)+,601,0.00156
SWAP,(Q=K!=V)+,602,0.00157
SWAP,(Q=K!=V)+,603,0.00157
SWAP,(Q=K!=V)+,604,0.00157
SWAP,(Q=K!=V)+,605,0.00155
SWAP,(Q=K!=V)+,606,0.00157
SWAP,(Q=K!=V)+,607,0.00156
SWAP,(Q=K!=V)+,608,0.00156
SWAP,(Q=K!=V)+,609,0.00156
SWAP,(Q=K!=V)+,610,0.00156
SWAP,(Q=K!=V)+,611,0.00156
SWAP,(Q=K!=V)+,612,0.00155
SWAP,(Q=K!=V)+,613,0.00155
SWAP,(Q=K!=V)+,614,0.00155
SWAP,(Q=K!=V)+,615,0.00155
SWAP,(Q=K!=V)+,616,0.00155
SWAP,(Q=K!=V)+,617,0.00154
SWAP,(Q=K!=V)+,618,0.00154
SWAP,(Q=K!=V)+,619,0.00155
SWAP,(Q=K!=V)+,620,0.00154
SWAP,(Q=K!=V)+,621,0.00154
SWAP,(Q=K!=V)+,622,0.00154
SWAP,(Q=K!=V)+,623,0.00155
SWAP,(Q=K!=V)+,624,0.00153
SWAP,(Q=K!=V)+,625,0.00154
SWAP,(Q=K!=V)+,626,0.00153
SWAP,(Q=K!=V)+,627,0.00153
SWAP,(Q=K!=V)+,628,0.00155
SWAP,(Q=K!=V)+,629,0.00153
SWAP,(Q=K!=V)+,630,0.00154
SWAP,(Q=K!=V)+,631,0.00154
SWAP,(Q=K!=V)+,632,0.00153
SWAP,(Q=K!=V)+,633,0.00153
SWAP,(Q=K!=V)+,634,0.00153
SWAP,(Q=K!=V)+,635,0.00152
SWAP,(Q=K!=V)+,636,0.00154
SWAP,(Q=K!=V)+,637,0.00154
SWAP,(Q=K!=V)+,638,0.00153
SWAP,(Q=K!=V)+,639,0.00153
SWAP,(Q=K!=V)+,640,0.00153
SWAP,(Q=K!=V)+,641,0.00153
SWAP,(Q=K!=V)+,642,0.00152
SWAP,(Q=K!=V)+,643,0.00151
SWAP,(Q=K!=V)+,644,0.00151
SWAP,(Q=K!=V)+,645,0.00152
SWAP,(Q=K!=V)+,646,0.00152
SWAP,(Q=K!=V)+,647,0.00151
SWAP,(Q=K!=V)+,648,0.00152
SWAP,(Q=K!=V)+,649,0.00151
SWAP,(Q=K!=V)+,650,0.00151
SWAP,(Q=K!=V)+,651,0.00151
SWAP,(Q=K!=V)+,652,0.00152
SWAP,(Q=K!=V)+,653,0.00152
SWAP,(Q=K!=V)+,654,0.00151
SWAP,(Q=K!=V)+,655,0.00151
SWAP,(Q=K!=V)+,656,0.00151
SWAP,(Q=K!=V)+,657,0.00151
SWAP,(Q=K!=V)+,658,0.00151
SWAP,(Q=K!=V)+,659,0.00152
SWAP,(Q=K!=V)+,660,0.00152
SWAP,(Q=K!=V)+,661,0.00150
SWAP,(Q=K!=V)+,662,0.00150
SWAP,(Q=K!=V)+,663,0.00152
SWAP,(Q=K!=V)+,664,0.00151
SWAP,(Q=K!=V)+,665,0.00150
SWAP,(Q=K!=V)+,666,0.00151
SWAP,(Q=K!=V)+,667,0.00150
SWAP,(Q=K!=V)+,668,0.00152
SWAP,(Q=K!=V)+,669,0.00151
SWAP,(Q=K!=V)+,670,0.00149
SWAP,(Q=K!=V)+,671,0.00150
SWAP,(Q=K!=V)+,672,0.00150
SWAP,(Q=K!=V)+,673,0.00150
SWAP,(Q=K!=V)+,674,0.00149
SWAP,(Q=K!=V)+,675,0.00150
SWAP,(Q=K!=V)+,676,0.00152
SWAP,(Q=K!=V)+,677,0.00150
SWAP,(Q=K!=V)+,678,0.00150
SWAP,(Q=K!=V)+,679,0.00150
SWAP,(Q=K!=V)+,680,0.00150
SWAP,(Q=K!=V)+,681,0.00150
SWAP,(Q=K!=V)+,682,0.00150
SWAP,(Q=K!=V)+,683,0.00150
SWAP,(Q=K!=V)+,684,0.00150
SWAP,(Q=K!=V)+,685,0.00149
SWAP,(Q=K!=V)+,686,0.00149
SWAP,(Q=K!=V)+,687,0.00152
SWAP,(Q=K!=V)+,688,0.00150
SWAP,(Q=K!=V)+,689,0.00150
SWAP,(Q=K!=V)+,690,0.00149
SWAP,(Q=K!=V)+,691,0.00149
SWAP,(Q=K!=V)+,692,0.00149
SWAP,(Q=K!=V)+,693,0.00149
SWAP,(Q=K!=V)+,694,0.00150
SWAP,(Q=K!=V)+,695,0.00148
SWAP,(Q=K!=V)+,696,0.00150
SWAP,(Q=K!=V)+,697,0.00148
SWAP,(Q=K!=V)+,698,0.00149
SWAP,(Q=K!=V)+,699,0.00148
SWAP,(Q=K!=V)+,700,0.00149
SWAP,(Q=K!=V)+,701,0.00149
SWAP,(Q=K!=V)+,702,0.00149
SWAP,(Q=K!=V)+,703,0.00150
SWAP,(Q=K!=V)+,704,0.00149
SWAP,(Q=K!=V)+,705,0.00150
SWAP,(Q=K!=V)+,706,0.00148
SWAP,(Q=K!=V)+,707,0.00148
SWAP,(Q=K!=V)+,708,0.00148
SWAP,(Q=K!=V)+,709,0.00149
SWAP,(Q=K!=V)+,710,0.00149
SWAP,(Q=K!=V)+,711,0.00149
SWAP,(Q=K!=V)+,712,0.00148
SWAP,(Q=K!=V)+,713,0.00148
SWAP,(Q=K!=V)+,714,0.00149
SWAP,(Q=K!=V)+,715,0.00149
SWAP,(Q=K!=V)+,716,0.00149
SWAP,(Q=K!=V)+,717,0.00148
SWAP,(Q=K!=V)+,718,0.00148
SWAP,(Q=K!=V)+,719,0.00148
SWAP,(Q=K!=V)+,720,0.00149
SWAP,(Q=K!=V)+,721,0.00148
SWAP,(Q=K!=V)+,722,0.00148
SWAP,(Q=K!=V)+,723,0.00148
SWAP,(Q=K!=V)+,724,0.00148
SWAP,(Q=K!=V)+,725,0.00149
SWAP,(Q=K!=V)+,726,0.00149
SWAP,(Q=K!=V)+,727,0.00147
SWAP,(Q=K!=V)+,728,0.00148
SWAP,(Q=K!=V)+,729,0.00148
SWAP,(Q=K!=V)+,730,0.00149
SWAP,(Q=K!=V)+,731,0.00148
SWAP,(Q=K!=V)+,732,0.00148
SWAP,(Q=K!=V)+,733,0.00148
SWAP,(Q=K!=V)+,734,0.00149
SWAP,(Q=K!=V)+,735,0.00148
SWAP,(Q=K!=V)+,736,0.00148
SWAP,(Q=K!=V)+,737,0.00149
SWAP,(Q=K!=V)+,738,0.00148
SWAP,(Q=K!=V)+,739,0.00147
SWAP,(Q=K!=V)+,740,0.00150
SWAP,(Q=K!=V)+,741,0.00149
SWAP,(Q=K!=V)+,742,0.00148
SWAP,(Q=K!=V)+,743,0.00149
SWAP,(Q=K!=V)+,744,0.00150
SWAP,(Q=K!=V)+,745,0.00148
SWAP,(Q=K!=V)+,746,0.00148
SWAP,(Q=K!=V)+,747,0.00147
SWAP,(Q=K!=V)+,748,0.00148
SWAP,(Q=K!=V)+,749,0.00148
SWAP,(Q=K!=V)+,750,0.00148
SWAP,(Q=K!=V)+,751,0.00147
SWAP,(Q=K!=V)+,752,0.00149
SWAP,(Q=K!=V)+,753,0.00148
SWAP,(Q=K!=V)+,754,0.00148
SWAP,(Q=K!=V)+,755,0.00149
SWAP,(Q=K!=V)+,756,0.00148
SWAP,(Q=K!=V)+,757,0.00148
SWAP,(Q=K!=V)+,758,0.00150
SWAP,(Q=K!=V)+,759,0.00147
SWAP,(Q=K!=V)+,760,0.00147
SWAP,(Q=K!=V)+,761,0.00148
SWAP,(Q=K!=V)+,762,0.00148
SWAP,(Q=K!=V)+,763,0.00149
SWAP,(Q=K!=V)+,764,0.00149
SWAP,(Q=K!=V)+,765,0.00148
SWAP,(Q=K!=V)+,766,0.00148
SWAP,(Q=K!=V)+,767,0.00149
SWAP,(Q=K!=V)+,768,0.00148
SWAP,(Q=K!=V)+,769,0.00148
SWAP,(Q=K!=V)+,770,0.00148
SWAP,(Q=K!=V)+,771,0.00148
SWAP,(Q=K!=V)+,772,0.00149
SWAP,(Q=K!=V)+,773,0.00148
SWAP,(Q=K!=V)+,774,0.00148
SWAP,(Q=K!=V)+,775,0.00149
SWAP,(Q=K!=V)+,776,0.00148
SWAP,(Q=K!=V)+,777,0.00148
SWAP,(Q=K!=V)+,778,0.00148
SWAP,(Q=K!=V)+,779,0.00148
SWAP,(Q=K!=V)+,780,0.00149
SWAP,(Q=K!=V)+,781,0.00148
SWAP,(Q=K!=V)+,782,0.00148
SWAP,(Q=K!=V)+,783,0.00147
SWAP,(Q=K!=V)+,784,0.00147
SWAP,(Q=K!=V)+,785,0.00148
SWAP,(Q=K!=V)+,786,0.00147
SWAP,(Q=K!=V)+,787,0.00148
SWAP,(Q=K!=V)+,788,0.00148
SWAP,(Q=K!=V)+,789,0.00151
SWAP,Q!=K=V,0,2.46878
SWAP,Q!=K=V,1,2.46791
SWAP,Q!=K=V,2,2.47444
SWAP,Q!=K=V,3,2.46044
SWAP,Q!=K=V,4,2.45480
SWAP,Q!=K=V,5,2.45320
SWAP,Q!=K=V,6,2.45040
SWAP,Q!=K=V,7,2.44613
SWAP,Q!=K=V,8,2.43600
SWAP,Q!=K=V,9,2.42995
SWAP,Q!=K=V,10,2.42326
SWAP,Q!=K=V,11,2.41464
SWAP,Q!=K=V,12,2.40698
SWAP,Q!=K=V,13,2.40195
SWAP,Q!=K=V,14,2.39499
SWAP,Q!=K=V,15,2.38822
SWAP,Q!=K=V,16,2.38019
SWAP,Q!=K=V,17,2.37307
SWAP,Q!=K=V,18,2.36892
SWAP,Q!=K=V,19,2.36152
SWAP,Q!=K=V,20,2.35351
SWAP,Q!=K=V,21,2.34848
SWAP,Q!=K=V,22,2.34591
SWAP,Q!=K=V,23,2.33867
SWAP,Q!=K=V,24,2.33418
SWAP,Q!=K=V,25,2.33075
SWAP,Q!=K=V,26,2.33177
SWAP,Q!=K=V,27,2.32650
SWAP,Q!=K=V,28,2.32289
SWAP,Q!=K=V,29,2.32019
SWAP,Q!=K=V,30,2.31805
SWAP,Q!=K=V,31,2.31687
SWAP,Q!=K=V,32,2.31478
SWAP,Q!=K=V,33,2.31466
SWAP,Q!=K=V,34,2.31268
SWAP,Q!=K=V,35,2.31155
SWAP,Q!=K=V,36,2.31011
SWAP,Q!=K=V,37,2.30861
SWAP,Q!=K=V,38,2.30891
SWAP,Q!=K=V,39,2.30976
SWAP,Q!=K=V,40,2.30784
SWAP,Q!=K=V,41,2.30709
SWAP,Q!=K=V,42,2.30833
SWAP,Q!=K=V,43,2.30587
SWAP,Q!=K=V,44,2.30561
SWAP,Q!=K=V,45,2.30658
SWAP,Q!=K=V,46,2.30640
SWAP,Q!=K=V,47,2.30542
SWAP,Q!=K=V,48,2.30483
SWAP,Q!=K=V,49,2.30461
SWAP,Q!=K=V,50,2.30478
SWAP,Q!=K=V,51,2.30454
SWAP,Q!=K=V,52,2.30467
SWAP,Q!=K=V,53,2.30400
SWAP,Q!=K=V,54,2.30432
SWAP,Q!=K=V,55,2.30434
SWAP,Q!=K=V,56,2.30366
SWAP,Q!=K=V,57,2.30373
SWAP,Q!=K=V,58,2.30434
SWAP,Q!=K=V,59,2.30412
SWAP,Q!=K=V,60,2.30296
SWAP,Q!=K=V,61,2.30382
SWAP,Q!=K=V,62,2.30381
SWAP,Q!=K=V,63,2.30351
SWAP,Q!=K=V,64,2.30364
SWAP,Q!=K=V,65,2.30358
SWAP,Q!=K=V,66,2.30363
SWAP,Q!=K=V,67,2.30351
SWAP,Q!=K=V,68,2.30320
SWAP,Q!=K=V,69,2.30327
SWAP,Q!=K=V,70,2.30295
SWAP,Q!=K=V,71,2.30400
SWAP,Q!=K=V,72,2.30218
SWAP,Q!=K=V,73,2.30285
SWAP,Q!=K=V,74,2.30270
SWAP,Q!=K=V,75,2.30196
SWAP,Q!=K=V,76,2.30334
SWAP,Q!=K=V,77,2.30346
SWAP,Q!=K=V,78,2.30217
SWAP,Q!=K=V,79,2.30229
SWAP,Q!=K=V,80,2.30300
SWAP,Q!=K=V,81,2.30260
SWAP,Q!=K=V,82,2.30262
SWAP,Q!=K=V,83,2.30306
SWAP,Q!=K=V,84,2.30196
SWAP,Q!=K=V,85,2.30227
SWAP,Q!=K=V,86,2.30159
SWAP,Q!=K=V,87,2.30200
SWAP,Q!=K=V,88,2.30206
SWAP,Q!=K=V,89,2.30241
SWAP,Q!=K=V,90,2.30202
SWAP,Q!=K=V,91,2.30256
SWAP,Q!=K=V,92,2.30192
SWAP,Q!=K=V,93,2.30249
SWAP,Q!=K=V,94,2.30158
SWAP,Q!=K=V,95,2.30225
SWAP,Q!=K=V,96,2.30182
SWAP,Q!=K=V,97,2.30183
SWAP,Q!=K=V,98,2.30127
SWAP,Q!=K=V,99,2.30189
SWAP,Q!=K=V,100,2.30229
SWAP,Q!=K=V,101,2.30157
SWAP,Q!=K=V,102,2.30116
SWAP,Q!=K=V,103,2.30055
SWAP,Q!=K=V,104,2.30198
SWAP,Q!=K=V,105,2.30111
SWAP,Q!=K=V,106,2.30174
SWAP,Q!=K=V,107,2.30105
SWAP,Q!=K=V,108,2.30117
SWAP,Q!=K=V,109,2.30056
SWAP,Q!=K=V,110,2.30123
SWAP,Q!=K=V,111,2.30094
SWAP,Q!=K=V,112,2.30041
SWAP,Q!=K=V,113,2.30057
SWAP,Q!=K=V,114,2.30057
SWAP,Q!=K=V,115,2.30079
SWAP,Q!=K=V,116,2.30017
SWAP,Q!=K=V,117,2.30045
SWAP,Q!=K=V,118,2.30043
SWAP,Q!=K=V,119,2.29928
SWAP,Q!=K=V,120,2.30028
SWAP,Q!=K=V,121,2.29943
SWAP,Q!=K=V,122,2.29944
SWAP,Q!=K=V,123,2.29871
SWAP,Q!=K=V,124,2.29820
SWAP,Q!=K=V,125,2.29866
SWAP,Q!=K=V,126,2.29896
SWAP,Q!=K=V,127,2.29797
SWAP,Q!=K=V,128,2.29796
SWAP,Q!=K=V,129,2.29692
SWAP,Q!=K=V,130,2.29749
SWAP,Q!=K=V,131,2.29684
SWAP,Q!=K=V,132,2.29639
SWAP,Q!=K=V,133,2.29586
SWAP,Q!=K=V,134,2.29594
SWAP,Q!=K=V,135,2.29452
SWAP,Q!=K=V,136,2.29320
SWAP,Q!=K=V,137,2.29252
SWAP,Q!=K=V,138,2.29335
SWAP,Q!=K=V,139,2.29116
SWAP,Q!=K=V,140,2.28933
SWAP,Q!=K=V,141,2.28890
SWAP,Q!=K=V,142,2.28813
SWAP,Q!=K=V,143,2.28617
SWAP,Q!=K=V,144,2.28401
SWAP,Q!=K=V,145,2.28223
SWAP,Q!=K=V,146,2.27962
SWAP,Q!=K=V,147,2.27615
SWAP,Q!=K=V,148,2.27273
SWAP,Q!=K=V,149,2.27085
SWAP,Q!=K=V,150,2.26750
SWAP,Q!=K=V,151,2.26347
SWAP,Q!=K=V,152,2.25932
SWAP,Q!=K=V,153,2.25501
SWAP,Q!=K=V,154,2.24822
SWAP,Q!=K=V,155,2.24221
SWAP,Q!=K=V,156,2.23635
SWAP,Q!=K=V,157,2.21991
SWAP,Q!=K=V,158,2.22002
SWAP,Q!=K=V,159,2.21039
SWAP,Q!=K=V,160,2.20005
SWAP,Q!=K=V,161,2.19070
SWAP,Q!=K=V,162,2.17352
SWAP,Q!=K=V,163,2.16416
SWAP,Q!=K=V,164,2.15175
SWAP,Q!=K=V,165,2.13472
SWAP,Q!=K=V,166,2.12092
SWAP,Q!=K=V,167,2.10140
SWAP,Q!=K=V,168,2.08277
SWAP,Q!=K=V,169,2.06503
SWAP,Q!=K=V,170,2.03615
SWAP,Q!=K=V,171,2.01949
SWAP,Q!=K=V,172,1.99130
SWAP,Q!=K=V,173,1.95917
SWAP,Q!=K=V,174,1.93216
SWAP,Q!=K=V,175,1.90361
SWAP,Q!=K=V,176,1.86889
SWAP,Q!=K=V,177,1.83575
SWAP,Q!=K=V,178,1.80398
SWAP,Q!=K=V,179,1.76032
SWAP,Q!=K=V,180,1.72937
SWAP,Q!=K=V,181,1.68613
SWAP,Q!=K=V,182,1.65393
SWAP,Q!=K=V,183,1.60612
SWAP,Q!=K=V,184,1.56912
SWAP,Q!=K=V,185,1.53734
SWAP,Q!=K=V,186,1.49350
SWAP,Q!=K=V,187,1.45387
SWAP,Q!=K=V,188,1.41343
SWAP,Q!=K=V,189,1.36704
SWAP,Q!=K=V,190,1.33491
SWAP,Q!=K=V,191,1.28863
SWAP,Q!=K=V,192,1.25094
SWAP,Q!=K=V,193,1.20442
SWAP,Q!=K=V,194,1.16614
SWAP,Q!=K=V,195,1.13455
SWAP,Q!=K=V,196,1.08136
SWAP,Q!=K=V,197,1.04677
SWAP,Q!=K=V,198,1.01263
SWAP,Q!=K=V,199,0.96683
SWAP,Q!=K=V,200,0.93227
SWAP,Q!=K=V,201,0.89558
SWAP,Q!=K=V,202,0.85784
SWAP,Q!=K=V,203,0.82152
SWAP,Q!=K=V,204,0.79141
SWAP,Q!=K=V,205,0.75134
SWAP,Q!=K=V,206,0.71839
SWAP,Q!=K=V,207,0.68048
SWAP,Q!=K=V,208,0.64667
SWAP,Q!=K=V,209,0.60956
SWAP,Q!=K=V,210,0.57888
SWAP,Q!=K=V,211,0.54998
SWAP,Q!=K=V,212,0.51478
SWAP,Q!=K=V,213,0.48385
SWAP,Q!=K=V,214,0.45216
SWAP,Q!=K=V,215,0.42344
SWAP,Q!=K=V,216,0.39444
SWAP,Q!=K=V,217,0.36023
SWAP,Q!=K=V,218,0.33477
SWAP,Q!=K=V,219,0.30693
SWAP,Q!=K=V,220,0.28180
SWAP,Q!=K=V,221,0.25586
SWAP,Q!=K=V,222,0.23253
SWAP,Q!=K=V,223,0.21412
SWAP,Q!=K=V,224,0.18928
SWAP,Q!=K=V,225,0.16903
SWAP,Q!=K=V,226,0.15754
SWAP,Q!=K=V,227,0.14204
SWAP,Q!=K=V,228,0.12731
SWAP,Q!=K=V,229,0.11762
SWAP,Q!=K=V,230,0.10506
SWAP,Q!=K=V,231,0.09496
SWAP,Q!=K=V,232,0.08837
SWAP,Q!=K=V,233,0.08116
SWAP,Q!=K=V,234,0.07364
SWAP,Q!=K=V,235,0.06839
SWAP,Q!=K=V,236,0.06222
SWAP,Q!=K=V,237,0.05884
SWAP,Q!=K=V,238,0.05370
SWAP,Q!=K=V,239,0.05002
SWAP,Q!=K=V,240,0.04535
SWAP,Q!=K=V,241,0.04286
SWAP,Q!=K=V,242,0.03930
SWAP,Q!=K=V,243,0.03638
SWAP,Q!=K=V,244,0.03445
SWAP,Q!=K=V,245,0.03233
SWAP,Q!=K=V,246,0.02966
SWAP,Q!=K=V,247,0.02822
SWAP,Q!=K=V,248,0.02715
SWAP,Q!=K=V,249,0.02589
SWAP,Q!=K=V,250,0.02379
SWAP,Q!=K=V,251,0.02266
SWAP,Q!=K=V,252,0.02156
SWAP,Q!=K=V,253,0.02023
SWAP,Q!=K=V,254,0.01982
SWAP,Q!=K=V,255,0.01876
SWAP,Q!=K=V,256,0.01849
SWAP,Q!=K=V,257,0.01802
SWAP,Q!=K=V,258,0.01645
SWAP,Q!=K=V,259,0.01644
SWAP,Q!=K=V,260,0.01569
SWAP,Q!=K=V,261,0.01526
SWAP,Q!=K=V,262,0.01485
SWAP,Q!=K=V,263,0.01443
SWAP,Q!=K=V,264,0.01437
SWAP,Q!=K=V,265,0.01372
SWAP,Q!=K=V,266,0.01307
SWAP,Q!=K=V,267,0.01256
SWAP,Q!=K=V,268,0.01244
SWAP,Q!=K=V,269,0.01199
SWAP,Q!=K=V,270,0.01217
SWAP,Q!=K=V,271,0.01138
SWAP,Q!=K=V,272,0.01145
SWAP,Q!=K=V,273,0.01127
SWAP,Q!=K=V,274,0.01089
SWAP,Q!=K=V,275,0.01035
SWAP,Q!=K=V,276,0.01058
SWAP,Q!=K=V,277,0.00995
SWAP,Q!=K=V,278,0.01034
SWAP,Q!=K=V,279,0.00985
SWAP,Q!=K=V,280,0.00965
SWAP,Q!=K=V,281,0.00949
SWAP,Q!=K=V,282,0.00917
SWAP,Q!=K=V,283,0.00936
SWAP,Q!=K=V,284,0.00886
SWAP,Q!=K=V,285,0.00885
SWAP,Q!=K=V,286,0.00885
SWAP,Q!=K=V,287,0.00858
SWAP,Q!=K=V,288,0.00851
SWAP,Q!=K=V,289,0.00860
SWAP,Q!=K=V,290,0.00816
SWAP,Q!=K=V,291,0.00810
SWAP,Q!=K=V,292,0.00802
SWAP,Q!=K=V,293,0.00793
SWAP,Q!=K=V,294,0.00768
SWAP,Q!=K=V,295,0.00761
SWAP,Q!=K=V,296,0.00768
SWAP,Q!=K=V,297,0.00767
SWAP,Q!=K=V,298,0.00732
SWAP,Q!=K=V,299,0.00746
SWAP,Q!=K=V,300,0.00735
SWAP,Q!=K=V,301,0.00713
SWAP,Q!=K=V,302,0.00696
SWAP,Q!=K=V,303,0.00708
SWAP,Q!=K=V,304,0.00681
SWAP,Q!=K=V,305,0.00689
SWAP,Q!=K=V,306,0.00685
SWAP,Q!=K=V,307,0.00657
SWAP,Q!=K=V,308,0.00684
SWAP,Q!=K=V,309,0.00653
SWAP,Q!=K=V,310,0.00642
SWAP,Q!=K=V,311,0.00650
SWAP,Q!=K=V,312,0.00631
SWAP,Q!=K=V,313,0.00641
SWAP,Q!=K=V,314,0.00639
SWAP,Q!=K=V,315,0.00598
SWAP,Q!=K=V,316,0.00611
SWAP,Q!=K=V,317,0.00585
SWAP,Q!=K=V,318,0.00591
SWAP,Q!=K=V,319,0.00612
SWAP,Q!=K=V,320,0.00582
SWAP,Q!=K=V,321,0.00569
SWAP,Q!=K=V,322,0.00577
SWAP,Q!=K=V,323,0.00580
SWAP,Q!=K=V,324,0.00560
SWAP,Q!=K=V,325,0.00559
SWAP,Q!=K=V,326,0.00548
SWAP,Q!=K=V,327,0.00542
SWAP,Q!=K=V,328,0.00545
SWAP,Q!=K=V,329,0.00538
SWAP,Q!=K=V,330,0.00538
SWAP,Q!=K=V,331,0.00519
SWAP,Q!=K=V,332,0.00522
SWAP,Q!=K=V,333,0.00527
SWAP,Q!=K=V,334,0.00501
SWAP,Q!=K=V,335,0.00534
SWAP,Q!=K=V,336,0.00512
SWAP,Q!=K=V,337,0.00508
SWAP,Q!=K=V,338,0.00503
SWAP,Q!=K=V,339,0.00503
SWAP,Q!=K=V,340,0.00494
SWAP,Q!=K=V,341,0.00481
SWAP,Q!=K=V,342,0.00479
SWAP,Q!=K=V,343,0.00494
SWAP,Q!=K=V,344,0.00474
SWAP,Q!=K=V,345,0.00490
SWAP,Q!=K=V,346,0.00457
SWAP,Q!=K=V,347,0.00464
SWAP,Q!=K=V,348,0.00458
SWAP,Q!=K=V,349,0.00466
SWAP,Q!=K=V,350,0.00461
SWAP,Q!=K=V,351,0.00465
SWAP,Q!=K=V,352,0.00456
SWAP,Q!=K=V,353,0.00452
SWAP,Q!=K=V,354,0.00455
SWAP,Q!=K=V,355,0.00440
SWAP,Q!=K=V,356,0.00425
SWAP,Q!=K=V,357,0.00445
SWAP,Q!=K=V,358,0.00425
SWAP,Q!=K=V,359,0.00433
SWAP,Q!=K=V,360,0.00431
SWAP,Q!=K=V,361,0.00428
SWAP,Q!=K=V,362,0.00425
SWAP,Q!=K=V,363,0.00423
SWAP,Q!=K=V,364,0.00416
SWAP,Q!=K=V,365,0.00410
SWAP,Q!=K=V,366,0.00411
SWAP,Q!=K=V,367,0.00407
SWAP,Q!=K=V,368,0.00410
SWAP,Q!=K=V,369,0.00393
SWAP,Q!=K=V,370,0.00417
SWAP,Q!=K=V,371,0.00404
SWAP,Q!=K=V,372,0.00397
SWAP,Q!=K=V,373,0.00404
SWAP,Q!=K=V,374,0.00414
SWAP,Q!=K=V,375,0.00387
SWAP,Q!=K=V,376,0.00399
SWAP,Q!=K=V,377,0.00397
SWAP,Q!=K=V,378,0.00387
SWAP,Q!=K=V,379,0.00385
SWAP,Q!=K=V,380,0.00371
SWAP,Q!=K=V,381,0.00374
SWAP,Q!=K=V,382,0.00375
SWAP,Q!=K=V,383,0.00374
SWAP,Q!=K=V,384,0.00385
SWAP,Q!=K=V,385,0.00374
SWAP,Q!=K=V,386,0.00364
SWAP,Q!=K=V,387,0.00367
SWAP,Q!=K=V,388,0.00360
SWAP,Q!=K=V,389,0.00355
SWAP,Q!=K=V,390,0.00375
SWAP,Q!=K=V,391,0.00366
SWAP,Q!=K=V,392,0.00369
SWAP,Q!=K=V,393,0.00366
SWAP,Q!=K=V,394,0.00361
SWAP,Q!=K=V,395,0.00345
SWAP,Q!=K=V,396,0.00363
SWAP,Q!=K=V,397,0.00349
SWAP,Q!=K=V,398,0.00354
SWAP,Q!=K=V,399,0.00339
SWAP,Q!=K=V,400,0.00351
SWAP,Q!=K=V,401,0.00341
SWAP,Q!=K=V,402,0.00334
SWAP,Q!=K=V,403,0.00341
SWAP,Q!=K=V,404,0.00339
SWAP,Q!=K=V,405,0.00333
SWAP,Q!=K=V,406,0.00334
SWAP,Q!=K=V,407,0.00343
SWAP,Q!=K=V,408,0.00343
SWAP,Q!=K=V,409,0.00322
SWAP,Q!=K=V,410,0.00330
SWAP,Q!=K=V,411,0.00325
SWAP,Q!=K=V,412,0.00323
SWAP,Q!=K=V,413,0.00332
SWAP,Q!=K=V,414,0.00324
SWAP,Q!=K=V,415,0.00316
SWAP,Q!=K=V,416,0.00318
SWAP,Q!=K=V,417,0.00313
SWAP,Q!=K=V,418,0.00324
SWAP,Q!=K=V,419,0.00311
SWAP,Q!=K=V,420,0.00302
SWAP,Q!=K=V,421,0.00313
SWAP,Q!=K=V,422,0.00305
SWAP,Q!=K=V,423,0.00311
SWAP,Q!=K=V,424,0.00303
SWAP,Q!=K=V,425,0.00297
SWAP,Q!=K=V,426,0.00306
SWAP,Q!=K=V,427,0.00309
SWAP,Q!=K=V,428,0.00302
SWAP,Q!=K=V,429,0.00301
SWAP,Q!=K=V,430,0.00302
SWAP,Q!=K=V,431,0.00307
SWAP,Q!=K=V,432,0.00301
SWAP,Q!=K=V,433,0.00304
SWAP,Q!=K=V,434,0.00299
SWAP,Q!=K=V,435,0.00301
SWAP,Q!=K=V,436,0.00299
SWAP,Q!=K=V,437,0.00288
SWAP,Q!=K=V,438,0.00300
SWAP,Q!=K=V,439,0.00293
SWAP,Q!=K=V,440,0.00286
SWAP,Q!=K=V,441,0.00289
SWAP,Q!=K=V,442,0.00290
SWAP,Q!=K=V,443,0.00283
SWAP,Q!=K=V,444,0.00291
SWAP,Q!=K=V,445,0.00281
SWAP,Q!=K=V,446,0.00281
SWAP,Q!=K=V,447,0.00286
SWAP,Q!=K=V,448,0.00284
SWAP,Q!=K=V,449,0.00282
SWAP,Q!=K=V,450,0.00278
SWAP,Q!=K=V,451,0.00284
SWAP,Q!=K=V,452,0.00283
SWAP,Q!=K=V,453,0.00280
SWAP,Q!=K=V,454,0.00280
SWAP,Q!=K=V,455,0.00273
SWAP,Q!=K=V,456,0.00278
SWAP,Q!=K=V,457,0.00275
SWAP,Q!=K=V,458,0.00267
SWAP,Q!=K=V,459,0.00268
SWAP,Q!=K=V,460,0.00277
SWAP,Q!=K=V,461,0.00266
SWAP,Q!=K=V,462,0.00267
SWAP,Q!=K=V,463,0.00265
SWAP,Q!=K=V,464,0.00272
SWAP,Q!=K=V,465,0.00265
SWAP,Q!=K=V,466,0.00265
SWAP,Q!=K=V,467,0.00267
SWAP,Q!=K=V,468,0.00259
SWAP,Q!=K=V,469,0.00260
SWAP,Q!=K=V,470,0.00266
SWAP,Q!=K=V,471,0.00265
SWAP,Q!=K=V,472,0.00263
SWAP,Q!=K=V,473,0.00271
SWAP,Q!=K=V,474,0.00260
SWAP,Q!=K=V,475,0.00259
SWAP,Q!=K=V,476,0.00259
SWAP,Q!=K=V,477,0.00258
SWAP,Q!=K=V,478,0.00255
SWAP,Q!=K=V,479,0.00258
SWAP,Q!=K=V,480,0.00251
SWAP,Q!=K=V,481,0.00258
SWAP,Q!=K=V,482,0.00256
SWAP,Q!=K=V,483,0.00252
SWAP,Q!=K=V,484,0.00255
SWAP,Q!=K=V,485,0.00254
SWAP,Q!=K=V,486,0.00247
SWAP,Q!=K=V,487,0.00247
SWAP,Q!=K=V,488,0.00250
SWAP,Q!=K=V,489,0.00247
SWAP,Q!=K=V,490,0.00252
SWAP,Q!=K=V,491,0.00250
SWAP,Q!=K=V,492,0.00246
SWAP,Q!=K=V,493,0.00244
SWAP,Q!=K=V,494,0.00240
SWAP,Q!=K=V,495,0.00241
SWAP,Q!=K=V,496,0.00244
SWAP,Q!=K=V,497,0.00240
SWAP,Q!=K=V,498,0.00244
SWAP,Q!=K=V,499,0.00241
SWAP,Q!=K=V,500,0.00239
SWAP,Q!=K=V,501,0.00245
SWAP,Q!=K=V,502,0.00241
SWAP,Q!=K=V,503,0.00238
SWAP,Q!=K=V,504,0.00245
SWAP,Q!=K=V,505,0.00238
SWAP,Q!=K=V,506,0.00235
SWAP,Q!=K=V,507,0.00237
SWAP,Q!=K=V,508,0.00240
SWAP,Q!=K=V,509,0.00241
SWAP,Q!=K=V,510,0.00236
SWAP,Q!=K=V,511,0.00239
SWAP,Q!=K=V,512,0.00236
SWAP,Q!=K=V,513,0.00232
SWAP,Q!=K=V,514,0.00235
SWAP,Q!=K=V,515,0.00233
SWAP,Q!=K=V,516,0.00230
SWAP,Q!=K=V,517,0.00236
SWAP,Q!=K=V,518,0.00233
SWAP,Q!=K=V,519,0.00232
SWAP,Q!=K=V,520,0.00230
SWAP,Q!=K=V,521,0.00230
SWAP,Q!=K=V,522,0.00231
SWAP,Q!=K=V,523,0.00235
SWAP,Q!=K=V,524,0.00223
SWAP,Q!=K=V,525,0.00231
SWAP,Q!=K=V,526,0.00231
SWAP,Q!=K=V,527,0.00231
SWAP,Q!=K=V,528,0.00234
SWAP,Q!=K=V,529,0.00226
SWAP,Q!=K=V,530,0.00233
SWAP,Q!=K=V,531,0.00234
SWAP,Q!=K=V,532,0.00228
SWAP,Q!=K=V,533,0.00224
SWAP,Q!=K=V,534,0.00230
SWAP,Q!=K=V,535,0.00229
SWAP,Q!=K=V,536,0.00222
SWAP,Q!=K=V,537,0.00224
SWAP,Q!=K=V,538,0.00225
SWAP,Q!=K=V,539,0.00222
SWAP,Q!=K=V,540,0.00229
SWAP,Q!=K=V,541,0.00229
SWAP,Q!=K=V,542,0.00220
SWAP,Q!=K=V,543,0.00222
SWAP,Q!=K=V,544,0.00217
SWAP,Q!=K=V,545,0.00228
SWAP,Q!=K=V,546,0.00225
SWAP,Q!=K=V,547,0.00222
SWAP,Q!=K=V,548,0.00218
SWAP,Q!=K=V,549,0.00222
SWAP,Q!=K=V,550,0.00217
SWAP,Q!=K=V,551,0.00216
SWAP,Q!=K=V,552,0.00227
SWAP,Q!=K=V,553,0.00215
SWAP,Q!=K=V,554,0.00222
SWAP,Q!=K=V,555,0.00216
SWAP,Q!=K=V,556,0.00217
SWAP,Q!=K=V,557,0.00216
SWAP,Q!=K=V,558,0.00220
SWAP,Q!=K=V,559,0.00212
SWAP,Q!=K=V,560,0.00211
SWAP,Q!=K=V,561,0.00216
SWAP,Q!=K=V,562,0.00216
SWAP,Q!=K=V,563,0.00215
SWAP,Q!=K=V,564,0.00220
SWAP,Q!=K=V,565,0.00211
SWAP,Q!=K=V,566,0.00215
SWAP,Q!=K=V,567,0.00212
SWAP,Q!=K=V,568,0.00212
SWAP,Q!=K=V,569,0.00211
SWAP,Q!=K=V,570,0.00212
SWAP,Q!=K=V,571,0.00212
SWAP,Q!=K=V,572,0.00215
SWAP,Q!=K=V,573,0.00212
SWAP,Q!=K=V,574,0.00207
SWAP,Q!=K=V,575,0.00212
SWAP,Q!=K=V,576,0.00209
SWAP,Q!=K=V,577,0.00208
SWAP,Q!=K=V,578,0.00214
SWAP,Q!=K=V,579,0.00208
SWAP,Q!=K=V,580,0.00207
SWAP,Q!=K=V,581,0.00213
SWAP,Q!=K=V,582,0.00209
SWAP,Q!=K=V,583,0.00206
SWAP,Q!=K=V,584,0.00209
SWAP,Q!=K=V,585,0.00207
SWAP,Q!=K=V,586,0.00207
SWAP,Q!=K=V,587,0.00209
SWAP,Q!=K=V,588,0.00207
SWAP,Q!=K=V,589,0.00211
SWAP,Q!=K=V,590,0.00207
SWAP,Q!=K=V,591,0.00208
SWAP,Q!=K=V,592,0.00212
SWAP,Q!=K=V,593,0.00206
SWAP,Q!=K=V,594,0.00210
SWAP,Q!=K=V,595,0.00211
SWAP,Q!=K=V,596,0.00202
SWAP,Q!=K=V,597,0.00208
SWAP,Q!=K=V,598,0.00204
SWAP,Q!=K=V,599,0.00200
SWAP,Q!=K=V,600,0.00203
SWAP,Q!=K=V,601,0.00202
SWAP,Q!=K=V,602,0.00209
SWAP,Q!=K=V,603,0.00204
SWAP,Q!=K=V,604,0.00206
SWAP,Q!=K=V,605,0.00202
SWAP,Q!=K=V,606,0.00203
SWAP,Q!=K=V,607,0.00200
SWAP,Q!=K=V,608,0.00204
SWAP,Q!=K=V,609,0.00208
SWAP,Q!=K=V,610,0.00204
SWAP,Q!=K=V,611,0.00202
SWAP,Q!=K=V,612,0.00201
SWAP,Q!=K=V,613,0.00209
SWAP,Q!=K=V,614,0.00196
SWAP,Q!=K=V,615,0.00207
SWAP,Q!=K=V,616,0.00202
SWAP,Q!=K=V,617,0.00199
SWAP,Q!=K=V,618,0.00210
SWAP,Q!=K=V,619,0.00197
SWAP,Q!=K=V,620,0.00198
SWAP,Q!=K=V,621,0.00206
SWAP,Q!=K=V,622,0.00198
SWAP,Q!=K=V,623,0.00198
SWAP,Q!=K=V,624,0.00200
SWAP,Q!=K=V,625,0.00196
SWAP,Q!=K=V,626,0.00199
SWAP,Q!=K=V,627,0.00201
SWAP,Q!=K=V,628,0.00200
SWAP,Q!=K=V,629,0.00193
SWAP,Q!=K=V,630,0.00202
SWAP,Q!=K=V,631,0.00198
SWAP,Q!=K=V,632,0.00196
SWAP,Q!=K=V,633,0.00201
SWAP,Q!=K=V,634,0.00197
SWAP,Q!=K=V,635,0.00197
SWAP,Q!=K=V,636,0.00199
SWAP,Q!=K=V,637,0.00196
SWAP,Q!=K=V,638,0.00200
SWAP,Q!=K=V,639,0.00198
SWAP,Q!=K=V,640,0.00196
SWAP,Q!=K=V,641,0.00194
SWAP,Q!=K=V,642,0.00199
SWAP,Q!=K=V,643,0.00198
SWAP,Q!=K=V,644,0.00205
SWAP,Q!=K=V,645,0.00203
SWAP,Q!=K=V,646,0.00195
SWAP,Q!=K=V,647,0.00198
SWAP,Q!=K=V,648,0.00195
SWAP,Q!=K=V,649,0.00191
SWAP,Q!=K=V,650,0.00194
SWAP,Q!=K=V,651,0.00198
SWAP,Q!=K=V,652,0.00197
SWAP,Q!=K=V,653,0.00195
SWAP,Q!=K=V,654,0.00197
SWAP,Q!=K=V,655,0.00193
SWAP,Q!=K=V,656,0.00193
SWAP,Q!=K=V,657,0.00194
SWAP,Q!=K=V,658,0.00193
SWAP,Q!=K=V,659,0.00196
SWAP,Q!=K=V,660,0.00198
SWAP,Q!=K=V,661,0.00193
SWAP,Q!=K=V,662,0.00190
SWAP,Q!=K=V,663,0.00199
SWAP,Q!=K=V,664,0.00196
SWAP,Q!=K=V,665,0.00196
SWAP,Q!=K=V,666,0.00198
SWAP,Q!=K=V,667,0.00192
SWAP,Q!=K=V,668,0.00196
SWAP,Q!=K=V,669,0.00192
SWAP,Q!=K=V,670,0.00192
SWAP,Q!=K=V,671,0.00196
SWAP,Q!=K=V,672,0.00189
SWAP,Q!=K=V,673,0.00189
SWAP,Q!=K=V,674,0.00197
SWAP,Q!=K=V,675,0.00193
SWAP,Q!=K=V,676,0.00200
SWAP,Q!=K=V,677,0.00193
SWAP,Q!=K=V,678,0.00197
SWAP,Q!=K=V,679,0.00195
SWAP,Q!=K=V,680,0.00197
SWAP,Q!=K=V,681,0.00190
SWAP,Q!=K=V,682,0.00192
SWAP,Q!=K=V,683,0.00194
SWAP,Q!=K=V,684,0.00190
SWAP,Q!=K=V,685,0.00194
SWAP,Q!=K=V,686,0.00193
SWAP,Q!=K=V,687,0.00194
SWAP,Q!=K=V,688,0.00195
SWAP,Q!=K=V,689,0.00192
SWAP,Q!=K=V,690,0.00189
SWAP,Q!=K=V,691,0.00195
SWAP,Q!=K=V,692,0.00197
SWAP,Q!=K=V,693,0.00190
SWAP,Q!=K=V,694,0.00193
SWAP,Q!=K=V,695,0.00196
SWAP,Q!=K=V,696,0.00194
SWAP,Q!=K=V,697,0.00191
SWAP,Q!=K=V,698,0.00192
SWAP,Q!=K=V,699,0.00192
SWAP,Q!=K=V,700,0.00195
SWAP,Q!=K=V,701,0.00192
SWAP,Q!=K=V,702,0.00193
SWAP,Q!=K=V,703,0.00193
SWAP,Q!=K=V,704,0.00190
SWAP,Q!=K=V,705,0.00194
SWAP,Q!=K=V,706,0.00191
SWAP,Q!=K=V,707,0.00190
SWAP,Q!=K=V,708,0.00198
SWAP,Q!=K=V,709,0.00188
SWAP,Q!=K=V,710,0.00194
SWAP,Q!=K=V,711,0.00192
SWAP,Q!=K=V,712,0.00189
SWAP,Q!=K=V,713,0.00189
SWAP,Q!=K=V,714,0.00191
SWAP,Q!=K=V,715,0.00191
SWAP,Q!=K=V,716,0.00189
SWAP,Q!=K=V,717,0.00189
SWAP,Q!=K=V,718,0.00188
SWAP,Q!=K=V,719,0.00195
SWAP,Q!=K=V,720,0.00191
SWAP,Q!=K=V,721,0.00193
SWAP,Q!=K=V,722,0.00191
SWAP,Q!=K=V,723,0.00190
SWAP,Q!=K=V,724,0.00190
SWAP,Q!=K=V,725,0.00190
SWAP,Q!=K=V,726,0.00192
SWAP,Q!=K=V,727,0.00188
SWAP,Q!=K=V,728,0.00189
SWAP,Q!=K=V,729,0.00194
SWAP,Q!=K=V,730,0.00193
SWAP,Q!=K=V,731,0.00191
SWAP,Q!=K=V,732,0.00188
SWAP,Q!=K=V,733,0.00191
SWAP,Q!=K=V,734,0.00189
SWAP,Q!=K=V,735,0.00191
SWAP,Q!=K=V,736,0.00186
SWAP,Q!=K=V,737,0.00191
SWAP,Q!=K=V,738,0.00188
SWAP,Q!=K=V,739,0.00194
SWAP,Q!=K=V,740,0.00189
SWAP,Q!=K=V,741,0.00193
SWAP,Q!=K=V,742,0.00194
SWAP,Q!=K=V,743,0.00192
SWAP,Q!=K=V,744,0.00192
SWAP,Q!=K=V,745,0.00196
SWAP,Q!=K=V,746,0.00193
SWAP,Q!=K=V,747,0.00189
SWAP,Q!=K=V,748,0.00194
SWAP,Q!=K=V,749,0.00197
SWAP,Q!=K=V,750,0.00194
SWAP,Q!=K=V,751,0.00193
SWAP,Q!=K=V,752,0.00194
SWAP,Q!=K=V,753,0.00193
SWAP,Q!=K=V,754,0.00187
SWAP,Q!=K=V,755,0.00194
SWAP,Q!=K=V,756,0.00187
SWAP,Q!=K=V,757,0.00187
SWAP,Q!=K=V,758,0.00192
SWAP,Q!=K=V,759,0.00191
SWAP,Q!=K=V,760,0.00195
SWAP,Q!=K=V,761,0.00189
SWAP,Q!=K=V,762,0.00192
SWAP,Q!=K=V,763,0.00192
SWAP,Q!=K=V,764,0.00191
SWAP,Q!=K=V,765,0.00191
SWAP,Q!=K=V,766,0.00191
SWAP,Q!=K=V,767,0.00190
SWAP,Q!=K=V,768,0.00189
SWAP,Q!=K=V,769,0.00188
SWAP,Q!=K=V,770,0.00187
SWAP,Q!=K=V,771,0.00194
SWAP,Q!=K=V,772,0.00188
SWAP,Q!=K=V,773,0.00193
SWAP,Q!=K=V,774,0.00190
SWAP,Q!=K=V,775,0.00190
SWAP,Q!=K=V,776,0.00191
SWAP,Q!=K=V,777,0.00193
SWAP,Q!=K=V,778,0.00187
SWAP,Q!=K=V,779,0.00188
SWAP,Q!=K=V,780,0.00189
SWAP,Q!=K=V,781,0.00191
SWAP,Q!=K=V,782,0.00194
SWAP,Q!=K=V,783,0.00186
SWAP,Q!=K=V,784,0.00193
SWAP,Q!=K=V,785,0.00194
SWAP,Q!=K=V,786,0.00190
SWAP,Q!=K=V,787,0.00186
SWAP,Q!=K=V,788,0.00189
SWAP,Q!=K=V,789,0.00193
SWAP,Q=K=V,0,2.44836
SWAP,Q=K=V,1,2.44931
SWAP,Q=K=V,2,2.44977
SWAP,Q=K=V,3,2.44131
SWAP,Q=K=V,4,2.43442
SWAP,Q=K=V,5,2.43583
SWAP,Q=K=V,6,2.42981
SWAP,Q=K=V,7,2.42505
SWAP,Q=K=V,8,2.41867
SWAP,Q=K=V,9,2.41016
SWAP,Q=K=V,10,2.40307
SWAP,Q=K=V,11,2.39304
SWAP,Q=K=V,12,2.39264
SWAP,Q=K=V,13,2.39228
SWAP,Q=K=V,14,2.38694
SWAP,Q=K=V,15,2.37377
SWAP,Q=K=V,16,2.37326
SWAP,Q=K=V,17,2.36236
SWAP,Q=K=V,18,2.36278
SWAP,Q=K=V,19,2.35769
SWAP,Q=K=V,20,2.35471
SWAP,Q=K=V,21,2.34579
SWAP,Q=K=V,22,2.34476
SWAP,Q=K=V,23,2.33689
SWAP,Q=K=V,24,2.33534
SWAP,Q=K=V,25,2.33127
SWAP,Q=K=V,26,2.32591
SWAP,Q=K=V,27,2.32472
SWAP,Q=K=V,28,2.32319
SWAP,Q=K=V,29,2.31779
SWAP,Q=K=V,30,2.31834
SWAP,Q=K=V,31,2.31523
SWAP,Q=K=V,32,2.31656
SWAP,Q=K=V,33,2.31293
SWAP,Q=K=V,34,2.31296
SWAP,Q=K=V,35,2.31003
SWAP,Q=K=V,36,2.30998
SWAP,Q=K=V,37,2.31093
SWAP,Q=K=V,38,2.30896
SWAP,Q=K=V,39,2.30976
SWAP,Q=K=V,40,2.30583
SWAP,Q=K=V,41,2.30771
SWAP,Q=K=V,42,2.30715
SWAP,Q=K=V,43,2.30684
SWAP,Q=K=V,44,2.30663
SWAP,Q=K=V,45,2.30628
SWAP,Q=K=V,46,2.30534
SWAP,Q=K=V,47,2.30614
SWAP,Q=K=V,48,2.30533
SWAP,Q=K=V,49,2.30550
SWAP,Q=K=V,50,2.30564
SWAP,Q=K=V,51,2.30448
SWAP,Q=K=V,52,2.30435
SWAP,Q=K=V,53,2.30479
SWAP,Q=K=V,54,2.30483
SWAP,Q=K=V,55,2.30353
SWAP,Q=K=V,56,2.30455
SWAP,Q=K=V,57,2.30494
SWAP,Q=K=V,58,2.30494
SWAP,Q=K=V,59,2.30413
SWAP,Q=K=V,60,2.30388
SWAP,Q=K=V,61,2.30448
SWAP,Q=K=V,62,2.30404
SWAP,Q=K=V,63,2.30380
SWAP,Q=K=V,64,2.30415
SWAP,Q=K=V,65,2.30303
SWAP,Q=K=V,66,2.30303
SWAP,Q=K=V,67,2.30337
SWAP,Q=K=V,68,2.30331
SWAP,Q=K=V,69,2.30335
SWAP,Q=K=V,70,2.30310
SWAP,Q=K=V,71,2.30407
SWAP,Q=K=V,72,2.30327
SWAP,Q=K=V,73,2.30338
SWAP,Q=K=V,74,2.30321
SWAP,Q=K=V,75,2.30283
SWAP,Q=K=V,76,2.30447
SWAP,Q=K=V,77,2.30329
SWAP,Q=K=V,78,2.30229
SWAP,Q=K=V,79,2.30292
SWAP,Q=K=V,80,2.30341
SWAP,Q=K=V,81,2.30291
SWAP,Q=K=V,82,2.30358
SWAP,Q=K=V,83,2.30332
SWAP,Q=K=V,84,2.30236
SWAP,Q=K=V,85,2.30235
SWAP,Q=K=V,86,2.30320
SWAP,Q=K=V,87,2.30263
SWAP,Q=K=V,88,2.30317
SWAP,Q=K=V,89,2.30239
SWAP,Q=K=V,90,2.30255
SWAP,Q=K=V,91,2.30267
SWAP,Q=K=V,92,2.30196
SWAP,Q=K=V,93,2.30176
SWAP,Q=K=V,94,2.30208
SWAP,Q=K=V,95,2.30286
SWAP,Q=K=V,96,2.30241
SWAP,Q=K=V,97,2.30231
SWAP,Q=K=V,98,2.30203
SWAP,Q=K=V,99,2.30218
SWAP,Q=K=V,100,2.30234
SWAP,Q=K=V,101,2.30208
SWAP,Q=K=V,102,2.30208
SWAP,Q=K=V,103,2.30185
SWAP,Q=K=V,104,2.30184
SWAP,Q=K=V,105,2.30199
SWAP,Q=K=V,106,2.30307
SWAP,Q=K=V,107,2.30211
SWAP,Q=K=V,108,2.30216
SWAP,Q=K=V,109,2.30157
SWAP,Q=K=V,110,2.30202
SWAP,Q=K=V,111,2.30163
SWAP,Q=K=V,112,2.30159
SWAP,Q=K=V,113,2.30200
SWAP,Q=K=V,114,2.30198
SWAP,Q=K=V,115,2.30183
SWAP,Q=K=V,116,2.30084
SWAP,Q=K=V,117,2.30198
SWAP,Q=K=V,118,2.30151
SWAP,Q=K=V,119,2.30117
SWAP,Q=K=V,120,2.30147
SWAP,Q=K=V,121,2.30117
SWAP,Q=K=V,122,2.30131
SWAP,Q=K=V,123,2.30165
SWAP,Q=K=V,124,2.30081
SWAP,Q=K=V,125,2.30176
SWAP,Q=K=V,126,2.30118
SWAP,Q=K=V,127,2.30089
SWAP,Q=K=V,128,2.30072
SWAP,Q=K=V,129,2.30016
SWAP,Q=K=V,130,2.30130
SWAP,Q=K=V,131,2.30068
SWAP,Q=K=V,132,2.30054
SWAP,Q=K=V,133,2.30056
SWAP,Q=K=V,134,2.30049
SWAP,Q=K=V,135,2.29978
SWAP,Q=K=V,136,2.29999
SWAP,Q=K=V,137,2.29973
SWAP,Q=K=V,138,2.30010
SWAP,Q=K=V,139,2.29911
SWAP,Q=K=V,140,2.29932
SWAP,Q=K=V,141,2.29883
SWAP,Q=K=V,142,2.29883
SWAP,Q=K=V,143,2.29845
SWAP,Q=K=V,144,2.29831
SWAP,Q=K=V,145,2.29833
SWAP,Q=K=V,146,2.29783
SWAP,Q=K=V,147,2.29768
SWAP,Q=K=V,148,2.29641
SWAP,Q=K=V,149,2.29657
SWAP,Q=K=V,150,2.29627
SWAP,Q=K=V,151,2.29613
SWAP,Q=K=V,152,2.29619
SWAP,Q=K=V,153,2.29514
SWAP,Q=K=V,154,2.29503
SWAP,Q=K=V,155,2.29492
SWAP,Q=K=V,156,2.29343
SWAP,Q=K=V,157,2.29118
SWAP,Q=K=V,158,2.29174
SWAP,Q=K=V,159,2.29213
SWAP,Q=K=V,160,2.29120
SWAP,Q=K=V,161,2.28982
SWAP,Q=K=V,162,2.28981
SWAP,Q=K=V,163,2.28827
SWAP,Q=K=V,164,2.28956
SWAP,Q=K=V,165,2.28582
SWAP,Q=K=V,166,2.28521
SWAP,Q=K=V,167,2.28298
SWAP,Q=K=V,168,2.28185
SWAP,Q=K=V,169,2.28120
SWAP,Q=K=V,170,2.27905
SWAP,Q=K=V,171,2.27851
SWAP,Q=K=V,172,2.27683
SWAP,Q=K=V,173,2.27536
SWAP,Q=K=V,174,2.27081
SWAP,Q=K=V,175,2.27091
SWAP,Q=K=V,176,2.26750
SWAP,Q=K=V,177,2.26463
SWAP,Q=K=V,178,2.26099
SWAP,Q=K=V,179,2.25744
SWAP,Q=K=V,180,2.25537
SWAP,Q=K=V,181,2.25132
SWAP,Q=K=V,182,2.24780
SWAP,Q=K=V,183,2.24202
SWAP,Q=K=V,184,2.23560
SWAP,Q=K=V,185,2.23247
SWAP,Q=K=V,186,2.22683
SWAP,Q=K=V,187,2.21786
SWAP,Q=K=V,188,2.21665
SWAP,Q=K=V,189,2.21252
SWAP,Q=K=V,190,2.19784
SWAP,Q=K=V,191,2.19534
SWAP,Q=K=V,192,2.18807
SWAP,Q=K=V,193,2.17358
SWAP,Q=K=V,194,2.16720
SWAP,Q=K=V,195,2.15720
SWAP,Q=K=V,196,2.14426
SWAP,Q=K=V,197,2.13127
SWAP,Q=K=V,198,2.11673
SWAP,Q=K=V,199,2.10943
SWAP,Q=K=V,200,2.08895
SWAP,Q=K=V,201,2.07514
SWAP,Q=K=V,202,2.05657
SWAP,Q=K=V,203,2.04092
SWAP,Q=K=V,204,2.02637
SWAP,Q=K=V,205,2.00843
SWAP,Q=K=V,206,1.99182
SWAP,Q=K=V,207,1.96759
SWAP,Q=K=V,208,1.94554
SWAP,Q=K=V,209,1.93569
SWAP,Q=K=V,210,1.91856
SWAP,Q=K=V,211,1.88708
SWAP,Q=K=V,212,1.86368
SWAP,Q=K=V,213,1.83867
SWAP,Q=K=V,214,1.81863
SWAP,Q=K=V,215,1.79170
SWAP,Q=K=V,216,1.76777
SWAP,Q=K=V,217,1.74886
SWAP,Q=K=V,218,1.72415
SWAP,Q=K=V,219,1.70036
SWAP,Q=K=V,220,1.66435
SWAP,Q=K=V,221,1.64146
SWAP,Q=K=V,222,1.64008
SWAP,Q=K=V,223,1.59393
SWAP,Q=K=V,224,1.58119
SWAP,Q=K=V,225,1.53906
SWAP,Q=K=V,226,1.52342
SWAP,Q=K=V,227,1.49783
SWAP,Q=K=V,228,1.46746
SWAP,Q=K=V,229,1.45437
SWAP,Q=K=V,230,1.41914
SWAP,Q=K=V,231,1.39877
SWAP,Q=K=V,232,1.36576
SWAP,Q=K=V,233,1.35636
SWAP,Q=K=V,234,1.32779
SWAP,Q=K=V,235,1.30518
SWAP,Q=K=V,236,1.26675
SWAP,Q=K=V,237,1.27753
SWAP,Q=K=V,238,1.24206
SWAP,Q=K=V,239,1.23010
SWAP,Q=K=V,240,1.20472
SWAP,Q=K=V,241,1.18357
SWAP,Q=K=V,242,1.16482
SWAP,Q=K=V,243,1.14859
SWAP,Q=K=V,244,1.12826
SWAP,Q=K=V,245,1.11614
SWAP,Q=K=V,246,1.09210
SWAP,Q=K=V,247,1.08203
SWAP,Q=K=V,248,1.06122
SWAP,Q=K=V,249,1.04477
SWAP,Q=K=V,250,1.03174
SWAP,Q=K=V,251,1.01476
SWAP,Q=K=V,252,1.00332
SWAP,Q=K=V,253,0.99009
SWAP,Q=K=V,254,0.97521
SWAP,Q=K=V,255,0.96675
SWAP,Q=K=V,256,0.95175
SWAP,Q=K=V,257,0.93680
SWAP,Q=K=V,258,0.92503
SWAP,Q=K=V,259,0.91660
SWAP,Q=K=V,260,0.90207
SWAP,Q=K=V,261,0.88969
SWAP,Q=K=V,262,0.88234
SWAP,Q=K=V,263,0.86955
SWAP,Q=K=V,264,0.85983
SWAP,Q=K=V,265,0.85110
SWAP,Q=K=V,266,0.84365
SWAP,Q=K=V,267,0.83084
SWAP,Q=K=V,268,0.82588
SWAP,Q=K=V,269,0.81705
SWAP,Q=K=V,270,0.80957
SWAP,Q=K=V,271,0.79961
SWAP,Q=K=V,272,0.79233
SWAP,Q=K=V,273,0.78641
SWAP,Q=K=V,274,0.77659
SWAP,Q=K=V,275,0.76514
SWAP,Q=K=V,276,0.75479
SWAP,Q=K=V,277,0.74900
SWAP,Q=K=V,278,0.73481
SWAP,Q=K=V,279,0.72678
SWAP,Q=K=V,280,0.72060
SWAP,Q=K=V,281,0.70637
SWAP,Q=K=V,282,0.70177
SWAP,Q=K=V,283,0.69453
SWAP,Q=K=V,284,0.67200
SWAP,Q=K=V,285,0.67047
SWAP,Q=K=V,286,0.65588
SWAP,Q=K=V,287,0.64867
SWAP,Q=K=V,288,0.63373
SWAP,Q=K=V,289,0.62534
SWAP,Q=K=V,290,0.61106
SWAP,Q=K=V,291,0.59760
SWAP,Q=K=V,292,0.59168
SWAP,Q=K=V,293,0.57109
SWAP,Q=K=V,294,0.56936
SWAP,Q=K=V,295,0.55021
SWAP,Q=K=V,296,0.54362
SWAP,Q=K=V,297,0.53091
SWAP,Q=K=V,298,0.51174
SWAP,Q=K=V,299,0.50284
SWAP,Q=K=V,300,0.48950
SWAP,Q=K=V,301,0.47747
SWAP,Q=K=V,302,0.46629
SWAP,Q=K=V,303,0.45185
SWAP,Q=K=V,304,0.44239
SWAP,Q=K=V,305,0.43090
SWAP,Q=K=V,306,0.42354
SWAP,Q=K=V,307,0.41143
SWAP,Q=K=V,308,0.39563
SWAP,Q=K=V,309,0.39954
SWAP,Q=K=V,310,0.39173
SWAP,Q=K=V,311,0.37015
SWAP,Q=K=V,312,0.35939
SWAP,Q=K=V,313,0.35775
SWAP,Q=K=V,314,0.33974
SWAP,Q=K=V,315,0.34285
SWAP,Q=K=V,316,0.33260
SWAP,Q=K=V,317,0.31777
SWAP,Q=K=V,318,0.32202
SWAP,Q=K=V,319,0.29976
SWAP,Q=K=V,320,0.29475
SWAP,Q=K=V,321,0.28745
SWAP,Q=K=V,322,0.27671
SWAP,Q=K=V,323,0.27631
SWAP,Q=K=V,324,0.25662
SWAP,Q=K=V,325,0.25531
SWAP,Q=K=V,326,0.24306
SWAP,Q=K=V,327,0.23622
SWAP,Q=K=V,328,0.22681
SWAP,Q=K=V,329,0.22094
SWAP,Q=K=V,330,0.21041
SWAP,Q=K=V,331,0.20711
SWAP,Q=K=V,332,0.20346
SWAP,Q=K=V,333,0.19202
SWAP,Q=K=V,334,0.18736
SWAP,Q=K=V,335,0.17507
SWAP,Q=K=V,336,0.17342
SWAP,Q=K=V,337,0.16662
SWAP,Q=K=V,338,0.16354
SWAP,Q=K=V,339,0.15811
SWAP,Q=K=V,340,0.15151
SWAP,Q=K=V,341,0.14646
SWAP,Q=K=V,342,0.13913
SWAP,Q=K=V,343,0.13574
SWAP,Q=K=V,344,0.13073
SWAP,Q=K=V,345,0.12769
SWAP,Q=K=V,346,0.12532
SWAP,Q=K=V,347,0.11977
SWAP,Q=K=V,348,0.11647
SWAP,Q=K=V,349,0.11165
SWAP,Q=K=V,350,0.11118
SWAP,Q=K=V,351,0.10506
SWAP,Q=K=V,352,0.10508
SWAP,Q=K=V,353,0.09960
SWAP,Q=K=V,354,0.09738
SWAP,Q=K=V,355,0.09344
SWAP,Q=K=V,356,0.09299
SWAP,Q=K=V,357,0.09112
SWAP,Q=K=V,358,0.08791
SWAP,Q=K=V,359,0.08695
SWAP,Q=K=V,360,0.08705
SWAP,Q=K=V,361,0.08597
SWAP,Q=K=V,362,0.08386
SWAP,Q=K=V,363,0.08383
SWAP,Q=K=V,364,0.08322
SWAP,Q=K=V,365,0.08125
SWAP,Q=K=V,366,0.08109
SWAP,Q=K=V,367,0.07969
SWAP,Q=K=V,368,0.07925
SWAP,Q=K=V,369,0.07878
SWAP,Q=K=V,370,0.07701
SWAP,Q=K=V,371,0.07634
SWAP,Q=K=V,372,0.07497
SWAP,Q=K=V,373,0.07592
SWAP,Q=K=V,374,0.07570
SWAP,Q=K=V,375,0.07262
SWAP,Q=K=V,376,0.07238
SWAP,Q=K=V,377,0.07285
SWAP,Q=K=V,378,0.07067
SWAP,Q=K=V,379,0.07134
SWAP,Q=K=V,380,0.07102
SWAP,Q=K=V,381,0.07085
SWAP,Q=K=V,382,0.07136
SWAP,Q=K=V,383,0.07070
SWAP,Q=K=V,384,0.07009
SWAP,Q=K=V,385,0.06918
SWAP,Q=K=V,386,0.06755
SWAP,Q=K=V,387,0.06852
SWAP,Q=K=V,388,0.06704
SWAP,Q=K=V,389,0.06855
SWAP,Q=K=V,390,0.06723
SWAP,Q=K=V,391,0.06630
SWAP,Q=K=V,392,0.06695
SWAP,Q=K=V,393,0.06673
SWAP,Q=K=V,394,0.06779
SWAP,Q=K=V,395,0.06641
SWAP,Q=K=V,396,0.06608
SWAP,Q=K=V,397,0.06485
SWAP,Q=K=V,398,0.06628
SWAP,Q=K=V,399,0.06684
SWAP,Q=K=V,400,0.06283
SWAP,Q=K=V,401,0.06571
SWAP,Q=K=V,402,0.06360
SWAP,Q=K=V,403,0.06373
SWAP,Q=K=V,404,0.06322
SWAP,Q=K=V,405,0.06262
SWAP,Q=K=V,406,0.06225
SWAP,Q=K=V,407,0.06261
SWAP,Q=K=V,408,0.06195
SWAP,Q=K=V,409,0.06123
SWAP,Q=K=V,410,0.06069
SWAP,Q=K=V,411,0.06110
SWAP,Q=K=V,412,0.06094
SWAP,Q=K=V,413,0.06053
SWAP,Q=K=V,414,0.06126
SWAP,Q=K=V,415,0.06076
SWAP,Q=K=V,416,0.06197
SWAP,Q=K=V,417,0.05898
SWAP,Q=K=V,418,0.06010
SWAP,Q=K=V,419,0.05852
SWAP,Q=K=V,420,0.05746
SWAP,Q=K=V,421,0.05875
SWAP,Q=K=V,422,0.05891
SWAP,Q=K=V,423,0.05839
SWAP,Q=K=V,424,0.05795
SWAP,Q=K=V,425,0.05834
SWAP,Q=K=V,426,0.05724
SWAP,Q=K=V,427,0.05589
SWAP,Q=K=V,428,0.05740
SWAP,Q=K=V,429,0.05633
SWAP,Q=K=V,430,0.05453
SWAP,Q=K=V,431,0.05453
SWAP,Q=K=V,432,0.05475
SWAP,Q=K=V,433,0.05474
SWAP,Q=K=V,434,0.05497
SWAP,Q=K=V,435,0.05258
SWAP,Q=K=V,436,0.05246
SWAP,Q=K=V,437,0.05163
SWAP,Q=K=V,438,0.05255
SWAP,Q=K=V,439,0.05190
SWAP,Q=K=V,440,0.05126
SWAP,Q=K=V,441,0.05153
SWAP,Q=K=V,442,0.05245
SWAP,Q=K=V,443,0.05086
SWAP,Q=K=V,444,0.05149
SWAP,Q=K=V,445,0.04980
SWAP,Q=K=V,446,0.04891
SWAP,Q=K=V,447,0.04897
SWAP,Q=K=V,448,0.04875
SWAP,Q=K=V,449,0.04798
SWAP,Q=K=V,450,0.04686
SWAP,Q=K=V,451,0.04890
SWAP,Q=K=V,452,0.04492
SWAP,Q=K=V,453,0.04615
SWAP,Q=K=V,454,0.04677
SWAP,Q=K=V,455,0.04537
SWAP,Q=K=V,456,0.04594
SWAP,Q=K=V,457,0.04510
SWAP,Q=K=V,458,0.04534
SWAP,Q=K=V,459,0.04451
SWAP,Q=K=V,460,0.04276
SWAP,Q=K=V,461,0.04270
SWAP,Q=K=V,462,0.04259
SWAP,Q=K=V,463,0.04091
SWAP,Q=K=V,464,0.04238
SWAP,Q=K=V,465,0.04175
SWAP,Q=K=V,466,0.04119
SWAP,Q=K=V,467,0.04072
SWAP,Q=K=V,468,0.03872
SWAP,Q=K=V,469,0.03931
SWAP,Q=K=V,470,0.03835
SWAP,Q=K=V,471,0.03883
SWAP,Q=K=V,472,0.03804
SWAP,Q=K=V,473,0.03495
SWAP,Q=K=V,474,0.03627
SWAP,Q=K=V,475,0.03651
SWAP,Q=K=V,476,0.03645
SWAP,Q=K=V,477,0.03485
SWAP,Q=K=V,478,0.03542
SWAP,Q=K=V,479,0.03441
SWAP,Q=K=V,480,0.03492
SWAP,Q=K=V,481,0.03426
SWAP,Q=K=V,482,0.03422
SWAP,Q=K=V,483,0.03243
SWAP,Q=K=V,484,0.03387
SWAP,Q=K=V,485,0.03257
SWAP,Q=K=V,486,0.03243
SWAP,Q=K=V,487,0.03244
SWAP,Q=K=V,488,0.03255
SWAP,Q=K=V,489,0.03188
SWAP,Q=K=V,490,0.03133
SWAP,Q=K=V,491,0.03112
SWAP,Q=K=V,492,0.03174
SWAP,Q=K=V,493,0.03081
SWAP,Q=K=V,494,0.03137
SWAP,Q=K=V,495,0.03132
SWAP,Q=K=V,496,0.03113
SWAP,Q=K=V,497,0.03098
SWAP,Q=K=V,498,0.03055
SWAP,Q=K=V,499,0.02962
SWAP,Q=K=V,500,0.03004
SWAP,Q=K=V,501,0.03147
SWAP,Q=K=V,502,0.02983
SWAP,Q=K=V,503,0.02970
SWAP,Q=K=V,504,0.02964
SWAP,Q=K=V,505,0.02967
SWAP,Q=K=V,506,0.02934
SWAP,Q=K=V,507,0.02942
SWAP,Q=K=V,508,0.02890
SWAP,Q=K=V,509,0.02940
SWAP,Q=K=V,510,0.02948
SWAP,Q=K=V,511,0.02902
SWAP,Q=K=V,512,0.02915
SWAP,Q=K=V,513,0.02904
SWAP,Q=K=V,514,0.02885
SWAP,Q=K=V,515,0.02882
SWAP,Q=K=V,516,0.02914
SWAP,Q=K=V,517,0.02874
SWAP,Q=K=V,518,0.02834
SWAP,Q=K=V,519,0.02852
SWAP,Q=K=V,520,0.02912
SWAP,Q=K=V,521,0.02796
SWAP,Q=K=V,522,0.02876
SWAP,Q=K=V,523,0.02785
SWAP,Q=K=V,524,0.02772
SWAP,Q=K=V,525,0.02844
SWAP,Q=K=V,526,0.02785
SWAP,Q=K=V,527,0.02819
SWAP,Q=K=V,528,0.02783
SWAP,Q=K=V,529,0.02795
SWAP,Q=K=V,530,0.02756
SWAP,Q=K=V,531,0.02812
SWAP,Q=K=V,532,0.02765
SWAP,Q=K=V,533,0.02772
SWAP,Q=K=V,534,0.02704
SWAP,Q=K=V,535,0.02733
SWAP,Q=K=V,536,0.02720
SWAP,Q=K=V,537,0.02726
SWAP,Q=K=V,538,0.02687
SWAP,Q=K=V,539,0.02753
SWAP,Q=K=V,540,0.02618
SWAP,Q=K=V,541,0.02692
SWAP,Q=K=V,542,0.02726
SWAP,Q=K=V,543,0.02700
SWAP,Q=K=V,544,0.02689
SWAP,Q=K=V,545,0.02747
SWAP,Q=K=V,546,0.02636
SWAP,Q=K=V,547,0.02695
SWAP,Q=K=V,548,0.02684
SWAP,Q=K=V,549,0.02667
SWAP,Q=K=V,550,0.02694
SWAP,Q=K=V,551,0.02626
SWAP,Q=K=V,552,0.02529
SWAP,Q=K=V,553,0.02686
SWAP,Q=K=V,554,0.02617
SWAP,Q=K=V,555,0.02575
SWAP,Q=K=V,556,0.02672
SWAP,Q=K=V,557,0.02591
SWAP,Q=K=V,558,0.02600
SWAP,Q=K=V,559,0.02600
SWAP,Q=K=V,560,0.02620
SWAP,Q=K=V,561,0.02626
SWAP,Q=K=V,562,0.02565
SWAP,Q=K=V,563,0.02536
SWAP,Q=K=V,564,0.02604
SWAP,Q=K=V,565,0.02642
SWAP,Q=K=V,566,0.02636
SWAP,Q=K=V,567,0.02615
SWAP,Q=K=V,568,0.02634
SWAP,Q=K=V,569,0.02527
SWAP,Q=K=V,570,0.02563
SWAP,Q=K=V,571,0.02548
SWAP,Q=K=V,572,0.02530
SWAP,Q=K=V,573,0.02487
SWAP,Q=K=V,574,0.02571
SWAP,Q=K=V,575,0.02523
SWAP,Q=K=V,576,0.02521
SWAP,Q=K=V,577,0.02491
SWAP,Q=K=V,578,0.02497
SWAP,Q=K=V,579,0.02517
SWAP,Q=K=V,580,0.02486
SWAP,Q=K=V,581,0.02440
SWAP,Q=K=V,582,0.02478
SWAP,Q=K=V,583,0.02459
SWAP,Q=K=V,584,0.02421
SWAP,Q=K=V,585,0.02488
SWAP,Q=K=V,586,0.02484
SWAP,Q=K=V,587,0.02452
SWAP,Q=K=V,588,0.02438
SWAP,Q=K=V,589,0.02431
SWAP,Q=K=V,590,0.02482
SWAP,Q=K=V,591,0.02425
SWAP,Q=K=V,592,0.02385
SWAP,Q=K=V,593,0.02440
SWAP,Q=K=V,594,0.02446
SWAP,Q=K=V,595,0.02417
SWAP,Q=K=V,596,0.02389
SWAP,Q=K=V,597,0.02441
SWAP,Q=K=V,598,0.02382
SWAP,Q=K=V,599,0.02452
SWAP,Q=K=V,600,0.02404
SWAP,Q=K=V,601,0.02377
SWAP,Q=K=V,602,0.02391
SWAP,Q=K=V,603,0.02437
SWAP,Q=K=V,604,0.02374
SWAP,Q=K=V,605,0.02331
SWAP,Q=K=V,606,0.02344
SWAP,Q=K=V,607,0.02316
SWAP,Q=K=V,608,0.02320
SWAP,Q=K=V,609,0.02337
SWAP,Q=K=V,610,0.02268
SWAP,Q=K=V,611,0.02278
SWAP,Q=K=V,612,0.02329
SWAP,Q=K=V,613,0.02281
SWAP,Q=K=V,614,0.02318
SWAP,Q=K=V,615,0.02308
SWAP,Q=K=V,616,0.02337
SWAP,Q=K=V,617,0.02296
SWAP,Q=K=V,618,0.02264
SWAP,Q=K=V,619,0.02203
SWAP,Q=K=V,620,0.02259
SWAP,Q=K=V,621,0.02275
SWAP,Q=K=V,622,0.02260
SWAP,Q=K=V,623,0.02256
SWAP,Q=K=V,624,0.02152
SWAP,Q=K=V,625,0.02311
SWAP,Q=K=V,626,0.02274
SWAP,Q=K=V,627,0.02182
SWAP,Q=K=V,628,0.02137
SWAP,Q=K=V,629,0.02195
SWAP,Q=K=V,630,0.02200
SWAP,Q=K=V,631,0.02169
SWAP,Q=K=V,632,0.02239
SWAP,Q=K=V,633,0.02192
SWAP,Q=K=V,634,0.02215
SWAP,Q=K=V,635,0.02130
SWAP,Q=K=V,636,0.02147
SWAP,Q=K=V,637,0.02199
SWAP,Q=K=V,638,0.02145
SWAP,Q=K=V,639,0.02179
SWAP,Q=K=V,640,0.02145
SWAP,Q=K=V,641,0.02118
SWAP,Q=K=V,642,0.02113
SWAP,Q=K=V,643,0.02124
SWAP,Q=K=V,644,0.02081
SWAP,Q=K=V,645,0.02131
SWAP,Q=K=V,646,0.02158
SWAP,Q=K=V,647,0.02086
SWAP,Q=K=V,648,0.02128
SWAP,Q=K=V,649,0.02108
SWAP,Q=K=V,650,0.02148
SWAP,Q=K=V,651,0.02059
SWAP,Q=K=V,652,0.02090
SWAP,Q=K=V,653,0.02011
SWAP,Q=K=V,654,0.02081
SWAP,Q=K=V,655,0.02085
SWAP,Q=K=V,656,0.02054
SWAP,Q=K=V,657,0.02066
SWAP,Q=K=V,658,0.02031
SWAP,Q=K=V,659,0.02042
SWAP,Q=K=V,660,0.01993
SWAP,Q=K=V,661,0.01955
SWAP,Q=K=V,662,0.01988
SWAP,Q=K=V,663,0.01919
SWAP,Q=K=V,664,0.02010
SWAP,Q=K=V,665,0.01981
SWAP,Q=K=V,666,0.01998
SWAP,Q=K=V,667,0.01993
SWAP,Q=K=V,668,0.01919
SWAP,Q=K=V,669,0.02034
SWAP,Q=K=V,670,0.01910
SWAP,Q=K=V,671,0.01979
SWAP,Q=K=V,672,0.01971
SWAP,Q=K=V,673,0.02031
SWAP,Q=K=V,674,0.01893
SWAP,Q=K=V,675,0.01952
SWAP,Q=K=V,676,0.01926
SWAP,Q=K=V,677,0.01932
SWAP,Q=K=V,678,0.01978
SWAP,Q=K=V,679,0.01980
SWAP,Q=K=V,680,0.01900
SWAP,Q=K=V,681,0.01992
SWAP,Q=K=V,682,0.01857
SWAP,Q=K=V,683,0.01931
SWAP,Q=K=V,684,0.01927
SWAP,Q=K=V,685,0.01955
SWAP,Q=K=V,686,0.01857
SWAP,Q=K=V,687,0.01863
SWAP,Q=K=V,688,0.01856
SWAP,Q=K=V,689,0.01945
SWAP,Q=K=V,690,0.01936
SWAP,Q=K=V,691,0.01907
SWAP,Q=K=V,692,0.01931
SWAP,Q=K=V,693,0.01847
SWAP,Q=K=V,694,0.01888
SWAP,Q=K=V,695,0.01884
SWAP,Q=K=V,696,0.01763
SWAP,Q=K=V,697,0.01890
SWAP,Q=K=V,698,0.01847
SWAP,Q=K=V,699,0.01936
SWAP,Q=K=V,700,0.01842
SWAP,Q=K=V,701,0.01852
SWAP,Q=K=V,702,0.01795
SWAP,Q=K=V,703,0.01859
SWAP,Q=K=V,704,0.01855
SWAP,Q=K=V,705,0.01782
SWAP,Q=K=V,706,0.01848
SWAP,Q=K=V,707,0.01788
SWAP,Q=K=V,708,0.01857
SWAP,Q=K=V,709,0.01818
SWAP,Q=K=V,710,0.01619
SWAP,Q=K=V,711,0.01753
SWAP,Q=K=V,712,0.01796
SWAP,Q=K=V,713,0.01874
SWAP,Q=K=V,714,0.01895
SWAP,Q=K=V,715,0.01793
SWAP,Q=K=V,716,0.01790
SWAP,Q=K=V,717,0.01837
SWAP,Q=K=V,718,0.01761
SWAP,Q=K=V,719,0.01724
SWAP,Q=K=V,720,0.01859
SWAP,Q=K=V,721,0.01830
SWAP,Q=K=V,722,0.01740
SWAP,Q=K=V,723,0.01777
SWAP,Q=K=V,724,0.01835
SWAP,Q=K=V,725,0.01837
SWAP,Q=K=V,726,0.01837
SWAP,Q=K=V,727,0.01729
SWAP,Q=K=V,728,0.01689
SWAP,Q=K=V,729,0.01750
SWAP,Q=K=V,730,0.01741
SWAP,Q=K=V,731,0.01705
SWAP,Q=K=V,732,0.01735
SWAP,Q=K=V,733,0.01789
SWAP,Q=K=V,734,0.01833
SWAP,Q=K=V,735,0.01704
SWAP,Q=K=V,736,0.01695
SWAP,Q=K=V,737,0.01710
SWAP,Q=K=V,738,0.01691
SWAP,Q=K=V,739,0.01775
SWAP,Q=K=V,740,0.01684
SWAP,Q=K=V,741,0.01757
SWAP,Q=K=V,742,0.01794
SWAP,Q=K=V,743,0.01686
SWAP,Q=K=V,744,0.01765
SWAP,Q=K=V,745,0.01713
SWAP,Q=K=V,746,0.01784
SWAP,Q=K=V,747,0.01736
SWAP,Q=K=V,748,0.01738
SWAP,Q=K=V,749,0.01702
SWAP,Q=K=V,750,0.01744
SWAP,Q=K=V,751,0.01782
SWAP,Q=K=V,752,0.01705
SWAP,Q=K=V,753,0.01738
SWAP,Q=K=V,754,0.01711
SWAP,Q=K=V,755,0.01818
SWAP,Q=K=V,756,0.01692
SWAP,Q=K=V,757,0.01773
SWAP,Q=K=V,758,0.01783
SWAP,Q=K=V,759,0.01700
SWAP,Q=K=V,760,0.01726
SWAP,Q=K=V,761,0.01691
SWAP,Q=K=V,762,0.01769
SWAP,Q=K=V,763,0.01816
SWAP,Q=K=V,764,0.01766
SWAP,Q=K=V,765,0.01754
SWAP,Q=K=V,766,0.01791
SWAP,Q=K=V,767,0.01721
SWAP,Q=K=V,768,0.01688
SWAP,Q=K=V,769,0.01779
SWAP,Q=K=V,770,0.01754
SWAP,Q=K=V,771,0.01789
SWAP,Q=K=V,772,0.01739
SWAP,Q=K=V,773,0.01691
SWAP,Q=K=V,774,0.01774
SWAP,Q=K=V,775,0.01707
SWAP,Q=K=V,776,0.01751
SWAP,Q=K=V,777,0.01774
SWAP,Q=K=V,778,0.01702
SWAP,Q=K=V,779,0.01816
SWAP,Q=K=V,780,0.01795
SWAP,Q=K=V,781,0.01679
SWAP,Q=K=V,782,0.01706
SWAP,Q=K=V,783,0.01751
SWAP,Q=K=V,784,0.01723
SWAP,Q=K=V,785,0.01726
SWAP,Q=K=V,786,0.01807
SWAP,Q=K=V,787,0.01734
SWAP,Q=K=V,788,0.01639
SWAP,Q=K=V,789,0.01745
SWAP,(Q=K=V)+,0,2.44794
SWAP,(Q=K=V)+,1,2.44044
SWAP,(Q=K=V)+,2,2.44262
SWAP,(Q=K=V)+,3,2.43948
SWAP,(Q=K=V)+,4,2.43851
SWAP,(Q=K=V)+,5,2.43421
SWAP,(Q=K=V)+,6,2.43249
SWAP,(Q=K=V)+,7,2.42096
SWAP,(Q=K=V)+,8,2.41495
SWAP,(Q=K=V)+,9,2.40556
SWAP,(Q=K=V)+,10,2.40475
SWAP,(Q=K=V)+,11,2.39518
SWAP,(Q=K=V)+,12,2.39320
SWAP,(Q=K=V)+,13,2.38892
SWAP,(Q=K=V)+,14,2.37740
SWAP,(Q=K=V)+,15,2.37569
SWAP,(Q=K=V)+,16,2.36711
SWAP,(Q=K=V)+,17,2.36269
SWAP,(Q=K=V)+,18,2.35573
SWAP,(Q=K=V)+,19,2.35202
SWAP,(Q=K=V)+,20,2.35090
SWAP,(Q=K=V)+,21,2.34488
SWAP,(Q=K=V)+,22,2.33964
SWAP,(Q=K=V)+,23,2.33679
SWAP,(Q=K=V)+,24,2.33304
SWAP,(Q=K=V)+,25,2.33063
SWAP,(Q=K=V)+,26,2.32561
SWAP,(Q=K=V)+,27,2.32195
SWAP,(Q=K=V)+,28,2.32125
SWAP,(Q=K=V)+,29,2.31893
SWAP,(Q=K=V)+,30,2.31751
SWAP,(Q=K=V)+,31,2.31519
SWAP,(Q=K=V)+,32,2.31245
SWAP,(Q=K=V)+,33,2.31263
SWAP,(Q=K=V)+,34,2.31115
SWAP,(Q=K=V)+,35,2.31067
SWAP,(Q=K=V)+,36,2.31125
SWAP,(Q=K=V)+,37,2.30576
SWAP,(Q=K=V)+,38,2.30866
SWAP,(Q=K=V)+,39,2.30717
SWAP,(Q=K=V)+,40,2.30729
SWAP,(Q=K=V)+,41,2.30687
SWAP,(Q=K=V)+,42,2.30686
SWAP,(Q=K=V)+,43,2.30602
SWAP,(Q=K=V)+,44,2.30540
SWAP,(Q=K=V)+,45,2.30588
SWAP,(Q=K=V)+,46,2.30535
SWAP,(Q=K=V)+,47,2.30504
SWAP,(Q=K=V)+,48,2.30463
SWAP,(Q=K=V)+,49,2.30406
SWAP,(Q=K=V)+,50,2.30462
SWAP,(Q=K=V)+,51,2.30445
SWAP,(Q=K=V)+,52,2.30447
SWAP,(Q=K=V)+,53,2.30396
SWAP,(Q=K=V)+,54,2.30347
SWAP,(Q=K=V)+,55,2.30316
SWAP,(Q=K=V)+,56,2.30403
SWAP,(Q=K=V)+,57,2.30417
SWAP,(Q=K=V)+,58,2.30356
SWAP,(Q=K=V)+,59,2.30369
SWAP,(Q=K=V)+,60,2.30317
SWAP,(Q=K=V)+,61,2.30440
SWAP,(Q=K=V)+,62,2.30283
SWAP,(Q=K=V)+,63,2.30314
SWAP,(Q=K=V)+,64,2.30308
SWAP,(Q=K=V)+,65,2.30271
SWAP,(Q=K=V)+,66,2.30363
SWAP,(Q=K=V)+,67,2.30355
SWAP,(Q=K=V)+,68,2.30328
SWAP,(Q=K=V)+,69,2.30354
SWAP,(Q=K=V)+,70,2.30293
SWAP,(Q=K=V)+,71,2.30353
SWAP,(Q=K=V)+,72,2.30271
SWAP,(Q=K=V)+,73,2.30319
SWAP,(Q=K=V)+,74,2.30383
SWAP,(Q=K=V)+,75,2.30255
SWAP,(Q=K=V)+,76,2.30361
SWAP,(Q=K=V)+,77,2.30342
SWAP,(Q=K=V)+,78,2.30106
SWAP,(Q=K=V)+,79,2.30280
SWAP,(Q=K=V)+,80,2.30335
SWAP,(Q=K=V)+,81,2.30405
SWAP,(Q=K=V)+,82,2.30232
SWAP,(Q=K=V)+,83,2.30248
SWAP,(Q=K=V)+,84,2.30249
SWAP,(Q=K=V)+,85,2.30232
SWAP,(Q=K=V)+,86,2.30244
SWAP,(Q=K=V)+,87,2.30282
SWAP,(Q=K=V)+,88,2.30225
SWAP,(Q=K=V)+,89,2.30192
SWAP,(Q=K=V)+,90,2.30216
SWAP,(Q=K=V)+,91,2.30213
SWAP,(Q=K=V)+,92,2.30186
SWAP,(Q=K=V)+,93,2.30184
SWAP,(Q=K=V)+,94,2.30235
SWAP,(Q=K=V)+,95,2.30270
SWAP,(Q=K=V)+,96,2.30233
SWAP,(Q=K=V)+,97,2.30222
SWAP,(Q=K=V)+,98,2.30143
SWAP,(Q=K=V)+,99,2.30140
SWAP,(Q=K=V)+,100,2.30231
SWAP,(Q=K=V)+,101,2.30132
SWAP,(Q=K=V)+,102,2.30132
SWAP,(Q=K=V)+,103,2.30097
SWAP,(Q=K=V)+,104,2.30172
SWAP,(Q=K=V)+,105,2.30139
SWAP,(Q=K=V)+,106,2.30221
SWAP,(Q=K=V)+,107,2.30198
SWAP,(Q=K=V)+,108,2.30127
SWAP,(Q=K=V)+,109,2.30059
SWAP,(Q=K=V)+,110,2.30100
SWAP,(Q=K=V)+,111,2.30113
SWAP,(Q=K=V)+,112,2.30139
SWAP,(Q=K=V)+,113,2.30210
SWAP,(Q=K=V)+,114,2.30051
SWAP,(Q=K=V)+,115,2.30125
SWAP,(Q=K=V)+,116,2.29997
SWAP,(Q=K=V)+,117,2.30149
SWAP,(Q=K=V)+,118,2.30127
SWAP,(Q=K=V)+,119,2.29996
SWAP,(Q=K=V)+,120,2.30036
SWAP,(Q=K=V)+,121,2.30068
SWAP,(Q=K=V)+,122,2.30007
SWAP,(Q=K=V)+,123,2.29987
SWAP,(Q=K=V)+,124,2.29978
SWAP,(Q=K=V)+,125,2.29976
SWAP,(Q=K=V)+,126,2.30067
SWAP,(Q=K=V)+,127,2.29958
SWAP,(Q=K=V)+,128,2.30019
SWAP,(Q=K=V)+,129,2.29981
SWAP,(Q=K=V)+,130,2.29956
SWAP,(Q=K=V)+,131,2.29954
SWAP,(Q=K=V)+,132,2.29872
SWAP,(Q=K=V)+,133,2.29957
SWAP,(Q=K=V)+,134,2.29875
SWAP,(Q=K=V)+,135,2.29855
SWAP,(Q=K=V)+,136,2.29765
SWAP,(Q=K=V)+,137,2.29748
SWAP,(Q=K=V)+,138,2.29816
SWAP,(Q=K=V)+,139,2.29844
SWAP,(Q=K=V)+,140,2.29716
SWAP,(Q=K=V)+,141,2.29710
SWAP,(Q=K=V)+,142,2.29677
SWAP,(Q=K=V)+,143,2.29735
SWAP,(Q=K=V)+,144,2.29601
SWAP,(Q=K=V)+,145,2.29630
SWAP,(Q=K=V)+,146,2.29533
SWAP,(Q=K=V)+,147,2.29523
SWAP,(Q=K=V)+,148,2.29378
SWAP,(Q=K=V)+,149,2.29334
SWAP,(Q=K=V)+,150,2.29384
SWAP,(Q=K=V)+,151,2.29383
SWAP,(Q=K=V)+,152,2.29269
SWAP,(Q=K=V)+,153,2.29189
SWAP,(Q=K=V)+,154,2.29191
SWAP,(Q=K=V)+,155,2.29244
SWAP,(Q=K=V)+,156,2.29156
SWAP,(Q=K=V)+,157,2.29036
SWAP,(Q=K=V)+,158,2.29022
SWAP,(Q=K=V)+,159,2.29002
SWAP,(Q=K=V)+,160,2.28895
SWAP,(Q=K=V)+,161,2.28887
SWAP,(Q=K=V)+,162,2.28884
SWAP,(Q=K=V)+,163,2.28790
SWAP,(Q=K=V)+,164,2.28853
SWAP,(Q=K=V)+,165,2.28715
SWAP,(Q=K=V)+,166,2.28827
SWAP,(Q=K=V)+,167,2.28662
SWAP,(Q=K=V)+,168,2.28652
SWAP,(Q=K=V)+,169,2.28745
SWAP,(Q=K=V)+,170,2.28631
SWAP,(Q=K=V)+,171,2.28558
SWAP,(Q=K=V)+,172,2.28478
SWAP,(Q=K=V)+,173,2.28485
SWAP,(Q=K=V)+,174,2.28373
SWAP,(Q=K=V)+,175,2.28405
SWAP,(Q=K=V)+,176,2.28416
SWAP,(Q=K=V)+,177,2.28339
SWAP,(Q=K=V)+,178,2.28283
SWAP,(Q=K=V)+,179,2.28034
SWAP,(Q=K=V)+,180,2.28333
SWAP,(Q=K=V)+,181,2.27972
SWAP,(Q=K=V)+,182,2.28009
SWAP,(Q=K=V)+,183,2.28070
SWAP,(Q=K=V)+,184,2.27842
SWAP,(Q=K=V)+,185,2.28115
SWAP,(Q=K=V)+,186,2.27809
SWAP,(Q=K=V)+,187,2.27786
SWAP,(Q=K=V)+,188,2.27933
SWAP,(Q=K=V)+,189,2.27888
SWAP,(Q=K=V)+,190,2.27688
SWAP,(Q=K=V)+,191,2.27777
SWAP,(Q=K=V)+,192,2.27660
SWAP,(Q=K=V)+,193,2.27788
SWAP,(Q=K=V)+,194,2.27467
SWAP,(Q=K=V)+,195,2.27336
SWAP,(Q=K=V)+,196,2.27468
SWAP,(Q=K=V)+,197,2.27407
SWAP,(Q=K=V)+,198,2.27250
SWAP,(Q=K=V)+,199,2.27576
SWAP,(Q=K=V)+,200,2.27317
SWAP,(Q=K=V)+,201,2.27236
SWAP,(Q=K=V)+,202,2.27168
SWAP,(Q=K=V)+,203,2.27200
SWAP,(Q=K=V)+,204,2.27166
SWAP,(Q=K=V)+,205,2.26951
SWAP,(Q=K=V)+,206,2.27064
SWAP,(Q=K=V)+,207,2.26910
SWAP,(Q=K=V)+,208,2.26872
SWAP,(Q=K=V)+,209,2.27156
SWAP,(Q=K=V)+,210,2.26674
SWAP,(Q=K=V)+,211,2.27026
SWAP,(Q=K=V)+,212,2.26985
SWAP,(Q=K=V)+,213,2.26566
SWAP,(Q=K=V)+,214,2.26442
SWAP,(Q=K=V)+,215,2.26490
SWAP,(Q=K=V)+,216,2.26578
SWAP,(Q=K=V)+,217,2.26333
SWAP,(Q=K=V)+,218,2.26171
SWAP,(Q=K=V)+,219,2.26252
SWAP,(Q=K=V)+,220,2.26507
SWAP,(Q=K=V)+,221,2.25857
SWAP,(Q=K=V)+,222,2.25780
SWAP,(Q=K=V)+,223,2.25724
SWAP,(Q=K=V)+,224,2.25831
SWAP,(Q=K=V)+,225,2.25687
SWAP,(Q=K=V)+,226,2.25768
SWAP,(Q=K=V)+,227,2.25718
SWAP,(Q=K=V)+,228,2.25394
SWAP,(Q=K=V)+,229,2.25330
SWAP,(Q=K=V)+,230,2.25211
SWAP,(Q=K=V)+,231,2.25209
SWAP,(Q=K=V)+,232,2.24925
SWAP,(Q=K=V)+,233,2.24893
SWAP,(Q=K=V)+,234,2.24732
SWAP,(Q=K=V)+,235,2.24581
SWAP,(Q=K=V)+,236,2.24320
SWAP,(Q=K=V)+,237,2.24266
SWAP,(Q=K=V)+,238,2.24080
SWAP,(Q=K=V)+,239,2.23935
SWAP,(Q=K=V)+,240,2.24024
SWAP,(Q=K=V)+,241,2.23548
SWAP,(Q=K=V)+,242,2.22920
SWAP,(Q=K=V)+,243,2.22736
SWAP,(Q=K=V)+,244,2.22183
SWAP,(Q=K=V)+,245,2.21828
SWAP,(Q=K=V)+,246,2.21298
SWAP,(Q=K=V)+,247,2.20605
SWAP,(Q=K=V)+,248,2.19517
SWAP,(Q=K=V)+,249,2.19545
SWAP,(Q=K=V)+,250,2.18438
SWAP,(Q=K=V)+,251,2.17680
SWAP,(Q=K=V)+,252,2.16528
SWAP,(Q=K=V)+,253,2.15338
SWAP,(Q=K=V)+,254,2.13783
SWAP,(Q=K=V)+,255,2.12194
SWAP,(Q=K=V)+,256,2.10473
SWAP,(Q=K=V)+,257,2.08382
SWAP,(Q=K=V)+,258,2.06271
SWAP,(Q=K=V)+,259,2.03934
SWAP,(Q=K=V)+,260,2.01117
SWAP,(Q=K=V)+,261,1.98041
SWAP,(Q=K=V)+,262,1.94571
SWAP,(Q=K=V)+,263,1.90339
SWAP,(Q=K=V)+,264,1.86052
SWAP,(Q=K=V)+,265,1.82687
SWAP,(Q=K=V)+,266,1.77447
SWAP,(Q=K=V)+,267,1.72560
SWAP,(Q=K=V)+,268,1.68323
SWAP,(Q=K=V)+,269,1.61407
SWAP,(Q=K=V)+,270,1.57470
SWAP,(Q=K=V)+,271,1.51363
SWAP,(Q=K=V)+,272,1.47807
SWAP,(Q=K=V)+,273,1.41988
SWAP,(Q=K=V)+,274,1.37642
SWAP,(Q=K=V)+,275,1.31876
SWAP,(Q=K=V)+,276,1.28672
SWAP,(Q=K=V)+,277,1.23586
SWAP,(Q=K=V)+,278,1.20056
SWAP,(Q=K=V)+,279,1.15990
SWAP,(Q=K=V)+,280,1.12131
SWAP,(Q=K=V)+,281,1.07917
SWAP,(Q=K=V)+,282,1.04897
SWAP,(Q=K=V)+,283,1.01221
SWAP,(Q=K=V)+,284,0.98066
SWAP,(Q=K=V)+,285,0.95424
SWAP,(Q=K=V)+,286,0.91808
SWAP,(Q=K=V)+,287,0.88098
SWAP,(Q=K=V)+,288,0.84895
SWAP,(Q=K=V)+,289,0.82413
SWAP,(Q=K=V)+,290,0.79681
SWAP,(Q=K=V)+,291,0.76813
SWAP,(Q=K=V)+,292,0.74827
SWAP,(Q=K=V)+,293,0.71093
SWAP,(Q=K=V)+,294,0.69293
SWAP,(Q=K=V)+,295,0.66581
SWAP,(Q=K=V)+,296,0.64353
SWAP,(Q=K=V)+,297,0.62011
SWAP,(Q=K=V)+,298,0.59107
SWAP,(Q=K=V)+,299,0.56829
SWAP,(Q=K=V)+,300,0.54526
SWAP,(Q=K=V)+,301,0.52463
SWAP,(Q=K=V)+,302,0.50487
SWAP,(Q=K=V)+,303,0.48295
SWAP,(Q=K=V)+,304,0.45800
SWAP,(Q=K=V)+,305,0.44157
SWAP,(Q=K=V)+,306,0.41264
SWAP,(Q=K=V)+,307,0.39560
SWAP,(Q=K=V)+,308,0.37685
SWAP,(Q=K=V)+,309,0.35605
SWAP,(Q=K=V)+,310,0.33806
SWAP,(Q=K=V)+,311,0.32276
SWAP,(Q=K=V)+,312,0.30242
SWAP,(Q=K=V)+,313,0.28733
SWAP,(Q=K=V)+,314,0.27300
SWAP,(Q=K=V)+,315,0.24654
SWAP,(Q=K=V)+,316,0.25529
SWAP,(Q=K=V)+,317,0.23734
SWAP,(Q=K=V)+,318,0.23036
SWAP,(Q=K=V)+,319,0.21447
SWAP,(Q=K=V)+,320,0.20853
SWAP,(Q=K=V)+,321,0.19357
SWAP,(Q=K=V)+,322,0.18865
SWAP,(Q=K=V)+,323,0.17395
SWAP,(Q=K=V)+,324,0.16878
SWAP,(Q=K=V)+,325,0.15932
SWAP,(Q=K=V)+,326,0.15143
SWAP,(Q=K=V)+,327,0.14584
SWAP,(Q=K=V)+,328,0.14155
SWAP,(Q=K=V)+,329,0.13214
SWAP,(Q=K=V)+,330,0.12726
SWAP,(Q=K=V)+,331,0.12365
SWAP,(Q=K=V)+,332,0.11554
SWAP,(Q=K=V)+,333,0.11420
SWAP,(Q=K=V)+,334,0.10762
SWAP,(Q=K=V)+,335,0.10267
SWAP,(Q=K=V)+,336,0.09678
SWAP,(Q=K=V)+,337,0.09198
SWAP,(Q=K=V)+,338,0.09003
SWAP,(Q=K=V)+,339,0.08570
SWAP,(Q=K=V)+,340,0.08069
SWAP,(Q=K=V)+,341,0.07886
SWAP,(Q=K=V)+,342,0.07555
SWAP,(Q=K=V)+,343,0.07251
SWAP,(Q=K=V)+,344,0.07025
SWAP,(Q=K=V)+,345,0.06761
SWAP,(Q=K=V)+,346,0.06532
SWAP,(Q=K=V)+,347,0.06331
SWAP,(Q=K=V)+,348,0.06010
SWAP,(Q=K=V)+,349,0.05923
SWAP,(Q=K=V)+,350,0.05770
SWAP,(Q=K=V)+,351,0.05664
SWAP,(Q=K=V)+,352,0.05433
SWAP,(Q=K=V)+,353,0.05390
SWAP,(Q=K=V)+,354,0.05160
SWAP,(Q=K=V)+,355,0.05089
SWAP,(Q=K=V)+,356,0.04970
SWAP,(Q=K=V)+,357,0.04908
SWAP,(Q=K=V)+,358,0.04787
SWAP,(Q=K=V)+,359,0.04654
SWAP,(Q=K=V)+,360,0.04629
SWAP,(Q=K=V)+,361,0.04496
SWAP,(Q=K=V)+,362,0.04401
SWAP,(Q=K=V)+,363,0.04322
SWAP,(Q=K=V)+,364,0.04217
SWAP,(Q=K=V)+,365,0.04093
SWAP,(Q=K=V)+,366,0.03925
SWAP,(Q=K=V)+,367,0.03885
SWAP,(Q=K=V)+,368,0.03831
SWAP,(Q=K=V)+,369,0.03800
SWAP,(Q=K=V)+,370,0.03664
SWAP,(Q=K=V)+,371,0.03628
SWAP,(Q=K=V)+,372,0.03574
SWAP,(Q=K=V)+,373,0.03522
SWAP,(Q=K=V)+,374,0.03523
SWAP,(Q=K=V)+,375,0.03440
SWAP,(Q=K=V)+,376,0.03363
SWAP,(Q=K=V)+,377,0.03379
SWAP,(Q=K=V)+,378,0.03336
SWAP,(Q=K=V)+,379,0.03291
SWAP,(Q=K=V)+,380,0.03296
SWAP,(Q=K=V)+,381,0.03248
SWAP,(Q=K=V)+,382,0.03297
SWAP,(Q=K=V)+,383,0.03241
SWAP,(Q=K=V)+,384,0.03204
SWAP,(Q=K=V)+,385,0.03221
SWAP,(Q=K=V)+,386,0.03169
SWAP,(Q=K=V)+,387,0.03179
SWAP,(Q=K=V)+,388,0.03190
SWAP,(Q=K=V)+,389,0.03118
SWAP,(Q=K=V)+,390,0.03136
SWAP,(Q=K=V)+,391,0.03152
SWAP,(Q=K=V)+,392,0.03138
SWAP,(Q=K=V)+,393,0.03111
SWAP,(Q=K=V)+,394,0.03043
SWAP,(Q=K=V)+,395,0.03074
SWAP,(Q=K=V)+,396,0.03087
SWAP,(Q=K=V)+,397,0.03085
SWAP,(Q=K=V)+,398,0.03062
SWAP,(Q=K=V)+,399,0.03028
SWAP,(Q=K=V)+,400,0.03038
SWAP,(Q=K=V)+,401,0.03055
SWAP,(Q=K=V)+,402,0.02961
SWAP,(Q=K=V)+,403,0.02995
SWAP,(Q=K=V)+,404,0.03004
SWAP,(Q=K=V)+,405,0.02993
SWAP,(Q=K=V)+,406,0.02977
SWAP,(Q=K=V)+,407,0.02970
SWAP,(Q=K=V)+,408,0.02999
SWAP,(Q=K=V)+,409,0.02921
SWAP,(Q=K=V)+,410,0.02946
SWAP,(Q=K=V)+,411,0.02932
SWAP,(Q=K=V)+,412,0.02911
SWAP,(Q=K=V)+,413,0.02921
SWAP,(Q=K=V)+,414,0.02872
SWAP,(Q=K=V)+,415,0.02876
SWAP,(Q=K=V)+,416,0.02848
SWAP,(Q=K=V)+,417,0.02859
SWAP,(Q=K=V)+,418,0.02791
SWAP,(Q=K=V)+,419,0.02774
SWAP,(Q=K=V)+,420,0.02726
SWAP,(Q=K=V)+,421,0.02646
SWAP,(Q=K=V)+,422,0.02603
SWAP,(Q=K=V)+,423,0.02528
SWAP,(Q=K=V)+,424,0.02522
SWAP,(Q=K=V)+,425,0.02501
SWAP,(Q=K=V)+,426,0.02430
SWAP,(Q=K=V)+,427,0.02346
SWAP,(Q=K=V)+,428,0.02342
SWAP,(Q=K=V)+,429,0.02247
SWAP,(Q=K=V)+,430,0.02238
SWAP,(Q=K=V)+,431,0.02227
SWAP,(Q=K=V)+,432,0.02186
SWAP,(Q=K=V)+,433,0.02091
SWAP,(Q=K=V)+,434,0.02115
SWAP,(Q=K=V)+,435,0.02060
SWAP,(Q=K=V)+,436,0.01988
SWAP,(Q=K=V)+,437,0.01879
SWAP,(Q=K=V)+,438,0.01794
SWAP,(Q=K=V)+,439,0.01780
SWAP,(Q=K=V)+,440,0.01626
SWAP,(Q=K=V)+,441,0.01517
SWAP,(Q=K=V)+,442,0.01468
SWAP,(Q=K=V)+,443,0.01341
SWAP,(Q=K=V)+,444,0.01194
SWAP,(Q=K=V)+,445,0.00977
SWAP,(Q=K=V)+,446,0.00880
SWAP,(Q=K=V)+,447,0.00767
SWAP,(Q=K=V)+,448,0.00666
SWAP,(Q=K=V)+,449,0.00619
SWAP,(Q=K=V)+,450,0.00593
SWAP,(Q=K=V)+,451,0.00555
SWAP,(Q=K=V)+,452,0.00537
SWAP,(Q=K=V)+,453,0.00540
SWAP,(Q=K=V)+,454,0.00521
SWAP,(Q=K=V)+,455,0.00516
SWAP,(Q=K=V)+,456,0.00511
SWAP,(Q=K=V)+,457,0.00493
SWAP,(Q=K=V)+,458,0.00501
SWAP,(Q=K=V)+,459,0.00512
SWAP,(Q=K=V)+,460,0.00486
SWAP,(Q=K=V)+,461,0.00485
SWAP,(Q=K=V)+,462,0.00478
SWAP,(Q=K=V)+,463,0.00486
SWAP,(Q=K=V)+,464,0.00474
SWAP,(Q=K=V)+,465,0.00465
SWAP,(Q=K=V)+,466,0.00473
SWAP,(Q=K=V)+,467,0.00456
SWAP,(Q=K=V)+,468,0.00457
SWAP,(Q=K=V)+,469,0.00454
SWAP,(Q=K=V)+,470,0.00452
SWAP,(Q=K=V)+,471,0.00445
SWAP,(Q=K=V)+,472,0.00443
SWAP,(Q=K=V)+,473,0.00446
SWAP,(Q=K=V)+,474,0.00439
SWAP,(Q=K=V)+,475,0.00439
SWAP,(Q=K=V)+,476,0.00435
SWAP,(Q=K=V)+,477,0.00436
SWAP,(Q=K=V)+,478,0.00429
SWAP,(Q=K=V)+,479,0.00430
SWAP,(Q=K=V)+,480,0.00426
SWAP,(Q=K=V)+,481,0.00424
SWAP,(Q=K=V)+,482,0.00428
SWAP,(Q=K=V)+,483,0.00414
SWAP,(Q=K=V)+,484,0.00412
SWAP,(Q=K=V)+,485,0.00421
SWAP,(Q=K=V)+,486,0.00413
SWAP,(Q=K=V)+,487,0.00410
SWAP,(Q=K=V)+,488,0.00409
SWAP,(Q=K=V)+,489,0.00405
SWAP,(Q=K=V)+,490,0.00407
SWAP,(Q=K=V)+,491,0.00403
SWAP,(Q=K=V)+,492,0.00397
SWAP,(Q=K=V)+,493,0.00400
SWAP,(Q=K=V)+,494,0.00396
SWAP,(Q=K=V)+,495,0.00399
SWAP,(Q=K=V)+,496,0.00398
SWAP,(Q=K=V)+,497,0.00394
SWAP,(Q=K=V)+,498,0.00390
SWAP,(Q=K=V)+,499,0.00392
SWAP,(Q=K=V)+,500,0.00387
SWAP,(Q=K=V)+,501,0.00388
SWAP,(Q=K=V)+,502,0.00389
SWAP,(Q=K=V)+,503,0.00388
SWAP,(Q=K=V)+,504,0.00382
SWAP,(Q=K=V)+,505,0.00379
SWAP,(Q=K=V)+,506,0.00380
SWAP,(Q=K=V)+,507,0.00384
SWAP,(Q=K=V)+,508,0.00373
SWAP,(Q=K=V)+,509,0.00382
SWAP,(Q=K=V)+,510,0.00380
SWAP,(Q=K=V)+,511,0.00379
SWAP,(Q=K=V)+,512,0.00375
SWAP,(Q=K=V)+,513,0.00371
SWAP,(Q=K=V)+,514,0.00374
SWAP,(Q=K=V)+,515,0.00376
SWAP,(Q=K=V)+,516,0.00371
SWAP,(Q=K=V)+,517,0.00369
SWAP,(Q=K=V)+,518,0.00368
SWAP,(Q=K=V)+,519,0.00363
SWAP,(Q=K=V)+,520,0.00370
SWAP,(Q=K=V)+,521,0.00364
SWAP,(Q=K=V)+,522,0.00360
SWAP,(Q=K=V)+,523,0.00359
SWAP,(Q=K=V)+,524,0.00361
SWAP,(Q=K=V)+,525,0.00365
SWAP,(Q=K=V)+,526,0.00356
SWAP,(Q=K=V)+,527,0.00360
SWAP,(Q=K=V)+,528,0.00354
SWAP,(Q=K=V)+,529,0.00351
SWAP,(Q=K=V)+,530,0.00351
SWAP,(Q=K=V)+,531,0.00357
SWAP,(Q=K=V)+,532,0.00355
SWAP,(Q=K=V)+,533,0.00354
SWAP,(Q=K=V)+,534,0.00349
SWAP,(Q=K=V)+,535,0.00353
SWAP,(Q=K=V)+,536,0.00351
SWAP,(Q=K=V)+,537,0.00349
SWAP,(Q=K=V)+,538,0.00349
SWAP,(Q=K=V)+,539,0.00346
SWAP,(Q=K=V)+,540,0.00342
SWAP,(Q=K=V)+,541,0.00348
SWAP,(Q=K=V)+,542,0.00340
SWAP,(Q=K=V)+,543,0.00347
SWAP,(Q=K=V)+,544,0.00341
SWAP,(Q=K=V)+,545,0.00340
SWAP,(Q=K=V)+,546,0.00338
SWAP,(Q=K=V)+,547,0.00343
SWAP,(Q=K=V)+,548,0.00341
SWAP,(Q=K=V)+,549,0.00339
SWAP,(Q=K=V)+,550,0.00341
SWAP,(Q=K=V)+,551,0.00341
SWAP,(Q=K=V)+,552,0.00339
SWAP,(Q=K=V)+,553,0.00340
SWAP,(Q=K=V)+,554,0.00332
SWAP,(Q=K=V)+,555,0.00336
SWAP,(Q=K=V)+,556,0.00333
SWAP,(Q=K=V)+,557,0.00328
SWAP,(Q=K=V)+,558,0.00330
SWAP,(Q=K=V)+,559,0.00330
SWAP,(Q=K=V)+,560,0.00336
SWAP,(Q=K=V)+,561,0.00328
SWAP,(Q=K=V)+,562,0.00331
SWAP,(Q=K=V)+,563,0.00326
SWAP,(Q=K=V)+,564,0.00323
SWAP,(Q=K=V)+,565,0.00326
SWAP,(Q=K=V)+,566,0.00325
SWAP,(Q=K=V)+,567,0.00328
SWAP,(Q=K=V)+,568,0.00324
SWAP,(Q=K=V)+,569,0.00322
SWAP,(Q=K=V)+,570,0.00324
SWAP,(Q=K=V)+,571,0.00325
SWAP,(Q=K=V)+,572,0.00326
SWAP,(Q=K=V)+,573,0.00319
SWAP,(Q=K=V)+,574,0.00322
SWAP,(Q=K=V)+,575,0.00321
SWAP,(Q=K=V)+,576,0.00317
SWAP,(Q=K=V)+,577,0.00321
SWAP,(Q=K=V)+,578,0.00321
SWAP,(Q=K=V)+,579,0.00317
SWAP,(Q=K=V)+,580,0.00321
SWAP,(Q=K=V)+,581,0.00318
SWAP,(Q=K=V)+,582,0.00319
SWAP,(Q=K=V)+,583,0.00320
SWAP,(Q=K=V)+,584,0.00314
SWAP,(Q=K=V)+,585,0.00313
SWAP,(Q=K=V)+,586,0.00315
SWAP,(Q=K=V)+,587,0.00317
SWAP,(Q=K=V)+,588,0.00315
SWAP,(Q=K=V)+,589,0.00315
SWAP,(Q=K=V)+,590,0.00312
SWAP,(Q=K=V)+,591,0.00315
SWAP,(Q=K=V)+,592,0.00311
SWAP,(Q=K=V)+,593,0.00318
SWAP,(Q=K=V)+,594,0.00311
SWAP,(Q=K=V)+,595,0.00311
SWAP,(Q=K=V)+,596,0.00310
SWAP,(Q=K=V)+,597,0.00311
SWAP,(Q=K=V)+,598,0.00312
SWAP,(Q=K=V)+,599,0.00309
SWAP,(Q=K=V)+,600,0.00303
SWAP,(Q=K=V)+,601,0.00308
SWAP,(Q=K=V)+,602,0.00308
SWAP,(Q=K=V)+,603,0.00305
SWAP,(Q=K=V)+,604,0.00307
SWAP,(Q=K=V)+,605,0.00307
SWAP,(Q=K=V)+,606,0.00307
SWAP,(Q=K=V)+,607,0.00307
SWAP,(Q=K=V)+,608,0.00303
SWAP,(Q=K=V)+,609,0.00307
SWAP,(Q=K=V)+,610,0.00306
SWAP,(Q=K=V)+,611,0.00302
SWAP,(Q=K=V)+,612,0.00302
SWAP,(Q=K=V)+,613,0.00302
SWAP,(Q=K=V)+,614,0.00306
SWAP,(Q=K=V)+,615,0.00305
SWAP,(Q=K=V)+,616,0.00302
SWAP,(Q=K=V)+,617,0.00304
SWAP,(Q=K=V)+,618,0.00303
SWAP,(Q=K=V)+,619,0.00299
SWAP,(Q=K=V)+,620,0.00299
SWAP,(Q=K=V)+,621,0.00300
SWAP,(Q=K=V)+,622,0.00300
SWAP,(Q=K=V)+,623,0.00301
SWAP,(Q=K=V)+,624,0.00301
SWAP,(Q=K=V)+,625,0.00302
SWAP,(Q=K=V)+,626,0.00299
SWAP,(Q=K=V)+,627,0.00300
SWAP,(Q=K=V)+,628,0.00300
SWAP,(Q=K=V)+,629,0.00295
SWAP,(Q=K=V)+,630,0.00296
SWAP,(Q=K=V)+,631,0.00286
SWAP,(Q=K=V)+,632,0.00296
SWAP,(Q=K=V)+,633,0.00293
SWAP,(Q=K=V)+,634,0.00299
SWAP,(Q=K=V)+,635,0.00295
SWAP,(Q=K=V)+,636,0.00292
SWAP,(Q=K=V)+,637,0.00295
SWAP,(Q=K=V)+,638,0.00295
SWAP,(Q=K=V)+,639,0.00295
SWAP,(Q=K=V)+,640,0.00295
SWAP,(Q=K=V)+,641,0.00298
SWAP,(Q=K=V)+,642,0.00293
SWAP,(Q=K=V)+,643,0.00293
SWAP,(Q=K=V)+,644,0.00297
SWAP,(Q=K=V)+,645,0.00297
SWAP,(Q=K=V)+,646,0.00293
SWAP,(Q=K=V)+,647,0.00292
SWAP,(Q=K=V)+,648,0.00294
SWAP,(Q=K=V)+,649,0.00294
SWAP,(Q=K=V)+,650,0.00295
SWAP,(Q=K=V)+,651,0.00292
SWAP,(Q=K=V)+,652,0.00292
SWAP,(Q=K=V)+,653,0.00295
SWAP,(Q=K=V)+,654,0.00292
SWAP,(Q=K=V)+,655,0.00288
SWAP,(Q=K=V)+,656,0.00287
SWAP,(Q=K=V)+,657,0.00291
SWAP,(Q=K=V)+,658,0.00291
SWAP,(Q=K=V)+,659,0.00287
SWAP,(Q=K=V)+,660,0.00293
SWAP,(Q=K=V)+,661,0.00290
SWAP,(Q=K=V)+,662,0.00288
SWAP,(Q=K=V)+,663,0.00291
SWAP,(Q=K=V)+,664,0.00289
SWAP,(Q=K=V)+,665,0.00292
SWAP,(Q=K=V)+,666,0.00286
SWAP,(Q=K=V)+,667,0.00290
SWAP,(Q=K=V)+,668,0.00289
SWAP,(Q=K=V)+,669,0.00286
SWAP,(Q=K=V)+,670,0.00290
SWAP,(Q=K=V)+,671,0.00289
SWAP,(Q=K=V)+,672,0.00290
SWAP,(Q=K=V)+,673,0.00287
SWAP,(Q=K=V)+,674,0.00286
SWAP,(Q=K=V)+,675,0.00283
SWAP,(Q=K=V)+,676,0.00289
SWAP,(Q=K=V)+,677,0.00286
SWAP,(Q=K=V)+,678,0.00290
SWAP,(Q=K=V)+,679,0.00293
SWAP,(Q=K=V)+,680,0.00285
SWAP,(Q=K=V)+,681,0.00286
SWAP,(Q=K=V)+,682,0.00282
SWAP,(Q=K=V)+,683,0.00287
SWAP,(Q=K=V)+,684,0.00286
SWAP,(Q=K=V)+,685,0.00283
SWAP,(Q=K=V)+,686,0.00289
SWAP,(Q=K=V)+,687,0.00291
SWAP,(Q=K=V)+,688,0.00289
SWAP,(Q=K=V)+,689,0.00284
SWAP,(Q=K=V)+,690,0.00288
SWAP,(Q=K=V)+,691,0.00289
SWAP,(Q=K=V)+,692,0.00287
SWAP,(Q=K=V)+,693,0.00284
SWAP,(Q=K=V)+,694,0.00290
SWAP,(Q=K=V)+,695,0.00286
SWAP,(Q=K=V)+,696,0.00285
SWAP,(Q=K=V)+,697,0.00289
SWAP,(Q=K=V)+,698,0.00281
SWAP,(Q=K=V)+,699,0.00284
SWAP,(Q=K=V)+,700,0.00286
SWAP,(Q=K=V)+,701,0.00289
SWAP,(Q=K=V)+,702,0.00285
SWAP,(Q=K=V)+,703,0.00287
SWAP,(Q=K=V)+,704,0.00284
SWAP,(Q=K=V)+,705,0.00281
SWAP,(Q=K=V)+,706,0.00288
SWAP,(Q=K=V)+,707,0.00285
SWAP,(Q=K=V)+,708,0.00287
SWAP,(Q=K=V)+,709,0.00283
SWAP,(Q=K=V)+,710,0.00293
SWAP,(Q=K=V)+,711,0.00281
SWAP,(Q=K=V)+,712,0.00282
SWAP,(Q=K=V)+,713,0.00285
SWAP,(Q=K=V)+,714,0.00282
SWAP,(Q=K=V)+,715,0.00282
SWAP,(Q=K=V)+,716,0.00281
SWAP,(Q=K=V)+,717,0.00285
SWAP,(Q=K=V)+,718,0.00286
SWAP,(Q=K=V)+,719,0.00286
SWAP,(Q=K=V)+,720,0.00285
SWAP,(Q=K=V)+,721,0.00282
SWAP,(Q=K=V)+,722,0.00282
SWAP,(Q=K=V)+,723,0.00283
SWAP,(Q=K=V)+,724,0.00284
SWAP,(Q=K=V)+,725,0.00283
SWAP,(Q=K=V)+,726,0.00287
SWAP,(Q=K=V)+,727,0.00283
SWAP,(Q=K=V)+,728,0.00280
SWAP,(Q=K=V)+,729,0.00283
SWAP,(Q=K=V)+,730,0.00282
SWAP,(Q=K=V)+,731,0.00282
SWAP,(Q=K=V)+,732,0.00282
SWAP,(Q=K=V)+,733,0.00284
SWAP,(Q=K=V)+,734,0.00279
SWAP,(Q=K=V)+,735,0.00282
SWAP,(Q=K=V)+,736,0.00282
SWAP,(Q=K=V)+,737,0.00284
SWAP,(Q=K=V)+,738,0.00280
SWAP,(Q=K=V)+,739,0.00285
SWAP,(Q=K=V)+,740,0.00281
SWAP,(Q=K=V)+,741,0.00280
SWAP,(Q=K=V)+,742,0.00282
SWAP,(Q=K=V)+,743,0.00283
SWAP,(Q=K=V)+,744,0.00288
SWAP,(Q=K=V)+,745,0.00283
SWAP,(Q=K=V)+,746,0.00281
SWAP,(Q=K=V)+,747,0.00278
SWAP,(Q=K=V)+,748,0.00281
SWAP,(Q=K=V)+,749,0.00282
SWAP,(Q=K=V)+,750,0.00285
SWAP,(Q=K=V)+,751,0.00283
SWAP,(Q=K=V)+,752,0.00281
SWAP,(Q=K=V)+,753,0.00284
SWAP,(Q=K=V)+,754,0.00285
SWAP,(Q=K=V)+,755,0.00282
SWAP,(Q=K=V)+,756,0.00281
SWAP,(Q=K=V)+,757,0.00281
SWAP,(Q=K=V)+,758,0.00285
SWAP,(Q=K=V)+,759,0.00280
SWAP,(Q=K=V)+,760,0.00280
SWAP,(Q=K=V)+,761,0.00285
SWAP,(Q=K=V)+,762,0.00283
SWAP,(Q=K=V)+,763,0.00282
SWAP,(Q=K=V)+,764,0.00282
SWAP,(Q=K=V)+,765,0.00282
SWAP,(Q=K=V)+,766,0.00281
SWAP,(Q=K=V)+,767,0.00280
SWAP,(Q=K=V)+,768,0.00282
SWAP,(Q=K=V)+,769,0.00288
SWAP,(Q=K=V)+,770,0.00281
SWAP,(Q=K=V)+,771,0.00282
SWAP,(Q=K=V)+,772,0.00287
SWAP,(Q=K=V)+,773,0.00286
SWAP,(Q=K=V)+,774,0.00279
SWAP,(Q=K=V)+,775,0.00282
SWAP,(Q=K=V)+,776,0.00284
SWAP,(Q=K=V)+,777,0.00281
SWAP,(Q=K=V)+,778,0.00276
SWAP,(Q=K=V)+,779,0.00281
SWAP,(Q=K=V)+,780,0.00280
SWAP,(Q=K=V)+,781,0.00285
SWAP,(Q=K=V)+,782,0.00283
SWAP,(Q=K=V)+,783,0.00286
SWAP,(Q=K=V)+,784,0.00283
SWAP,(Q=K=V)+,785,0.00283
SWAP,(Q=K=V)+,786,0.00280
SWAP,(Q=K=V)+,787,0.00281
SWAP,(Q=K=V)+,788,0.00282
SWAP,(Q=K=V)+,789,0.00280
COPY,QKV,0,2.44269
COPY,QKV,1,2.44723
COPY,QKV,2,2.44252
COPY,QKV,3,2.43042
COPY,QKV,4,2.42719
COPY,QKV,5,2.42128
COPY,QKV,6,2.40989
COPY,QKV,7,2.40318
COPY,QKV,8,2.38665
COPY,QKV,9,2.37199
COPY,QKV,10,2.36223
COPY,QKV,11,2.34786
COPY,QKV,12,2.32122
COPY,QKV,13,2.30909
COPY,QKV,14,2.28903
COPY,QKV,15,2.27441
COPY,QKV,16,2.24550
COPY,QKV,17,2.22528
COPY,QKV,18,2.20312
COPY,QKV,19,2.17740
COPY,QKV,20,2.16133
COPY,QKV,21,2.12708
COPY,QKV,22,2.09916
COPY,QKV,23,2.07132
COPY,QKV,24,2.04339
COPY,QKV,25,2.00920
COPY,QKV,26,1.97583
COPY,QKV,27,1.94134
COPY,QKV,28,1.90295
COPY,QKV,29,1.86069
COPY,QKV,30,1.81888
COPY,QKV,31,1.76549
COPY,QKV,32,1.71798
COPY,QKV,33,1.66446
COPY,QKV,34,1.60862
COPY,QKV,35,1.55030
COPY,QKV,36,1.48446
COPY,QKV,37,1.41432
COPY,QKV,38,1.33423
COPY,QKV,39,1.26297
COPY,QKV,40,1.17528
COPY,QKV,41,1.10662
COPY,QKV,42,1.02011
COPY,QKV,43,0.94115
COPY,QKV,44,0.86141
COPY,QKV,45,0.78564
COPY,QKV,46,0.71302
COPY,QKV,47,0.64540
COPY,QKV,48,0.57892
COPY,QKV,49,0.51967
COPY,QKV,50,0.45994
COPY,QKV,51,0.40986
COPY,QKV,52,0.35941
COPY,QKV,53,0.32106
COPY,QKV,54,0.28214
COPY,QKV,55,0.24357
COPY,QKV,56,0.21274
COPY,QKV,57,0.18433
COPY,QKV,58,0.16116
COPY,QKV,59,0.14182
COPY,QKV,60,0.12421
COPY,QKV,61,0.10901
COPY,QKV,62,0.09705
COPY,QKV,63,0.08680
COPY,QKV,64,0.07748
COPY,QKV,65,0.06962
COPY,QKV,66,0.06296
COPY,QKV,67,0.05736
COPY,QKV,68,0.05222
COPY,QKV,69,0.04802
COPY,QKV,70,0.04446
COPY,QKV,71,0.04127
COPY,QKV,72,0.03847
COPY,QKV,73,0.03599
COPY,QKV,74,0.03392
COPY,QKV,75,0.03180
COPY,QKV,76,0.03024
COPY,QKV,77,0.02857
COPY,QKV,78,0.02743
COPY,QKV,79,0.02585
COPY,QKV,80,0.02464
COPY,QKV,81,0.02360
COPY,QKV,82,0.02264
COPY,QKV,83,0.02172
COPY,QKV,84,0.02079
COPY,QKV,85,0.02010
COPY,QKV,86,0.01931
COPY,QKV,87,0.01870
COPY,QKV,88,0.01797
COPY,QKV,89,0.01749
COPY,QKV,90,0.01696
COPY,QKV,91,0.01644
COPY,QKV,92,0.01604
COPY,QKV,93,0.01554
COPY,QKV,94,0.01518
COPY,QKV,95,0.01479
COPY,QKV,96,0.01444
COPY,QKV,97,0.01412
COPY,QKV,98,0.01375
COPY,QKV,99,0.01348
COPY,QKV,100,0.01316
COPY,QKV,101,0.01293
COPY,QKV,102,0.01267
COPY,QKV,103,0.01243
COPY,QKV,104,0.01213
COPY,QKV,105,0.01194
COPY,QKV,106,0.01174
COPY,QKV,107,0.01151
COPY,QKV,108,0.01132
COPY,QKV,109,0.01115
COPY,QKV,110,0.01094
COPY,QKV,111,0.01077
COPY,QKV,112,0.01063
COPY,QKV,113,0.01045
COPY,QKV,114,0.01032
COPY,QKV,115,0.01017
COPY,QKV,116,0.01004
COPY,QKV,117,0.00987
COPY,QKV,118,0.00973
COPY,QKV,119,0.00961
COPY,QKV,120,0.00947
COPY,QKV,121,0.00934
COPY,QKV,122,0.00923
COPY,QKV,123,0.00911
COPY,QKV,124,0.00903
COPY,QKV,125,0.00889
COPY,QKV,126,0.00877
COPY,QKV,127,0.00868
COPY,QKV,128,0.00855
COPY,QKV,129,0.00846
COPY,QKV,130,0.00841
COPY,QKV,131,0.00830
COPY,QKV,132,0.00819
COPY,QKV,133,0.00812
COPY,QKV,134,0.00801
COPY,QKV,135,0.00792
COPY,QKV,136,0.00783
COPY,QKV,137,0.00776
COPY,QKV,138,0.00768
COPY,QKV,139,0.00759
COPY,QKV,140,0.00753
COPY,QKV,141,0.00744
COPY,QKV,142,0.00736
COPY,QKV,143,0.00731
COPY,QKV,144,0.00725
COPY,QKV,145,0.00715
COPY,QKV,146,0.00709
COPY,QKV,147,0.00702
COPY,QKV,148,0.00694
COPY,QKV,149,0.00688
COPY,QKV,150,0.00681
COPY,QKV,151,0.00676
COPY,QKV,152,0.00670
COPY,QKV,153,0.00664
COPY,QKV,154,0.00659
COPY,QKV,155,0.00652
COPY,QKV,156,0.00645
COPY,QKV,157,0.00635
COPY,QKV,158,0.00635
COPY,QKV,159,0.00630
COPY,QKV,160,0.00623
COPY,QKV,161,0.00618
COPY,QKV,162,0.00613
COPY,QKV,163,0.00607
COPY,QKV,164,0.00603
COPY,QKV,165,0.00598
COPY,QKV,166,0.00593
COPY,QKV,167,0.00587
COPY,QKV,168,0.00583
COPY,QKV,169,0.00577
COPY,QKV,170,0.00573
COPY,QKV,171,0.00569
COPY,QKV,172,0.00564
COPY,QKV,173,0.00559
COPY,QKV,174,0.00554
COPY,QKV,175,0.00551
COPY,QKV,176,0.00546
COPY,QKV,177,0.00541
COPY,QKV,178,0.00539
COPY,QKV,179,0.00534
COPY,QKV,180,0.00531
COPY,QKV,181,0.00527
COPY,QKV,182,0.00523
COPY,QKV,183,0.00518
COPY,QKV,184,0.00515
COPY,QKV,185,0.00512
COPY,QKV,186,0.00507
COPY,QKV,187,0.00504
COPY,QKV,188,0.00499
COPY,QKV,189,0.00496
COPY,QKV,190,0.00493
COPY,QKV,191,0.00490
COPY,QKV,192,0.00486
COPY,QKV,193,0.00483
COPY,QKV,194,0.00479
COPY,QKV,195,0.00476
COPY,QKV,196,0.00473
COPY,QKV,197,0.00470
COPY,QKV,198,0.00467
COPY,QKV,199,0.00464
COPY,QKV,200,0.00460
COPY,QKV,201,0.00457
COPY,QKV,202,0.00455
COPY,QKV,203,0.00451
COPY,QKV,204,0.00449
COPY,QKV,205,0.00445
COPY,QKV,206,0.00442
COPY,QKV,207,0.00439
COPY,QKV,208,0.00437
COPY,QKV,209,0.00434
COPY,QKV,210,0.00431
COPY,QKV,211,0.00428
COPY,QKV,212,0.00426
COPY,QKV,213,0.00423
COPY,QKV,214,0.00420
COPY,QKV,215,0.00418
COPY,QKV,216,0.00416
COPY,QKV,217,0.00414
COPY,QKV,218,0.00411
COPY,QKV,219,0.00408
COPY,QKV,220,0.00405
COPY,QKV,221,0.00403
COPY,QKV,222,0.00401
COPY,QKV,223,0.00398
COPY,QKV,224,0.00395
COPY,QKV,225,0.00394
COPY,QKV,226,0.00392
COPY,QKV,227,0.00389
COPY,QKV,228,0.00387
COPY,QKV,229,0.00385
COPY,QKV,230,0.00383
COPY,QKV,231,0.00380
COPY,QKV,232,0.00378
COPY,QKV,233,0.00376
COPY,QKV,234,0.00374
COPY,QKV,235,0.00372
COPY,QKV,236,0.00370
COPY,QKV,237,0.00367
COPY,QKV,238,0.00366
COPY,QKV,239,0.00364
COPY,QKV,240,0.00361
COPY,QKV,241,0.00360
COPY,QKV,242,0.00358
COPY,QKV,243,0.00357
COPY,QKV,244,0.00355
COPY,QKV,245,0.00352
COPY,QKV,246,0.00351
COPY,QKV,247,0.00349
COPY,QKV,248,0.00347
COPY,QKV,249,0.00344
COPY,QKV,250,0.00344
COPY,QKV,251,0.00342
COPY,QKV,252,0.00340
COPY,QKV,253,0.00338
COPY,QKV,254,0.00337
COPY,QKV,255,0.00335
COPY,QKV,256,0.00333
COPY,QKV,257,0.00331
COPY,QKV,258,0.00330
COPY,QKV,259,0.00328
COPY,QKV,260,0.00326
COPY,QKV,261,0.00325
COPY,QKV,262,0.00323
COPY,QKV,263,0.00322
COPY,QKV,264,0.00321
COPY,QKV,265,0.00319
COPY,QKV,266,0.00318
COPY,QKV,267,0.00316
COPY,QKV,268,0.00314
COPY,QKV,269,0.00313
COPY,QKV,270,0.00312
COPY,QKV,271,0.00310
COPY,QKV,272,0.00309
COPY,QKV,273,0.00307
COPY,QKV,274,0.00306
COPY,QKV,275,0.00305
COPY,QKV,276,0.00303
COPY,QKV,277,0.00302
COPY,QKV,278,0.00301
COPY,QKV,279,0.00299
COPY,QKV,280,0.00297
COPY,QKV,281,0.00296
COPY,QKV,282,0.00295
COPY,QKV,283,0.00294
COPY,QKV,284,0.00292
COPY,QKV,285,0.00291
COPY,QKV,286,0.00290
COPY,QKV,287,0.00288
COPY,QKV,288,0.00288
COPY,QKV,289,0.00287
COPY,QKV,290,0.00285
COPY,QKV,291,0.00284
COPY,QKV,292,0.00283
COPY,QKV,293,0.00281
COPY,QKV,294,0.00280
COPY,QKV,295,0.00279
COPY,QKV,296,0.00278
COPY,QKV,297,0.00277
COPY,QKV,298,0.00276
COPY,QKV,299,0.00275
COPY,QKV,300,0.00274
COPY,QKV,301,0.00273
COPY,QKV,302,0.00271
COPY,QKV,303,0.00270
COPY,QKV,304,0.00269
COPY,QKV,305,0.00268
COPY,QKV,306,0.00267
COPY,QKV,307,0.00266
COPY,QKV,308,0.00265
COPY,QKV,309,0.00264
COPY,QKV,310,0.00263
COPY,QKV,311,0.00262
COPY,QKV,312,0.00261
COPY,QKV,313,0.00260
COPY,QKV,314,0.00259
COPY,QKV,315,0.00257
COPY,QKV,316,0.00257
COPY,QKV,317,0.00256
COPY,QKV,318,0.00255
COPY,QKV,319,0.00254
COPY,QKV,320,0.00253
COPY,QKV,321,0.00252
COPY,QKV,322,0.00251
COPY,QKV,323,0.00250
COPY,QKV,324,0.00250
COPY,QKV,325,0.00249
COPY,QKV,326,0.00248
COPY,QKV,327,0.00247
COPY,QKV,328,0.00245
COPY,QKV,329,0.00245
COPY,QKV,330,0.00244
COPY,QKV,331,0.00244
COPY,QKV,332,0.00243
COPY,QKV,333,0.00242
COPY,QKV,334,0.00241
COPY,QKV,335,0.00241
COPY,QKV,336,0.00239
COPY,QKV,337,0.00238
COPY,QKV,338,0.00238
COPY,QKV,339,0.00237
COPY,QKV,340,0.00237
COPY,QKV,341,0.00236
COPY,QKV,342,0.00234
COPY,QKV,343,0.00234
COPY,QKV,344,0.00233
COPY,QKV,345,0.00232
COPY,QKV,346,0.00232
COPY,QKV,347,0.00231
COPY,QKV,348,0.00230
COPY,QKV,349,0.00230
COPY,QKV,350,0.00229
COPY,QKV,351,0.00228
COPY,QKV,352,0.00227
COPY,QKV,353,0.00227
COPY,QKV,354,0.00226
COPY,QKV,355,0.00225
COPY,QKV,356,0.00224
COPY,QKV,357,0.00224
COPY,QKV,358,0.00223
COPY,QKV,359,0.00223
COPY,QKV,360,0.00222
COPY,QKV,361,0.00221
COPY,QKV,362,0.00221
COPY,QKV,363,0.00220
COPY,QKV,364,0.00219
COPY,QKV,365,0.00218
COPY,QKV,366,0.00218
COPY,QKV,367,0.00217
COPY,QKV,368,0.00217
COPY,QKV,369,0.00216
COPY,QKV,370,0.00215
COPY,QKV,371,0.00215
COPY,QKV,372,0.00214
COPY,QKV,373,0.00213
COPY,QKV,374,0.00213
COPY,QKV,375,0.00212
COPY,QKV,376,0.00212
COPY,QKV,377,0.00211
COPY,QKV,378,0.00210
COPY,QKV,379,0.00210
COPY,QKV,380,0.00209
COPY,QKV,381,0.00209
COPY,QKV,382,0.00208
COPY,QKV,383,0.00208
COPY,QKV,384,0.00207
COPY,QKV,385,0.00206
COPY,QKV,386,0.00206
COPY,QKV,387,0.00205
COPY,QKV,388,0.00205
COPY,QKV,389,0.00204
COPY,QKV,390,0.00203
COPY,QKV,391,0.00203
COPY,QKV,392,0.00203
COPY,QKV,393,0.00202
COPY,QKV,394,0.00202
COPY,QKV,395,0.00201
COPY,QKV,396,0.00200
COPY,QKV,397,0.00200
COPY,QKV,398,0.00199
COPY,QKV,399,0.00199
COPY,QKV,400,0.00198
COPY,QKV,401,0.00198
COPY,QKV,402,0.00197
COPY,QKV,403,0.00197
COPY,QKV,404,0.00196
COPY,QKV,405,0.00196
COPY,QKV,406,0.00195
COPY,QKV,407,0.00195
COPY,QKV,408,0.00195
COPY,QKV,409,0.00194
COPY,QKV,410,0.00194
COPY,QKV,411,0.00193
COPY,QKV,412,0.00193
COPY,QKV,413,0.00192
COPY,QKV,414,0.00192
COPY,QKV,415,0.00192
COPY,QKV,416,0.00191
COPY,QKV,417,0.00190
COPY,QKV,418,0.00190
COPY,QKV,419,0.00189
COPY,QKV,420,0.00189
COPY,QKV,421,0.00189
COPY,QKV,422,0.00188
COPY,QKV,423,0.00188
COPY,QKV,424,0.00187
COPY,QKV,425,0.00187
COPY,QKV,426,0.00187
COPY,QKV,427,0.00186
COPY,QKV,428,0.00186
COPY,QKV,429,0.00185
COPY,QKV,430,0.00185
COPY,QKV,431,0.00184
COPY,QKV,432,0.00184
COPY,QKV,433,0.00184
COPY,QKV,434,0.00184
COPY,QKV,435,0.00183
COPY,QKV,436,0.00183
COPY,QKV,437,0.00182
COPY,QKV,438,0.00182
COPY,QKV,439,0.00181
COPY,QKV,440,0.00181
COPY,QKV,441,0.00181
COPY,QKV,442,0.00181
COPY,QKV,443,0.00180
COPY,QKV,444,0.00180
COPY,QKV,445,0.00179
COPY,QKV,446,0.00179
COPY,QKV,447,0.00179
COPY,QKV,448,0.00178
COPY,QKV,449,0.00178
COPY,QKV,450,0.00178
COPY,QKV,451,0.00178
COPY,QKV,452,0.00177
COPY,QKV,453,0.00177
COPY,QKV,454,0.00176
COPY,QKV,455,0.00176
COPY,QKV,456,0.00176
COPY,QKV,457,0.00175
COPY,QKV,458,0.00175
COPY,QKV,459,0.00175
COPY,QKV,460,0.00175
COPY,QKV,461,0.00174
COPY,QKV,462,0.00174
COPY,QKV,463,0.00174
COPY,QKV,464,0.00173
COPY,QKV,465,0.00173
COPY,QKV,466,0.00172
COPY,QKV,467,0.00172
COPY,QKV,468,0.00172
COPY,QKV,469,0.00172
COPY,QKV,470,0.00171
COPY,QKV,471,0.00171
COPY,QKV,472,0.00171
COPY,QKV,473,0.00170
COPY,QKV,474,0.00170
COPY,QKV,475,0.00170
COPY,QKV,476,0.00169
COPY,QKV,477,0.00169
COPY,QKV,478,0.00169
COPY,QKV,479,0.00169
COPY,QKV,480,0.00168
COPY,QKV,481,0.00168
COPY,QKV,482,0.00168
COPY,QKV,483,0.00168
COPY,QKV,484,0.00167
COPY,QKV,485,0.00167
COPY,QKV,486,0.00167
COPY,QKV,487,0.00167
COPY,QKV,488,0.00166
COPY,QKV,489,0.00166
COPY,QKV,490,0.00166
COPY,QKV,491,0.00165
COPY,QKV,492,0.00165
COPY,QKV,493,0.00165
COPY,QKV,494,0.00165
COPY,QKV,495,0.00165
COPY,QKV,496,0.00164
COPY,QKV,497,0.00164
COPY,QKV,498,0.00164
COPY,QKV,499,0.00164
COPY,QKV,500,0.00163
COPY,QKV,501,0.00163
COPY,QKV,502,0.00163
COPY,QKV,503,0.00163
COPY,QKV,504,0.00162
COPY,QKV,505,0.00162
COPY,QKV,506,0.00162
COPY,QKV,507,0.00162
COPY,QKV,508,0.00161
COPY,QKV,509,0.00161
COPY,QKV,510,0.00161
COPY,QKV,511,0.00161
COPY,QKV,512,0.00160
COPY,QKV,513,0.00160
COPY,QKV,514,0.00160
COPY,QKV,515,0.00160
COPY,QKV,516,0.00160
COPY,QKV,517,0.00159
COPY,QKV,518,0.00159
COPY,QKV,519,0.00159
COPY,QKV,520,0.00159
COPY,QKV,521,0.00159
COPY,QKV,522,0.00158
COPY,QKV,523,0.00158
COPY,QKV,524,0.00158
COPY,QKV,525,0.00158
COPY,QKV,526,0.00158
COPY,QKV,527,0.00157
COPY,QKV,528,0.00158
COPY,QKV,529,0.00157
COPY,QKV,530,0.00157
COPY,QKV,531,0.00157
COPY,QKV,532,0.00156
COPY,QKV,533,0.00156
COPY,QKV,534,0.00156
COPY,QKV,535,0.00156
COPY,QKV,536,0.00156
COPY,QKV,537,0.00156
COPY,QKV,538,0.00155
COPY,QKV,539,0.00155
COPY,QKV,540,0.00155
COPY,QKV,541,0.00155
COPY,QKV,542,0.00155
COPY,QKV,543,0.00155
COPY,QKV,544,0.00154
COPY,QKV,545,0.00154
COPY,QKV,546,0.00154
COPY,QKV,547,0.00154
COPY,QKV,548,0.00154
COPY,QKV,549,0.00154
COPY,QKV,550,0.00154
COPY,QKV,551,0.00153
COPY,QKV,552,0.00153
COPY,QKV,553,0.00153
COPY,QKV,554,0.00153
COPY,QKV,555,0.00153
COPY,QKV,556,0.00153
COPY,QKV,557,0.00152
COPY,QKV,558,0.00152
COPY,QKV,559,0.00152
COPY,QKV,560,0.00152
COPY,QKV,561,0.00152
COPY,QKV,562,0.00151
COPY,QKV,563,0.00151
COPY,QKV,564,0.00151
COPY,QKV,565,0.00151
COPY,QKV,566,0.00151
COPY,QKV,567,0.00151
COPY,QKV,568,0.00151
COPY,QKV,569,0.00151
COPY,QKV,570,0.00151
COPY,QKV,571,0.00150
COPY,QKV,572,0.00150
COPY,QKV,573,0.00150
COPY,QKV,574,0.00150
COPY,QKV,575,0.00150
COPY,QKV,576,0.00150
COPY,QKV,577,0.00150
COPY,QKV,578,0.00149
COPY,QKV,579,0.00150
COPY,QKV,580,0.00149
COPY,QKV,581,0.00149
COPY,QKV,582,0.00149
COPY,QKV,583,0.00149
COPY,QKV,584,0.00149
COPY,QKV,585,0.00149
COPY,QKV,586,0.00148
COPY,QKV,587,0.00149
COPY,QKV,588,0.00148
COPY,QKV,589,0.00148
COPY,QKV,590,0.00148
COPY,QKV,591,0.00148
COPY,QKV,592,0.00148
COPY,QKV,593,0.00148
COPY,QKV,594,0.00148
COPY,QKV,595,0.00148
COPY,QKV,596,0.00148
COPY,QKV,597,0.00148
COPY,QKV,598,0.00147
COPY,QKV,599,0.00147
COPY,QKV,600,0.00147
COPY,QKV,601,0.00147
COPY,QKV,602,0.00147
COPY,QKV,603,0.00147
COPY,QKV,604,0.00147
COPY,QKV,605,0.00146
COPY,QKV,606,0.00147
COPY,QKV,607,0.00147
COPY,QKV,608,0.00146
COPY,QKV,609,0.00146
COPY,QKV,610,0.00146
COPY,QKV,611,0.00146
COPY,QKV,612,0.00146
COPY,QKV,613,0.00146
COPY,QKV,614,0.00146
COPY,QKV,615,0.00146
COPY,QKV,616,0.00146
COPY,QKV,617,0.00145
COPY,QKV,618,0.00145
COPY,QKV,619,0.00146
COPY,QKV,620,0.00145
COPY,QKV,621,0.00145
COPY,QKV,622,0.00145
COPY,QKV,623,0.00145
COPY,QKV,624,0.00145
COPY,QKV,625,0.00145
COPY,QKV,626,0.00145
COPY,QKV,627,0.00145
COPY,QKV,628,0.00145
COPY,QKV,629,0.00145
COPY,QKV,630,0.00145
COPY,QKV,631,0.00144
COPY,QKV,632,0.00144
COPY,QKV,633,0.00144
COPY,QKV,634,0.00144
COPY,QKV,635,0.00144
COPY,QKV,636,0.00144
COPY,QKV,637,0.00144
COPY,QKV,638,0.00144
COPY,QKV,639,0.00144
COPY,QKV,640,0.00144
COPY,QKV,641,0.00144
COPY,QKV,642,0.00144
COPY,QKV,643,0.00144
COPY,QKV,644,0.00144
COPY,QKV,645,0.00144
COPY,QKV,646,0.00143
COPY,QKV,647,0.00143
COPY,QKV,648,0.00143
COPY,QKV,649,0.00143
COPY,QKV,650,0.00143
COPY,QKV,651,0.00143
COPY,QKV,652,0.00143
COPY,QKV,653,0.00143
COPY,QKV,654,0.00143
COPY,QKV,655,0.00143
COPY,QKV,656,0.00143
COPY,QKV,657,0.00143
COPY,QKV,658,0.00143
COPY,QKV,659,0.00143
COPY,QKV,660,0.00143
COPY,QKV,661,0.00143
COPY,QKV,662,0.00143
COPY,QKV,663,0.00142
COPY,QKV,664,0.00142
COPY,QKV,665,0.00142
COPY,QKV,666,0.00143
COPY,QKV,667,0.00142
COPY,QKV,668,0.00142
COPY,QKV,669,0.00142
COPY,QKV,670,0.00142
COPY,QKV,671,0.00142
COPY,QKV,672,0.00142
COPY,QKV,673,0.00142
COPY,QKV,674,0.00142
COPY,QKV,675,0.00142
COPY,QKV,676,0.00142
COPY,QKV,677,0.00142
COPY,QKV,678,0.00142
COPY,QKV,679,0.00142
COPY,QKV,680,0.00142
COPY,QKV,681,0.00142
COPY,QKV,682,0.00142
COPY,QKV,683,0.00142
COPY,QKV,684,0.00142
COPY,QKV,685,0.00142
COPY,QKV,686,0.00142
COPY,QKV,687,0.00142
COPY,QKV,688,0.00142
COPY,QKV,689,0.00141
COPY,QKV,690,0.00142
COPY,QKV,691,0.00141
COPY,QKV,692,0.00141
COPY,QKV,693,0.00142
COPY,QKV,694,0.00141
COPY,QKV,695,0.00142
COPY,QKV,696,0.00141
COPY,QKV,697,0.00141
COPY,QKV,698,0.00141
COPY,QKV,699,0.00141
COPY,QKV,700,0.00141
COPY,QKV,701,0.00141
COPY,QKV,702,0.00141
COPY,QKV,703,0.00141
COPY,QKV,704,0.00141
COPY,QKV,705,0.00141
COPY,QKV,706,0.00141
COPY,QKV,707,0.00141
COPY,QKV,708,0.00141
COPY,QKV,709,0.00141
COPY,QKV,710,0.00141
COPY,QKV,711,0.00141
COPY,QKV,712,0.00141
COPY,QKV,713,0.00141
COPY,QKV,714,0.00141
COPY,QKV,715,0.00141
COPY,QKV,716,0.00141
COPY,QKV,717,0.00141
COPY,QKV,718,0.00141
COPY,QKV,719,0.00141
COPY,QKV,720,0.00141
COPY,QKV,721,0.00141
COPY,QKV,722,0.00141
COPY,QKV,723,0.00141
COPY,QKV,724,0.00141
COPY,QKV,725,0.00141
COPY,QKV,726,0.00141
COPY,QKV,727,0.00141
COPY,QKV,728,0.00141
COPY,QKV,729,0.00141
COPY,QKV,730,0.00141
COPY,QKV,731,0.00141
COPY,QKV,732,0.00141
COPY,QKV,733,0.00141
COPY,QKV,734,0.00141
COPY,QKV,735,0.00141
COPY,QKV,736,0.00141
COPY,QKV,737,0.00141
COPY,QKV,738,0.00141
COPY,QKV,739,0.00141
COPY,QKV,740,0.00141
COPY,QKV,741,0.00140
COPY,QKV,742,0.00141
COPY,QKV,743,0.00141
COPY,QKV,744,0.00141
COPY,QKV,745,0.00141
COPY,QKV,746,0.00141
COPY,QKV,747,0.00141
COPY,QKV,748,0.00141
COPY,QKV,749,0.00141
COPY,QKV,750,0.00141
COPY,QKV,751,0.00141
COPY,QKV,752,0.00141
COPY,QKV,753,0.00141
COPY,QKV,754,0.00141
COPY,QKV,755,0.00141
COPY,QKV,756,0.00141
COPY,QKV,757,0.00141
COPY,QKV,758,0.00141
COPY,QKV,759,0.00141
COPY,QKV,760,0.00141
COPY,QKV,761,0.00141
COPY,QKV,762,0.00141
COPY,QKV,763,0.00141
COPY,QKV,764,0.00141
COPY,QKV,765,0.00140
COPY,QKV,766,0.00141
COPY,QKV,767,0.00141
COPY,QKV,768,0.00141
COPY,QKV,769,0.00140
COPY,QKV,770,0.00141
COPY,QKV,771,0.00141
COPY,QKV,772,0.00141
COPY,QKV,773,0.00140
COPY,QKV,774,0.00141
COPY,QKV,775,0.00141
COPY,QKV,776,0.00141
COPY,QKV,777,0.00141
COPY,QKV,778,0.00140
COPY,QKV,779,0.00141
COPY,QKV,780,0.00141
COPY,QKV,781,0.00141
COPY,QKV,782,0.00140
COPY,QKV,783,0.00141
COPY,QKV,784,0.00141
COPY,QKV,785,0.00141
COPY,QKV,786,0.00140
COPY,QKV,787,0.00141
COPY,QKV,788,0.00140
COPY,QKV,789,0.00140
COPY,Q=K!=V,0,2.47811
COPY,Q=K!=V,1,2.47712
COPY,Q=K!=V,2,2.47308
COPY,Q=K!=V,3,2.46517
COPY,Q=K!=V,4,2.46613
COPY,Q=K!=V,5,2.44723
COPY,Q=K!=V,6,2.43240
COPY,Q=K!=V,7,2.43182
COPY,Q=K!=V,8,2.41413
COPY,Q=K!=V,9,2.39992
COPY,Q=K!=V,10,2.38451
COPY,Q=K!=V,11,2.36623
COPY,Q=K!=V,12,2.34760
COPY,Q=K!=V,13,2.32763
COPY,Q=K!=V,14,2.30194
COPY,Q=K!=V,15,2.28093
COPY,Q=K!=V,16,2.26207
COPY,Q=K!=V,17,2.24304
COPY,Q=K!=V,18,2.21802
COPY,Q=K!=V,19,2.18711
COPY,Q=K!=V,20,2.16847
COPY,Q=K!=V,21,2.13966
COPY,Q=K!=V,22,2.10878
COPY,Q=K!=V,23,2.08893
COPY,Q=K!=V,24,2.05426
COPY,Q=K!=V,25,2.01858
COPY,Q=K!=V,26,1.98825
COPY,Q=K!=V,27,1.94653
COPY,Q=K!=V,28,1.90647
COPY,Q=K!=V,29,1.86782
COPY,Q=K!=V,30,1.82244
COPY,Q=K!=V,31,1.77268
COPY,Q=K!=V,32,1.72108
COPY,Q=K!=V,33,1.67237
COPY,Q=K!=V,34,1.61607
COPY,Q=K!=V,35,1.56047
COPY,Q=K!=V,36,1.49074
COPY,Q=K!=V,37,1.42322
COPY,Q=K!=V,38,1.34804
COPY,Q=K!=V,39,1.27565
COPY,Q=K!=V,40,1.19589
COPY,Q=K!=V,41,1.12268
COPY,Q=K!=V,42,1.04437
COPY,Q=K!=V,43,0.96457
COPY,Q=K!=V,44,0.88382
COPY,Q=K!=V,45,0.81089
COPY,Q=K!=V,46,0.74110
COPY,Q=K!=V,47,0.67422
COPY,Q=K!=V,48,0.60734
COPY,Q=K!=V,49,0.54245
COPY,Q=K!=V,50,0.48339
COPY,Q=K!=V,51,0.43198
COPY,Q=K!=V,52,0.37878
COPY,Q=K!=V,53,0.34021
COPY,Q=K!=V,54,0.29942
COPY,Q=K!=V,55,0.26196
COPY,Q=K!=V,56,0.23263
COPY,Q=K!=V,57,0.20379
COPY,Q=K!=V,58,0.17937
COPY,Q=K!=V,59,0.15837
COPY,Q=K!=V,60,0.13849
COPY,Q=K!=V,61,0.12421
COPY,Q=K!=V,62,0.10999
COPY,Q=K!=V,63,0.09782
COPY,Q=K!=V,64,0.08790
COPY,Q=K!=V,65,0.07866
COPY,Q=K!=V,66,0.07066
COPY,Q=K!=V,67,0.06468
COPY,Q=K!=V,68,0.05899
COPY,Q=K!=V,69,0.05370
COPY,Q=K!=V,70,0.04941
COPY,Q=K!=V,71,0.04567
COPY,Q=K!=V,72,0.04225
COPY,Q=K!=V,73,0.03906
COPY,Q=K!=V,74,0.03638
COPY,Q=K!=V,75,0.03387
COPY,Q=K!=V,76,0.03178
COPY,Q=K!=V,77,0.02984
COPY,Q=K!=V,78,0.02819
COPY,Q=K!=V,79,0.02674
COPY,Q=K!=V,80,0.02540
COPY,Q=K!=V,81,0.02418
COPY,Q=K!=V,82,0.02303
COPY,Q=K!=V,83,0.02194
COPY,Q=K!=V,84,0.02107
COPY,Q=K!=V,85,0.02032
COPY,Q=K!=V,86,0.01951
COPY,Q=K!=V,87,0.01883
COPY,Q=K!=V,88,0.01811
COPY,Q=K!=V,89,0.01759
COPY,Q=K!=V,90,0.01695
COPY,Q=K!=V,91,0.01644
COPY,Q=K!=V,92,0.01598
COPY,Q=K!=V,93,0.01542
COPY,Q=K!=V,94,0.01505
COPY,Q=K!=V,95,0.01468
COPY,Q=K!=V,96,0.01428
COPY,Q=K!=V,97,0.01393
COPY,Q=K!=V,98,0.01357
COPY,Q=K!=V,99,0.01325
COPY,Q=K!=V,100,0.01302
COPY,Q=K!=V,101,0.01275
COPY,Q=K!=V,102,0.01244
COPY,Q=K!=V,103,0.01220
COPY,Q=K!=V,104,0.01194
COPY,Q=K!=V,105,0.01170
COPY,Q=K!=V,106,0.01148
COPY,Q=K!=V,107,0.01130
COPY,Q=K!=V,108,0.01107
COPY,Q=K!=V,109,0.01089
COPY,Q=K!=V,110,0.01072
COPY,Q=K!=V,111,0.01053
COPY,Q=K!=V,112,0.01033
COPY,Q=K!=V,113,0.01016
COPY,Q=K!=V,114,0.01008
COPY,Q=K!=V,115,0.00990
COPY,Q=K!=V,116,0.00974
COPY,Q=K!=V,117,0.00963
COPY,Q=K!=V,118,0.00947
COPY,Q=K!=V,119,0.00935
COPY,Q=K!=V,120,0.00923
COPY,Q=K!=V,121,0.00910
COPY,Q=K!=V,122,0.00900
COPY,Q=K!=V,123,0.00887
COPY,Q=K!=V,124,0.00874
COPY,Q=K!=V,125,0.00865
COPY,Q=K!=V,126,0.00853
COPY,Q=K!=V,127,0.00844
COPY,Q=K!=V,128,0.00835
COPY,Q=K!=V,129,0.00825
COPY,Q=K!=V,130,0.00817
COPY,Q=K!=V,131,0.00808
COPY,Q=K!=V,132,0.00797
COPY,Q=K!=V,133,0.00789
COPY,Q=K!=V,134,0.00776
COPY,Q=K!=V,135,0.00769
COPY,Q=K!=V,136,0.00761
COPY,Q=K!=V,137,0.00754
COPY,Q=K!=V,138,0.00745
COPY,Q=K!=V,139,0.00737
COPY,Q=K!=V,140,0.00731
COPY,Q=K!=V,141,0.00725
COPY,Q=K!=V,142,0.00715
COPY,Q=K!=V,143,0.00710
COPY,Q=K!=V,144,0.00703
COPY,Q=K!=V,145,0.00693
COPY,Q=K!=V,146,0.00688
COPY,Q=K!=V,147,0.00682
COPY,Q=K!=V,148,0.00677
COPY,Q=K!=V,149,0.00669
COPY,Q=K!=V,150,0.00665
COPY,Q=K!=V,151,0.00658
COPY,Q=K!=V,152,0.00654
COPY,Q=K!=V,153,0.00645
COPY,Q=K!=V,154,0.00640
COPY,Q=K!=V,155,0.00634
COPY,Q=K!=V,156,0.00628
COPY,Q=K!=V,157,0.00621
COPY,Q=K!=V,158,0.00618
COPY,Q=K!=V,159,0.00612
COPY,Q=K!=V,160,0.00609
COPY,Q=K!=V,161,0.00602
COPY,Q=K!=V,162,0.00597
COPY,Q=K!=V,163,0.00591
COPY,Q=K!=V,164,0.00588
COPY,Q=K!=V,165,0.00582
COPY,Q=K!=V,166,0.00577
COPY,Q=K!=V,167,0.00573
COPY,Q=K!=V,168,0.00569
COPY,Q=K!=V,169,0.00562
COPY,Q=K!=V,170,0.00559
COPY,Q=K!=V,171,0.00554
COPY,Q=K!=V,172,0.00551
COPY,Q=K!=V,173,0.00546
COPY,Q=K!=V,174,0.00542
COPY,Q=K!=V,175,0.00538
COPY,Q=K!=V,176,0.00534
COPY,Q=K!=V,177,0.00529
COPY,Q=K!=V,178,0.00526
COPY,Q=K!=V,179,0.00522
COPY,Q=K!=V,180,0.00517
COPY,Q=K!=V,181,0.00514
COPY,Q=K!=V,182,0.00511
COPY,Q=K!=V,183,0.00506
COPY,Q=K!=V,184,0.00503
COPY,Q=K!=V,185,0.00500
COPY,Q=K!=V,186,0.00495
COPY,Q=K!=V,187,0.00492
COPY,Q=K!=V,188,0.00489
COPY,Q=K!=V,189,0.00485
COPY,Q=K!=V,190,0.00482
COPY,Q=K!=V,191,0.00480
COPY,Q=K!=V,192,0.00474
COPY,Q=K!=V,193,0.00473
COPY,Q=K!=V,194,0.00471
COPY,Q=K!=V,195,0.00466
COPY,Q=K!=V,196,0.00463
COPY,Q=K!=V,197,0.00459
COPY,Q=K!=V,198,0.00457
COPY,Q=K!=V,199,0.00454
COPY,Q=K!=V,200,0.00450
COPY,Q=K!=V,201,0.00447
COPY,Q=K!=V,202,0.00445
COPY,Q=K!=V,203,0.00441
COPY,Q=K!=V,204,0.00439
COPY,Q=K!=V,205,0.00436
COPY,Q=K!=V,206,0.00434
COPY,Q=K!=V,207,0.00430
COPY,Q=K!=V,208,0.00428
COPY,Q=K!=V,209,0.00425
COPY,Q=K!=V,210,0.00423
COPY,Q=K!=V,211,0.00420
COPY,Q=K!=V,212,0.00417
COPY,Q=K!=V,213,0.00415
COPY,Q=K!=V,214,0.00413
COPY,Q=K!=V,215,0.00410
COPY,Q=K!=V,216,0.00407
COPY,Q=K!=V,217,0.00405
COPY,Q=K!=V,218,0.00403
COPY,Q=K!=V,219,0.00400
COPY,Q=K!=V,220,0.00397
COPY,Q=K!=V,221,0.00396
COPY,Q=K!=V,222,0.00394
COPY,Q=K!=V,223,0.00391
COPY,Q=K!=V,224,0.00389
COPY,Q=K!=V,225,0.00387
COPY,Q=K!=V,226,0.00385
COPY,Q=K!=V,227,0.00382
COPY,Q=K!=V,228,0.00380
COPY,Q=K!=V,229,0.00379
COPY,Q=K!=V,230,0.00376
COPY,Q=K!=V,231,0.00373
COPY,Q=K!=V,232,0.00372
COPY,Q=K!=V,233,0.00370
COPY,Q=K!=V,234,0.00367
COPY,Q=K!=V,235,0.00366
COPY,Q=K!=V,236,0.00362
COPY,Q=K!=V,237,0.00362
COPY,Q=K!=V,238,0.00360
COPY,Q=K!=V,239,0.00357
COPY,Q=K!=V,240,0.00355
COPY,Q=K!=V,241,0.00354
COPY,Q=K!=V,242,0.00353
COPY,Q=K!=V,243,0.00350
COPY,Q=K!=V,244,0.00349
COPY,Q=K!=V,245,0.00347
COPY,Q=K!=V,246,0.00345
COPY,Q=K!=V,247,0.00343
COPY,Q=K!=V,248,0.00342
COPY,Q=K!=V,249,0.00339
COPY,Q=K!=V,250,0.00339
COPY,Q=K!=V,251,0.00337
COPY,Q=K!=V,252,0.00334
COPY,Q=K!=V,253,0.00333
COPY,Q=K!=V,254,0.00331
COPY,Q=K!=V,255,0.00330
COPY,Q=K!=V,256,0.00328
COPY,Q=K!=V,257,0.00326
COPY,Q=K!=V,258,0.00325
COPY,Q=K!=V,259,0.00323
COPY,Q=K!=V,260,0.00322
COPY,Q=K!=V,261,0.00321
COPY,Q=K!=V,262,0.00319
COPY,Q=K!=V,263,0.00318
COPY,Q=K!=V,264,0.00316
COPY,Q=K!=V,265,0.00314
COPY,Q=K!=V,266,0.00313
COPY,Q=K!=V,267,0.00311
COPY,Q=K!=V,268,0.00310
COPY,Q=K!=V,269,0.00309
COPY,Q=K!=V,270,0.00307
COPY,Q=K!=V,271,0.00306
COPY,Q=K!=V,272,0.00305
COPY,Q=K!=V,273,0.00302
COPY,Q=K!=V,274,0.00302
COPY,Q=K!=V,275,0.00300
COPY,Q=K!=V,276,0.00299
COPY,Q=K!=V,277,0.00297
COPY,Q=K!=V,278,0.00297
COPY,Q=K!=V,279,0.00295
COPY,Q=K!=V,280,0.00294
COPY,Q=K!=V,281,0.00293
COPY,Q=K!=V,282,0.00292
COPY,Q=K!=V,283,0.00290
COPY,Q=K!=V,284,0.00288
COPY,Q=K!=V,285,0.00288
COPY,Q=K!=V,286,0.00286
COPY,Q=K!=V,287,0.00285
COPY,Q=K!=V,288,0.00284
COPY,Q=K!=V,289,0.00283
COPY,Q=K!=V,290,0.00282
COPY,Q=K!=V,291,0.00280
COPY,Q=K!=V,292,0.00279
COPY,Q=K!=V,293,0.00278
COPY,Q=K!=V,294,0.00277
COPY,Q=K!=V,295,0.00276
COPY,Q=K!=V,296,0.00275
COPY,Q=K!=V,297,0.00274
COPY,Q=K!=V,298,0.00272
COPY,Q=K!=V,299,0.00272
COPY,Q=K!=V,300,0.00270
COPY,Q=K!=V,301,0.00270
COPY,Q=K!=V,302,0.00267
COPY,Q=K!=V,303,0.00267
COPY,Q=K!=V,304,0.00266
COPY,Q=K!=V,305,0.00265
COPY,Q=K!=V,306,0.00265
COPY,Q=K!=V,307,0.00263
COPY,Q=K!=V,308,0.00262
COPY,Q=K!=V,309,0.00261
COPY,Q=K!=V,310,0.00260
COPY,Q=K!=V,311,0.00259
COPY,Q=K!=V,312,0.00258
COPY,Q=K!=V,313,0.00257
COPY,Q=K!=V,314,0.00256
COPY,Q=K!=V,315,0.00255
COPY,Q=K!=V,316,0.00254
COPY,Q=K!=V,317,0.00254
COPY,Q=K!=V,318,0.00253
COPY,Q=K!=V,319,0.00252
COPY,Q=K!=V,320,0.00251
COPY,Q=K!=V,321,0.00250
COPY,Q=K!=V,322,0.00249
COPY,Q=K!=V,323,0.00248
COPY,Q=K!=V,324,0.00247
COPY,Q=K!=V,325,0.00246
COPY,Q=K!=V,326,0.00245
COPY,Q=K!=V,327,0.00244
COPY,Q=K!=V,328,0.00244
COPY,Q=K!=V,329,0.00243
COPY,Q=K!=V,330,0.00242
COPY,Q=K!=V,331,0.00241
COPY,Q=K!=V,332,0.00240
COPY,Q=K!=V,333,0.00240
COPY,Q=K!=V,334,0.00239
COPY,Q=K!=V,335,0.00238
COPY,Q=K!=V,336,0.00237
COPY,Q=K!=V,337,0.00236
COPY,Q=K!=V,338,0.00236
COPY,Q=K!=V,339,0.00234
COPY,Q=K!=V,340,0.00234
COPY,Q=K!=V,341,0.00233
COPY,Q=K!=V,342,0.00233
COPY,Q=K!=V,343,0.00232
COPY,Q=K!=V,344,0.00231
COPY,Q=K!=V,345,0.00230
COPY,Q=K!=V,346,0.00229
COPY,Q=K!=V,347,0.00229
COPY,Q=K!=V,348,0.00228
COPY,Q=K!=V,349,0.00227
COPY,Q=K!=V,350,0.00227
COPY,Q=K!=V,351,0.00226
COPY,Q=K!=V,352,0.00225
COPY,Q=K!=V,353,0.00225
COPY,Q=K!=V,354,0.00224
COPY,Q=K!=V,355,0.00224
COPY,Q=K!=V,356,0.00222
COPY,Q=K!=V,357,0.00222
COPY,Q=K!=V,358,0.00221
COPY,Q=K!=V,359,0.00221
COPY,Q=K!=V,360,0.00220
COPY,Q=K!=V,361,0.00219
COPY,Q=K!=V,362,0.00219
COPY,Q=K!=V,363,0.00217
COPY,Q=K!=V,364,0.00217
COPY,Q=K!=V,365,0.00216
COPY,Q=K!=V,366,0.00216
COPY,Q=K!=V,367,0.00215
COPY,Q=K!=V,368,0.00215
COPY,Q=K!=V,369,0.00215
COPY,Q=K!=V,370,0.00213
COPY,Q=K!=V,371,0.00213
COPY,Q=K!=V,372,0.00212
COPY,Q=K!=V,373,0.00212
COPY,Q=K!=V,374,0.00211
COPY,Q=K!=V,375,0.00211
COPY,Q=K!=V,376,0.00210
COPY,Q=K!=V,377,0.00209
COPY,Q=K!=V,378,0.00209
COPY,Q=K!=V,379,0.00208
COPY,Q=K!=V,380,0.00208
COPY,Q=K!=V,381,0.00207
COPY,Q=K!=V,382,0.00207
COPY,Q=K!=V,383,0.00206
COPY,Q=K!=V,384,0.00205
COPY,Q=K!=V,385,0.00205
COPY,Q=K!=V,386,0.00204
COPY,Q=K!=V,387,0.00204
COPY,Q=K!=V,388,0.00203
COPY,Q=K!=V,389,0.00202
COPY,Q=K!=V,390,0.00202
COPY,Q=K!=V,391,0.00202
COPY,Q=K!=V,392,0.00201
COPY,Q=K!=V,393,0.00200
COPY,Q=K!=V,394,0.00200
COPY,Q=K!=V,395,0.00200
COPY,Q=K!=V,396,0.00199
COPY,Q=K!=V,397,0.00198
COPY,Q=K!=V,398,0.00198
COPY,Q=K!=V,399,0.00197
COPY,Q=K!=V,400,0.00197
COPY,Q=K!=V,401,0.00197
COPY,Q=K!=V,402,0.00196
COPY,Q=K!=V,403,0.00196
COPY,Q=K!=V,404,0.00195
COPY,Q=K!=V,405,0.00195
COPY,Q=K!=V,406,0.00194
COPY,Q=K!=V,407,0.00194
COPY,Q=K!=V,408,0.00193
COPY,Q=K!=V,409,0.00193
COPY,Q=K!=V,410,0.00192
COPY,Q=K!=V,411,0.00192
COPY,Q=K!=V,412,0.00192
COPY,Q=K!=V,413,0.00191
COPY,Q=K!=V,414,0.00191
COPY,Q=K!=V,415,0.00190
COPY,Q=K!=V,416,0.00189
COPY,Q=K!=V,417,0.00189
COPY,Q=K!=V,418,0.00189
COPY,Q=K!=V,419,0.00189
COPY,Q=K!=V,420,0.00188
COPY,Q=K!=V,421,0.00188
COPY,Q=K!=V,422,0.00187
COPY,Q=K!=V,423,0.00187
COPY,Q=K!=V,424,0.00187
COPY,Q=K!=V,425,0.00186
COPY,Q=K!=V,426,0.00185
COPY,Q=K!=V,427,0.00185
COPY,Q=K!=V,428,0.00185
COPY,Q=K!=V,429,0.00184
COPY,Q=K!=V,430,0.00184
COPY,Q=K!=V,431,0.00184
COPY,Q=K!=V,432,0.00183
COPY,Q=K!=V,433,0.00183
COPY,Q=K!=V,434,0.00182
COPY,Q=K!=V,435,0.00182
COPY,Q=K!=V,436,0.00181
COPY,Q=K!=V,437,0.00181
COPY,Q=K!=V,438,0.00181
COPY,Q=K!=V,439,0.00181
COPY,Q=K!=V,440,0.00180
COPY,Q=K!=V,441,0.00180
COPY,Q=K!=V,442,0.00180
COPY,Q=K!=V,443,0.00179
COPY,Q=K!=V,444,0.00179
COPY,Q=K!=V,445,0.00178
COPY,Q=K!=V,446,0.00178
COPY,Q=K!=V,447,0.00178
COPY,Q=K!=V,448,0.00177
COPY,Q=K!=V,449,0.00177
COPY,Q=K!=V,450,0.00177
COPY,Q=K!=V,451,0.00176
COPY,Q=K!=V,452,0.00176
COPY,Q=K!=V,453,0.00176
COPY,Q=K!=V,454,0.00175
COPY,Q=K!=V,455,0.00175
COPY,Q=K!=V,456,0.00174
COPY,Q=K!=V,457,0.00174
COPY,Q=K!=V,458,0.00174
COPY,Q=K!=V,459,0.00174
COPY,Q=K!=V,460,0.00174
COPY,Q=K!=V,461,0.00173
COPY,Q=K!=V,462,0.00173
COPY,Q=K!=V,463,0.00173
COPY,Q=K!=V,464,0.00172
COPY,Q=K!=V,465,0.00172
COPY,Q=K!=V,466,0.00172
COPY,Q=K!=V,467,0.00171
COPY,Q=K!=V,468,0.00171
COPY,Q=K!=V,469,0.00171
COPY,Q=K!=V,470,0.00171
COPY,Q=K!=V,471,0.00170
COPY,Q=K!=V,472,0.00170
COPY,Q=K!=V,473,0.00170
COPY,Q=K!=V,474,0.00169
COPY,Q=K!=V,475,0.00169
COPY,Q=K!=V,476,0.00169
COPY,Q=K!=V,477,0.00168
COPY,Q=K!=V,478,0.00168
COPY,Q=K!=V,479,0.00168
COPY,Q=K!=V,480,0.00168
COPY,Q=K!=V,481,0.00167
COPY,Q=K!=V,482,0.00167
COPY,Q=K!=V,483,0.00167
COPY,Q=K!=V,484,0.00166
COPY,Q=K!=V,485,0.00166
COPY,Q=K!=V,486,0.00166
COPY,Q=K!=V,487,0.00166
COPY,Q=K!=V,488,0.00165
COPY,Q=K!=V,489,0.00165
COPY,Q=K!=V,490,0.00165
COPY,Q=K!=V,491,0.00165
COPY,Q=K!=V,492,0.00165
COPY,Q=K!=V,493,0.00164
COPY,Q=K!=V,494,0.00164
COPY,Q=K!=V,495,0.00164
COPY,Q=K!=V,496,0.00164
COPY,Q=K!=V,497,0.00163
COPY,Q=K!=V,498,0.00163
COPY,Q=K!=V,499,0.00163
COPY,Q=K!=V,500,0.00163
COPY,Q=K!=V,501,0.00163
COPY,Q=K!=V,502,0.00162
COPY,Q=K!=V,503,0.00162
COPY,Q=K!=V,504,0.00161
COPY,Q=K!=V,505,0.00162
COPY,Q=K!=V,506,0.00161
COPY,Q=K!=V,507,0.00161
COPY,Q=K!=V,508,0.00161
COPY,Q=K!=V,509,0.00160
COPY,Q=K!=V,510,0.00161
COPY,Q=K!=V,511,0.00160
COPY,Q=K!=V,512,0.00160
COPY,Q=K!=V,513,0.00160
COPY,Q=K!=V,514,0.00160
COPY,Q=K!=V,515,0.00160
COPY,Q=K!=V,516,0.00159
COPY,Q=K!=V,517,0.00159
COPY,Q=K!=V,518,0.00159
COPY,Q=K!=V,519,0.00159
COPY,Q=K!=V,520,0.00158
COPY,Q=K!=V,521,0.00158
COPY,Q=K!=V,522,0.00158
COPY,Q=K!=V,523,0.00157
COPY,Q=K!=V,524,0.00157
COPY,Q=K!=V,525,0.00157
COPY,Q=K!=V,526,0.00157
COPY,Q=K!=V,527,0.00157
COPY,Q=K!=V,528,0.00157
COPY,Q=K!=V,529,0.00156
COPY,Q=K!=V,530,0.00156
COPY,Q=K!=V,531,0.00156
COPY,Q=K!=V,532,0.00156
COPY,Q=K!=V,533,0.00156
COPY,Q=K!=V,534,0.00155
COPY,Q=K!=V,535,0.00155
COPY,Q=K!=V,536,0.00156
COPY,Q=K!=V,537,0.00155
COPY,Q=K!=V,538,0.00155
COPY,Q=K!=V,539,0.00155
COPY,Q=K!=V,540,0.00154
COPY,Q=K!=V,541,0.00155
COPY,Q=K!=V,542,0.00154
COPY,Q=K!=V,543,0.00154
COPY,Q=K!=V,544,0.00154
COPY,Q=K!=V,545,0.00154
COPY,Q=K!=V,546,0.00154
COPY,Q=K!=V,547,0.00154
COPY,Q=K!=V,548,0.00153
COPY,Q=K!=V,549,0.00153
COPY,Q=K!=V,550,0.00153
COPY,Q=K!=V,551,0.00153
COPY,Q=K!=V,552,0.00153
COPY,Q=K!=V,553,0.00152
COPY,Q=K!=V,554,0.00152
COPY,Q=K!=V,555,0.00152
COPY,Q=K!=V,556,0.00152
COPY,Q=K!=V,557,0.00152
COPY,Q=K!=V,558,0.00152
COPY,Q=K!=V,559,0.00152
COPY,Q=K!=V,560,0.00151
COPY,Q=K!=V,561,0.00152
COPY,Q=K!=V,562,0.00151
COPY,Q=K!=V,563,0.00151
COPY,Q=K!=V,564,0.00151
COPY,Q=K!=V,565,0.00151
COPY,Q=K!=V,566,0.00151
COPY,Q=K!=V,567,0.00151
COPY,Q=K!=V,568,0.00150
COPY,Q=K!=V,569,0.00150
COPY,Q=K!=V,570,0.00150
COPY,Q=K!=V,571,0.00150
COPY,Q=K!=V,572,0.00150
COPY,Q=K!=V,573,0.00149
COPY,Q=K!=V,574,0.00149
COPY,Q=K!=V,575,0.00149
COPY,Q=K!=V,576,0.00149
COPY,Q=K!=V,577,0.00149
COPY,Q=K!=V,578,0.00149
COPY,Q=K!=V,579,0.00149
COPY,Q=K!=V,580,0.00149
COPY,Q=K!=V,581,0.00149
COPY,Q=K!=V,582,0.00148
COPY,Q=K!=V,583,0.00149
COPY,Q=K!=V,584,0.00148
COPY,Q=K!=V,585,0.00148
COPY,Q=K!=V,586,0.00148
COPY,Q=K!=V,587,0.00148
COPY,Q=K!=V,588,0.00148
COPY,Q=K!=V,589,0.00148
COPY,Q=K!=V,590,0.00148
COPY,Q=K!=V,591,0.00148
COPY,Q=K!=V,592,0.00147
COPY,Q=K!=V,593,0.00147
COPY,Q=K!=V,594,0.00147
COPY,Q=K!=V,595,0.00147
COPY,Q=K!=V,596,0.00147
COPY,Q=K!=V,597,0.00147
COPY,Q=K!=V,598,0.00147
COPY,Q=K!=V,599,0.00147
COPY,Q=K!=V,600,0.00147
COPY,Q=K!=V,601,0.00147
COPY,Q=K!=V,602,0.00147
COPY,Q=K!=V,603,0.00146
COPY,Q=K!=V,604,0.00147
COPY,Q=K!=V,605,0.00146
COPY,Q=K!=V,606,0.00146
COPY,Q=K!=V,607,0.00146
COPY,Q=K!=V,608,0.00146
COPY,Q=K!=V,609,0.00146
COPY,Q=K!=V,610,0.00146
COPY,Q=K!=V,611,0.00146
COPY,Q=K!=V,612,0.00146
COPY,Q=K!=V,613,0.00146
COPY,Q=K!=V,614,0.00145
COPY,Q=K!=V,615,0.00146
COPY,Q=K!=V,616,0.00145
COPY,Q=K!=V,617,0.00145
COPY,Q=K!=V,618,0.00145
COPY,Q=K!=V,619,0.00145
COPY,Q=K!=V,620,0.00145
COPY,Q=K!=V,621,0.00145
COPY,Q=K!=V,622,0.00145
COPY,Q=K!=V,623,0.00145
COPY,Q=K!=V,624,0.00144
COPY,Q=K!=V,625,0.00144
COPY,Q=K!=V,626,0.00145
COPY,Q=K!=V,627,0.00144
COPY,Q=K!=V,628,0.00145
COPY,Q=K!=V,629,0.00144
COPY,Q=K!=V,630,0.00144
COPY,Q=K!=V,631,0.00144
COPY,Q=K!=V,632,0.00144
COPY,Q=K!=V,633,0.00144
COPY,Q=K!=V,634,0.00144
COPY,Q=K!=V,635,0.00144
COPY,Q=K!=V,636,0.00144
COPY,Q=K!=V,637,0.00144
COPY,Q=K!=V,638,0.00144
COPY,Q=K!=V,639,0.00144
COPY,Q=K!=V,640,0.00143
COPY,Q=K!=V,641,0.00144
COPY,Q=K!=V,642,0.00143
COPY,Q=K!=V,643,0.00144
COPY,Q=K!=V,644,0.00143
COPY,Q=K!=V,645,0.00143
COPY,Q=K!=V,646,0.00143
COPY,Q=K!=V,647,0.00143
COPY,Q=K!=V,648,0.00143
COPY,Q=K!=V,649,0.00143
COPY,Q=K!=V,650,0.00143
COPY,Q=K!=V,651,0.00143
COPY,Q=K!=V,652,0.00143
COPY,Q=K!=V,653,0.00143
COPY,Q=K!=V,654,0.00143
COPY,Q=K!=V,655,0.00143
COPY,Q=K!=V,656,0.00143
COPY,Q=K!=V,657,0.00142
COPY,Q=K!=V,658,0.00142
COPY,Q=K!=V,659,0.00142
COPY,Q=K!=V,660,0.00142
COPY,Q=K!=V,661,0.00142
COPY,Q=K!=V,662,0.00142
COPY,Q=K!=V,663,0.00142
COPY,Q=K!=V,664,0.00142
COPY,Q=K!=V,665,0.00142
COPY,Q=K!=V,666,0.00142
COPY,Q=K!=V,667,0.00142
COPY,Q=K!=V,668,0.00142
COPY,Q=K!=V,669,0.00142
COPY,Q=K!=V,670,0.00142
COPY,Q=K!=V,671,0.00142
COPY,Q=K!=V,672,0.00142
COPY,Q=K!=V,673,0.00142
COPY,Q=K!=V,674,0.00142
COPY,Q=K!=V,675,0.00142
COPY,Q=K!=V,676,0.00142
COPY,Q=K!=V,677,0.00142
COPY,Q=K!=V,678,0.00142
COPY,Q=K!=V,679,0.00142
COPY,Q=K!=V,680,0.00142
COPY,Q=K!=V,681,0.00142
COPY,Q=K!=V,682,0.00142
COPY,Q=K!=V,683,0.00142
COPY,Q=K!=V,684,0.00141
COPY,Q=K!=V,685,0.00141
COPY,Q=K!=V,686,0.00142
COPY,Q=K!=V,687,0.00142
COPY,Q=K!=V,688,0.00141
COPY,Q=K!=V,689,0.00141
COPY,Q=K!=V,690,0.00141
COPY,Q=K!=V,691,0.00141
COPY,Q=K!=V,692,0.00141
COPY,Q=K!=V,693,0.00141
COPY,Q=K!=V,694,0.00141
COPY,Q=K!=V,695,0.00141
COPY,Q=K!=V,696,0.00141
COPY,Q=K!=V,697,0.00141
COPY,Q=K!=V,698,0.00141
COPY,Q=K!=V,699,0.00141
COPY,Q=K!=V,700,0.00141
COPY,Q=K!=V,701,0.00141
COPY,Q=K!=V,702,0.00141
COPY,Q=K!=V,703,0.00141
COPY,Q=K!=V,704,0.00141
COPY,Q=K!=V,705,0.00141
COPY,Q=K!=V,706,0.00141
COPY,Q=K!=V,707,0.00141
COPY,Q=K!=V,708,0.00141
COPY,Q=K!=V,709,0.00141
COPY,Q=K!=V,710,0.00141
COPY,Q=K!=V,711,0.00141
COPY,Q=K!=V,712,0.00141
COPY,Q=K!=V,713,0.00141
COPY,Q=K!=V,714,0.00141
COPY,Q=K!=V,715,0.00141
COPY,Q=K!=V,716,0.00141
COPY,Q=K!=V,717,0.00141
COPY,Q=K!=V,718,0.00141
COPY,Q=K!=V,719,0.00140
COPY,Q=K!=V,720,0.00141
COPY,Q=K!=V,721,0.00141
COPY,Q=K!=V,722,0.00140
COPY,Q=K!=V,723,0.00140
COPY,Q=K!=V,724,0.00141
COPY,Q=K!=V,725,0.00141
COPY,Q=K!=V,726,0.00141
COPY,Q=K!=V,727,0.00141
COPY,Q=K!=V,728,0.00141
COPY,Q=K!=V,729,0.00140
COPY,Q=K!=V,730,0.00141
COPY,Q=K!=V,731,0.00140
COPY,Q=K!=V,732,0.00140
COPY,Q=K!=V,733,0.00140
COPY,Q=K!=V,734,0.00141
COPY,Q=K!=V,735,0.00140
COPY,Q=K!=V,736,0.00140
COPY,Q=K!=V,737,0.00140
COPY,Q=K!=V,738,0.00140
COPY,Q=K!=V,739,0.00141
COPY,Q=K!=V,740,0.00140
COPY,Q=K!=V,741,0.00141
COPY,Q=K!=V,742,0.00140
COPY,Q=K!=V,743,0.00140
COPY,Q=K!=V,744,0.00141
COPY,Q=K!=V,745,0.00140
COPY,Q=K!=V,746,0.00140
COPY,Q=K!=V,747,0.00140
COPY,Q=K!=V,748,0.00140
COPY,Q=K!=V,749,0.00140
COPY,Q=K!=V,750,0.00140
COPY,Q=K!=V,751,0.00140
COPY,Q=K!=V,752,0.00140
COPY,Q=K!=V,753,0.00141
COPY,Q=K!=V,754,0.00140
COPY,Q=K!=V,755,0.00141
COPY,Q=K!=V,756,0.00140
COPY,Q=K!=V,757,0.00140
COPY,Q=K!=V,758,0.00141
COPY,Q=K!=V,759,0.00140
COPY,Q=K!=V,760,0.00140
COPY,Q=K!=V,761,0.00140
COPY,Q=K!=V,762,0.00140
COPY,Q=K!=V,763,0.00141
COPY,Q=K!=V,764,0.00140
COPY,Q=K!=V,765,0.00140
COPY,Q=K!=V,766,0.00140
COPY,Q=K!=V,767,0.00141
COPY,Q=K!=V,768,0.00140
COPY,Q=K!=V,769,0.00141
COPY,Q=K!=V,770,0.00140
COPY,Q=K!=V,771,0.00140
COPY,Q=K!=V,772,0.00140
COPY,Q=K!=V,773,0.00140
COPY,Q=K!=V,774,0.00140
COPY,Q=K!=V,775,0.00140
COPY,Q=K!=V,776,0.00140
COPY,Q=K!=V,777,0.00140
COPY,Q=K!=V,778,0.00140
COPY,Q=K!=V,779,0.00140
COPY,Q=K!=V,780,0.00140
COPY,Q=K!=V,781,0.00140
COPY,Q=K!=V,782,0.00140
COPY,Q=K!=V,783,0.00140
COPY,Q=K!=V,784,0.00141
COPY,Q=K!=V,785,0.00140
COPY,Q=K!=V,786,0.00140
COPY,Q=K!=V,787,0.00140
COPY,Q=K!=V,788,0.00140
COPY,Q=K!=V,789,0.00140
COPY,(Q=K!=V)+,0,2.44043
COPY,(Q=K!=V)+,1,2.43701
COPY,(Q=K!=V)+,2,2.43257
COPY,(Q=K!=V)+,3,2.42581
COPY,(Q=K!=V)+,4,2.41958
COPY,(Q=K!=V)+,5,2.41101
COPY,(Q=K!=V)+,6,2.40051
COPY,(Q=K!=V)+,7,2.39309
COPY,(Q=K!=V)+,8,2.37137
COPY,(Q=K!=V)+,9,2.35898
COPY,(Q=K!=V)+,10,2.34669
COPY,(Q=K!=V)+,11,2.33212
COPY,(Q=K!=V)+,12,2.30667
COPY,(Q=K!=V)+,13,2.29595
COPY,(Q=K!=V)+,14,2.27897
COPY,(Q=K!=V)+,15,2.25828
COPY,(Q=K!=V)+,16,2.24165
COPY,(Q=K!=V)+,17,2.21463
COPY,(Q=K!=V)+,18,2.19141
COPY,(Q=K!=V)+,19,2.17079
COPY,(Q=K!=V)+,20,2.14534
COPY,(Q=K!=V)+,21,2.11666
COPY,(Q=K!=V)+,22,2.09094
COPY,(Q=K!=V)+,23,2.06589
COPY,(Q=K!=V)+,24,2.03602
COPY,(Q=K!=V)+,25,2.01010
COPY,(Q=K!=V)+,26,1.97364
COPY,(Q=K!=V)+,27,1.93529
COPY,(Q=K!=V)+,28,1.89585
COPY,(Q=K!=V)+,29,1.86255
COPY,(Q=K!=V)+,30,1.81665
COPY,(Q=K!=V)+,31,1.77069
COPY,(Q=K!=V)+,32,1.71749
COPY,(Q=K!=V)+,33,1.66488
COPY,(Q=K!=V)+,34,1.61592
COPY,(Q=K!=V)+,35,1.55966
COPY,(Q=K!=V)+,36,1.50075
COPY,(Q=K!=V)+,37,1.43493
COPY,(Q=K!=V)+,38,1.35812
COPY,(Q=K!=V)+,39,1.29108
COPY,(Q=K!=V)+,40,1.20966
COPY,(Q=K!=V)+,41,1.14141
COPY,(Q=K!=V)+,42,1.06593
COPY,(Q=K!=V)+,43,0.98666
COPY,(Q=K!=V)+,44,0.91156
COPY,(Q=K!=V)+,45,0.83469
COPY,(Q=K!=V)+,46,0.76362
COPY,(Q=K!=V)+,47,0.69625
COPY,(Q=K!=V)+,48,0.63225
COPY,(Q=K!=V)+,49,0.56575
COPY,(Q=K!=V)+,50,0.50661
COPY,(Q=K!=V)+,51,0.45365
COPY,(Q=K!=V)+,52,0.39718
COPY,(Q=K!=V)+,53,0.35660
COPY,(Q=K!=V)+,54,0.31350
COPY,(Q=K!=V)+,55,0.27243
COPY,(Q=K!=V)+,56,0.24133
COPY,(Q=K!=V)+,57,0.20960
COPY,(Q=K!=V)+,58,0.18419
COPY,(Q=K!=V)+,59,0.16070
COPY,(Q=K!=V)+,60,0.14049
COPY,(Q=K!=V)+,61,0.12250
COPY,(Q=K!=V)+,62,0.10829
COPY,(Q=K!=V)+,63,0.09536
COPY,(Q=K!=V)+,64,0.08288
COPY,(Q=K!=V)+,65,0.07367
COPY,(Q=K!=V)+,66,0.06504
COPY,(Q=K!=V)+,67,0.05881
COPY,(Q=K!=V)+,68,0.05328
COPY,(Q=K!=V)+,69,0.04828
COPY,(Q=K!=V)+,70,0.04437
COPY,(Q=K!=V)+,71,0.04093
COPY,(Q=K!=V)+,72,0.03777
COPY,(Q=K!=V)+,73,0.03493
COPY,(Q=K!=V)+,74,0.03271
COPY,(Q=K!=V)+,75,0.03060
COPY,(Q=K!=V)+,76,0.02882
COPY,(Q=K!=V)+,77,0.02701
COPY,(Q=K!=V)+,78,0.02563
COPY,(Q=K!=V)+,79,0.02431
COPY,(Q=K!=V)+,80,0.02311
COPY,(Q=K!=V)+,81,0.02206
COPY,(Q=K!=V)+,82,0.02099
COPY,(Q=K!=V)+,83,0.02006
COPY,(Q=K!=V)+,84,0.01927
COPY,(Q=K!=V)+,85,0.01859
COPY,(Q=K!=V)+,86,0.01776
COPY,(Q=K!=V)+,87,0.01718
COPY,(Q=K!=V)+,88,0.01656
COPY,(Q=K!=V)+,89,0.01606
COPY,(Q=K!=V)+,90,0.01557
COPY,(Q=K!=V)+,91,0.01507
COPY,(Q=K!=V)+,92,0.01467
COPY,(Q=K!=V)+,93,0.01420
COPY,(Q=K!=V)+,94,0.01391
COPY,(Q=K!=V)+,95,0.01351
COPY,(Q=K!=V)+,96,0.01315
COPY,(Q=K!=V)+,97,0.01283
COPY,(Q=K!=V)+,98,0.01256
COPY,(Q=K!=V)+,99,0.01225
COPY,(Q=K!=V)+,100,0.01200
COPY,(Q=K!=V)+,101,0.01175
COPY,(Q=K!=V)+,102,0.01153
COPY,(Q=K!=V)+,103,0.01129
COPY,(Q=K!=V)+,104,0.01104
COPY,(Q=K!=V)+,105,0.01086
COPY,(Q=K!=V)+,106,0.01068
COPY,(Q=K!=V)+,107,0.01046
COPY,(Q=K!=V)+,108,0.01031
COPY,(Q=K!=V)+,109,0.01010
COPY,(Q=K!=V)+,110,0.00996
COPY,(Q=K!=V)+,111,0.00979
COPY,(Q=K!=V)+,112,0.00966
COPY,(Q=K!=V)+,113,0.00948
COPY,(Q=K!=V)+,114,0.00937
COPY,(Q=K!=V)+,115,0.00922
COPY,(Q=K!=V)+,116,0.00911
COPY,(Q=K!=V)+,117,0.00896
COPY,(Q=K!=V)+,118,0.00884
COPY,(Q=K!=V)+,119,0.00872
COPY,(Q=K!=V)+,120,0.00860
COPY,(Q=K!=V)+,121,0.00849
COPY,(Q=K!=V)+,122,0.00841
COPY,(Q=K!=V)+,123,0.00828
COPY,(Q=K!=V)+,124,0.00820
COPY,(Q=K!=V)+,125,0.00811
COPY,(Q=K!=V)+,126,0.00798
COPY,(Q=K!=V)+,127,0.00786
COPY,(Q=K!=V)+,128,0.00778
COPY,(Q=K!=V)+,129,0.00769
COPY,(Q=K!=V)+,130,0.00762
COPY,(Q=K!=V)+,131,0.00753
COPY,(Q=K!=V)+,132,0.00742
COPY,(Q=K!=V)+,133,0.00735
COPY,(Q=K!=V)+,134,0.00727
COPY,(Q=K!=V)+,135,0.00720
COPY,(Q=K!=V)+,136,0.00712
COPY,(Q=K!=V)+,137,0.00705
COPY,(Q=K!=V)+,138,0.00697
COPY,(Q=K!=V)+,139,0.00690
COPY,(Q=K!=V)+,140,0.00683
COPY,(Q=K!=V)+,141,0.00676
COPY,(Q=K!=V)+,142,0.00668
COPY,(Q=K!=V)+,143,0.00664
COPY,(Q=K!=V)+,144,0.00658
COPY,(Q=K!=V)+,145,0.00650
COPY,(Q=K!=V)+,146,0.00645
COPY,(Q=K!=V)+,147,0.00637
COPY,(Q=K!=V)+,148,0.00633
COPY,(Q=K!=V)+,149,0.00625
COPY,(Q=K!=V)+,150,0.00621
COPY,(Q=K!=V)+,151,0.00615
COPY,(Q=K!=V)+,152,0.00609
COPY,(Q=K!=V)+,153,0.00602
COPY,(Q=K!=V)+,154,0.00597
COPY,(Q=K!=V)+,155,0.00593
COPY,(Q=K!=V)+,156,0.00588
COPY,(Q=K!=V)+,157,0.00577
COPY,(Q=K!=V)+,158,0.00577
COPY,(Q=K!=V)+,159,0.00573
COPY,(Q=K!=V)+,160,0.00569
COPY,(Q=K!=V)+,161,0.00562
COPY,(Q=K!=V)+,162,0.00559
COPY,(Q=K!=V)+,163,0.00553
COPY,(Q=K!=V)+,164,0.00550
COPY,(Q=K!=V)+,165,0.00545
COPY,(Q=K!=V)+,166,0.00539
COPY,(Q=K!=V)+,167,0.00536
COPY,(Q=K!=V)+,168,0.00531
COPY,(Q=K!=V)+,169,0.00526
COPY,(Q=K!=V)+,170,0.00522
COPY,(Q=K!=V)+,171,0.00519
COPY,(Q=K!=V)+,172,0.00514
COPY,(Q=K!=V)+,173,0.00510
COPY,(Q=K!=V)+,174,0.00507
COPY,(Q=K!=V)+,175,0.00502
COPY,(Q=K!=V)+,176,0.00499
COPY,(Q=K!=V)+,177,0.00495
COPY,(Q=K!=V)+,178,0.00491
COPY,(Q=K!=V)+,179,0.00488
COPY,(Q=K!=V)+,180,0.00484
COPY,(Q=K!=V)+,181,0.00482
COPY,(Q=K!=V)+,182,0.00477
COPY,(Q=K!=V)+,183,0.00475
COPY,(Q=K!=V)+,184,0.00470
COPY,(Q=K!=V)+,185,0.00467
COPY,(Q=K!=V)+,186,0.00463
COPY,(Q=K!=V)+,187,0.00460
COPY,(Q=K!=V)+,188,0.00457
COPY,(Q=K!=V)+,189,0.00454
COPY,(Q=K!=V)+,190,0.00451
COPY,(Q=K!=V)+,191,0.00448
COPY,(Q=K!=V)+,192,0.00444
COPY,(Q=K!=V)+,193,0.00442
COPY,(Q=K!=V)+,194,0.00439
COPY,(Q=K!=V)+,195,0.00436
COPY,(Q=K!=V)+,196,0.00433
COPY,(Q=K!=V)+,197,0.00430
COPY,(Q=K!=V)+,198,0.00427
COPY,(Q=K!=V)+,199,0.00424
COPY,(Q=K!=V)+,200,0.00422
COPY,(Q=K!=V)+,201,0.00418
COPY,(Q=K!=V)+,202,0.00417
COPY,(Q=K!=V)+,203,0.00413
COPY,(Q=K!=V)+,204,0.00412
COPY,(Q=K!=V)+,205,0.00408
COPY,(Q=K!=V)+,206,0.00406
COPY,(Q=K!=V)+,207,0.00403
COPY,(Q=K!=V)+,208,0.00401
COPY,(Q=K!=V)+,209,0.00398
COPY,(Q=K!=V)+,210,0.00395
COPY,(Q=K!=V)+,211,0.00394
COPY,(Q=K!=V)+,212,0.00391
COPY,(Q=K!=V)+,213,0.00388
COPY,(Q=K!=V)+,214,0.00386
COPY,(Q=K!=V)+,215,0.00384
COPY,(Q=K!=V)+,216,0.00381
COPY,(Q=K!=V)+,217,0.00380
COPY,(Q=K!=V)+,218,0.00378
COPY,(Q=K!=V)+,219,0.00374
COPY,(Q=K!=V)+,220,0.00372
COPY,(Q=K!=V)+,221,0.00370
COPY,(Q=K!=V)+,222,0.00369
COPY,(Q=K!=V)+,223,0.00366
COPY,(Q=K!=V)+,224,0.00364
COPY,(Q=K!=V)+,225,0.00363
COPY,(Q=K!=V)+,226,0.00360
COPY,(Q=K!=V)+,227,0.00358
COPY,(Q=K!=V)+,228,0.00357
COPY,(Q=K!=V)+,229,0.00355
COPY,(Q=K!=V)+,230,0.00353
COPY,(Q=K!=V)+,231,0.00351
COPY,(Q=K!=V)+,232,0.00349
COPY,(Q=K!=V)+,233,0.00348
COPY,(Q=K!=V)+,234,0.00345
COPY,(Q=K!=V)+,235,0.00343
COPY,(Q=K!=V)+,236,0.00340
COPY,(Q=K!=V)+,237,0.00339
COPY,(Q=K!=V)+,238,0.00337
COPY,(Q=K!=V)+,239,0.00335
COPY,(Q=K!=V)+,240,0.00333
COPY,(Q=K!=V)+,241,0.00332
COPY,(Q=K!=V)+,242,0.00331
COPY,(Q=K!=V)+,243,0.00328
COPY,(Q=K!=V)+,244,0.00327
COPY,(Q=K!=V)+,245,0.00326
COPY,(Q=K!=V)+,246,0.00324
COPY,(Q=K!=V)+,247,0.00322
COPY,(Q=K!=V)+,248,0.00321
COPY,(Q=K!=V)+,249,0.00318
COPY,(Q=K!=V)+,250,0.00317
COPY,(Q=K!=V)+,251,0.00316
COPY,(Q=K!=V)+,252,0.00315
COPY,(Q=K!=V)+,253,0.00313
COPY,(Q=K!=V)+,254,0.00311
COPY,(Q=K!=V)+,255,0.00310
COPY,(Q=K!=V)+,256,0.00308
COPY,(Q=K!=V)+,257,0.00307
COPY,(Q=K!=V)+,258,0.00306
COPY,(Q=K!=V)+,259,0.00304
COPY,(Q=K!=V)+,260,0.00303
COPY,(Q=K!=V)+,261,0.00301
COPY,(Q=K!=V)+,262,0.00299
COPY,(Q=K!=V)+,263,0.00298
COPY,(Q=K!=V)+,264,0.00297
COPY,(Q=K!=V)+,265,0.00295
COPY,(Q=K!=V)+,266,0.00294
COPY,(Q=K!=V)+,267,0.00292
COPY,(Q=K!=V)+,268,0.00292
COPY,(Q=K!=V)+,269,0.00290
COPY,(Q=K!=V)+,270,0.00289
COPY,(Q=K!=V)+,271,0.00287
COPY,(Q=K!=V)+,272,0.00286
COPY,(Q=K!=V)+,273,0.00285
COPY,(Q=K!=V)+,274,0.00284
COPY,(Q=K!=V)+,275,0.00283
COPY,(Q=K!=V)+,276,0.00281
COPY,(Q=K!=V)+,277,0.00280
COPY,(Q=K!=V)+,278,0.00279
COPY,(Q=K!=V)+,279,0.00277
COPY,(Q=K!=V)+,280,0.00276
COPY,(Q=K!=V)+,281,0.00275
COPY,(Q=K!=V)+,282,0.00274
COPY,(Q=K!=V)+,283,0.00273
COPY,(Q=K!=V)+,284,0.00271
COPY,(Q=K!=V)+,285,0.00271
COPY,(Q=K!=V)+,286,0.00270
COPY,(Q=K!=V)+,287,0.00268
COPY,(Q=K!=V)+,288,0.00268
COPY,(Q=K!=V)+,289,0.00267
COPY,(Q=K!=V)+,290,0.00265
COPY,(Q=K!=V)+,291,0.00264
COPY,(Q=K!=V)+,292,0.00263
COPY,(Q=K!=V)+,293,0.00262
COPY,(Q=K!=V)+,294,0.00261
COPY,(Q=K!=V)+,295,0.00260
COPY,(Q=K!=V)+,296,0.00259
COPY,(Q=K!=V)+,297,0.00258
COPY,(Q=K!=V)+,298,0.00257
COPY,(Q=K!=V)+,299,0.00256
COPY,(Q=K!=V)+,300,0.00255
COPY,(Q=K!=V)+,301,0.00254
COPY,(Q=K!=V)+,302,0.00253
COPY,(Q=K!=V)+,303,0.00252
COPY,(Q=K!=V)+,304,0.00251
COPY,(Q=K!=V)+,305,0.00250
COPY,(Q=K!=V)+,306,0.00249
COPY,(Q=K!=V)+,307,0.00248
COPY,(Q=K!=V)+,308,0.00247
COPY,(Q=K!=V)+,309,0.00246
COPY,(Q=K!=V)+,310,0.00245
COPY,(Q=K!=V)+,311,0.00244
COPY,(Q=K!=V)+,312,0.00244
COPY,(Q=K!=V)+,313,0.00243
COPY,(Q=K!=V)+,314,0.00242
COPY,(Q=K!=V)+,315,0.00240
COPY,(Q=K!=V)+,316,0.00240
COPY,(Q=K!=V)+,317,0.00239
COPY,(Q=K!=V)+,318,0.00238
COPY,(Q=K!=V)+,319,0.00237
COPY,(Q=K!=V)+,320,0.00236
COPY,(Q=K!=V)+,321,0.00236
COPY,(Q=K!=V)+,322,0.00235
COPY,(Q=K!=V)+,323,0.00234
COPY,(Q=K!=V)+,324,0.00233
COPY,(Q=K!=V)+,325,0.00232
COPY,(Q=K!=V)+,326,0.00232
COPY,(Q=K!=V)+,327,0.00231
COPY,(Q=K!=V)+,328,0.00230
COPY,(Q=K!=V)+,329,0.00229
COPY,(Q=K!=V)+,330,0.00228
COPY,(Q=K!=V)+,331,0.00228
COPY,(Q=K!=V)+,332,0.00227
COPY,(Q=K!=V)+,333,0.00226
COPY,(Q=K!=V)+,334,0.00226
COPY,(Q=K!=V)+,335,0.00224
COPY,(Q=K!=V)+,336,0.00224
COPY,(Q=K!=V)+,337,0.00223
COPY,(Q=K!=V)+,338,0.00223
COPY,(Q=K!=V)+,339,0.00222
COPY,(Q=K!=V)+,340,0.00221
COPY,(Q=K!=V)+,341,0.00220
COPY,(Q=K!=V)+,342,0.00220
COPY,(Q=K!=V)+,343,0.00219
COPY,(Q=K!=V)+,344,0.00218
COPY,(Q=K!=V)+,345,0.00218
COPY,(Q=K!=V)+,346,0.00217
COPY,(Q=K!=V)+,347,0.00216
COPY,(Q=K!=V)+,348,0.00216
COPY,(Q=K!=V)+,349,0.00215
COPY,(Q=K!=V)+,350,0.00214
COPY,(Q=K!=V)+,351,0.00214
COPY,(Q=K!=V)+,352,0.00213
COPY,(Q=K!=V)+,353,0.00212
COPY,(Q=K!=V)+,354,0.00211
COPY,(Q=K!=V)+,355,0.00211
COPY,(Q=K!=V)+,356,0.00211
COPY,(Q=K!=V)+,357,0.00210
COPY,(Q=K!=V)+,358,0.00209
COPY,(Q=K!=V)+,359,0.00208
COPY,(Q=K!=V)+,360,0.00208
COPY,(Q=K!=V)+,361,0.00207
COPY,(Q=K!=V)+,362,0.00207
COPY,(Q=K!=V)+,363,0.00206
COPY,(Q=K!=V)+,364,0.00205
COPY,(Q=K!=V)+,365,0.00205
COPY,(Q=K!=V)+,366,0.00204
COPY,(Q=K!=V)+,367,0.00204
COPY,(Q=K!=V)+,368,0.00203
COPY,(Q=K!=V)+,369,0.00202
COPY,(Q=K!=V)+,370,0.00202
COPY,(Q=K!=V)+,371,0.00201
COPY,(Q=K!=V)+,372,0.00201
COPY,(Q=K!=V)+,373,0.00201
COPY,(Q=K!=V)+,374,0.00200
COPY,(Q=K!=V)+,375,0.00199
COPY,(Q=K!=V)+,376,0.00199
COPY,(Q=K!=V)+,377,0.00198
COPY,(Q=K!=V)+,378,0.00197
COPY,(Q=K!=V)+,379,0.00197
COPY,(Q=K!=V)+,380,0.00197
COPY,(Q=K!=V)+,381,0.00196
COPY,(Q=K!=V)+,382,0.00196
COPY,(Q=K!=V)+,383,0.00195
COPY,(Q=K!=V)+,384,0.00194
COPY,(Q=K!=V)+,385,0.00194
COPY,(Q=K!=V)+,386,0.00194
COPY,(Q=K!=V)+,387,0.00193
COPY,(Q=K!=V)+,388,0.00192
COPY,(Q=K!=V)+,389,0.00192
COPY,(Q=K!=V)+,390,0.00191
COPY,(Q=K!=V)+,391,0.00191
COPY,(Q=K!=V)+,392,0.00190
COPY,(Q=K!=V)+,393,0.00190
COPY,(Q=K!=V)+,394,0.00190
COPY,(Q=K!=V)+,395,0.00189
COPY,(Q=K!=V)+,396,0.00189
COPY,(Q=K!=V)+,397,0.00188
COPY,(Q=K!=V)+,398,0.00188
COPY,(Q=K!=V)+,399,0.00187
COPY,(Q=K!=V)+,400,0.00187
COPY,(Q=K!=V)+,401,0.00186
COPY,(Q=K!=V)+,402,0.00186
COPY,(Q=K!=V)+,403,0.00186
COPY,(Q=K!=V)+,404,0.00185
COPY,(Q=K!=V)+,405,0.00184
COPY,(Q=K!=V)+,406,0.00184
COPY,(Q=K!=V)+,407,0.00184
COPY,(Q=K!=V)+,408,0.00183
COPY,(Q=K!=V)+,409,0.00182
COPY,(Q=K!=V)+,410,0.00182
COPY,(Q=K!=V)+,411,0.00182
COPY,(Q=K!=V)+,412,0.00182
COPY,(Q=K!=V)+,413,0.00181
COPY,(Q=K!=V)+,414,0.00181
COPY,(Q=K!=V)+,415,0.00180
COPY,(Q=K!=V)+,416,0.00180
COPY,(Q=K!=V)+,417,0.00180
COPY,(Q=K!=V)+,418,0.00179
COPY,(Q=K!=V)+,419,0.00179
COPY,(Q=K!=V)+,420,0.00179
COPY,(Q=K!=V)+,421,0.00178
COPY,(Q=K!=V)+,422,0.00178
COPY,(Q=K!=V)+,423,0.00177
COPY,(Q=K!=V)+,424,0.00177
COPY,(Q=K!=V)+,425,0.00176
COPY,(Q=K!=V)+,426,0.00176
COPY,(Q=K!=V)+,427,0.00176
COPY,(Q=K!=V)+,428,0.00175
COPY,(Q=K!=V)+,429,0.00175
COPY,(Q=K!=V)+,430,0.00174
COPY,(Q=K!=V)+,431,0.00174
COPY,(Q=K!=V)+,432,0.00174
COPY,(Q=K!=V)+,433,0.00174
COPY,(Q=K!=V)+,434,0.00173
COPY,(Q=K!=V)+,435,0.00173
COPY,(Q=K!=V)+,436,0.00172
COPY,(Q=K!=V)+,437,0.00172
COPY,(Q=K!=V)+,438,0.00172
COPY,(Q=K!=V)+,439,0.00172
COPY,(Q=K!=V)+,440,0.00171
COPY,(Q=K!=V)+,441,0.00171
COPY,(Q=K!=V)+,442,0.00170
COPY,(Q=K!=V)+,443,0.00170
COPY,(Q=K!=V)+,444,0.00170
COPY,(Q=K!=V)+,445,0.00169
COPY,(Q=K!=V)+,446,0.00169
COPY,(Q=K!=V)+,447,0.00169
COPY,(Q=K!=V)+,448,0.00168
COPY,(Q=K!=V)+,449,0.00168
COPY,(Q=K!=V)+,450,0.00168
COPY,(Q=K!=V)+,451,0.00168
COPY,(Q=K!=V)+,452,0.00167
COPY,(Q=K!=V)+,453,0.00167
COPY,(Q=K!=V)+,454,0.00167
COPY,(Q=K!=V)+,455,0.00166
COPY,(Q=K!=V)+,456,0.00166
COPY,(Q=K!=V)+,457,0.00166
COPY,(Q=K!=V)+,458,0.00165
COPY,(Q=K!=V)+,459,0.00165
COPY,(Q=K!=V)+,460,0.00165
COPY,(Q=K!=V)+,461,0.00164
COPY,(Q=K!=V)+,462,0.00164
COPY,(Q=K!=V)+,463,0.00164
COPY,(Q=K!=V)+,464,0.00164
COPY,(Q=K!=V)+,465,0.00163
COPY,(Q=K!=V)+,466,0.00163
COPY,(Q=K!=V)+,467,0.00163
COPY,(Q=K!=V)+,468,0.00162
COPY,(Q=K!=V)+,469,0.00163
COPY,(Q=K!=V)+,470,0.00162
COPY,(Q=K!=V)+,471,0.00162
COPY,(Q=K!=V)+,472,0.00161
COPY,(Q=K!=V)+,473,0.00161
COPY,(Q=K!=V)+,474,0.00161
COPY,(Q=K!=V)+,475,0.00161
COPY,(Q=K!=V)+,476,0.00160
COPY,(Q=K!=V)+,477,0.00160
COPY,(Q=K!=V)+,478,0.00160
COPY,(Q=K!=V)+,479,0.00160
COPY,(Q=K!=V)+,480,0.00159
COPY,(Q=K!=V)+,481,0.00159
COPY,(Q=K!=V)+,482,0.00159
COPY,(Q=K!=V)+,483,0.00158
COPY,(Q=K!=V)+,484,0.00159
COPY,(Q=K!=V)+,485,0.00158
COPY,(Q=K!=V)+,486,0.00158
COPY,(Q=K!=V)+,487,0.00158
COPY,(Q=K!=V)+,488,0.00157
COPY,(Q=K!=V)+,489,0.00157
COPY,(Q=K!=V)+,490,0.00157
COPY,(Q=K!=V)+,491,0.00157
COPY,(Q=K!=V)+,492,0.00157
COPY,(Q=K!=V)+,493,0.00156
COPY,(Q=K!=V)+,494,0.00156
COPY,(Q=K!=V)+,495,0.00156
COPY,(Q=K!=V)+,496,0.00156
COPY,(Q=K!=V)+,497,0.00155
COPY,(Q=K!=V)+,498,0.00155
COPY,(Q=K!=V)+,499,0.00155
COPY,(Q=K!=V)+,500,0.00155
COPY,(Q=K!=V)+,501,0.00155
COPY,(Q=K!=V)+,502,0.00154
COPY,(Q=K!=V)+,503,0.00154
COPY,(Q=K!=V)+,504,0.00154
COPY,(Q=K!=V)+,505,0.00154
COPY,(Q=K!=V)+,506,0.00153
COPY,(Q=K!=V)+,507,0.00153
COPY,(Q=K!=V)+,508,0.00153
COPY,(Q=K!=V)+,509,0.00153
COPY,(Q=K!=V)+,510,0.00152
COPY,(Q=K!=V)+,511,0.00152
COPY,(Q=K!=V)+,512,0.00152
COPY,(Q=K!=V)+,513,0.00152
COPY,(Q=K!=V)+,514,0.00152
COPY,(Q=K!=V)+,515,0.00152
COPY,(Q=K!=V)+,516,0.00151
COPY,(Q=K!=V)+,517,0.00151
COPY,(Q=K!=V)+,518,0.00151
COPY,(Q=K!=V)+,519,0.00151
COPY,(Q=K!=V)+,520,0.00151
COPY,(Q=K!=V)+,521,0.00150
COPY,(Q=K!=V)+,522,0.00150
COPY,(Q=K!=V)+,523,0.00150
COPY,(Q=K!=V)+,524,0.00150
COPY,(Q=K!=V)+,525,0.00150
COPY,(Q=K!=V)+,526,0.00150
COPY,(Q=K!=V)+,527,0.00149
COPY,(Q=K!=V)+,528,0.00149
COPY,(Q=K!=V)+,529,0.00149
COPY,(Q=K!=V)+,530,0.00149
COPY,(Q=K!=V)+,531,0.00149
COPY,(Q=K!=V)+,532,0.00148
COPY,(Q=K!=V)+,533,0.00148
COPY,(Q=K!=V)+,534,0.00148
COPY,(Q=K!=V)+,535,0.00148
COPY,(Q=K!=V)+,536,0.00148
COPY,(Q=K!=V)+,537,0.00148
COPY,(Q=K!=V)+,538,0.00147
COPY,(Q=K!=V)+,539,0.00147
COPY,(Q=K!=V)+,540,0.00147
COPY,(Q=K!=V)+,541,0.00147
COPY,(Q=K!=V)+,542,0.00147
COPY,(Q=K!=V)+,543,0.00147
COPY,(Q=K!=V)+,544,0.00147
COPY,(Q=K!=V)+,545,0.00146
COPY,(Q=K!=V)+,546,0.00146
COPY,(Q=K!=V)+,547,0.00146
COPY,(Q=K!=V)+,548,0.00146
COPY,(Q=K!=V)+,549,0.00146
COPY,(Q=K!=V)+,550,0.00146
COPY,(Q=K!=V)+,551,0.00145
COPY,(Q=K!=V)+,552,0.00146
COPY,(Q=K!=V)+,553,0.00145
COPY,(Q=K!=V)+,554,0.00145
COPY,(Q=K!=V)+,555,0.00145
COPY,(Q=K!=V)+,556,0.00145
COPY,(Q=K!=V)+,557,0.00145
COPY,(Q=K!=V)+,558,0.00145
COPY,(Q=K!=V)+,559,0.00144
COPY,(Q=K!=V)+,560,0.00144
COPY,(Q=K!=V)+,561,0.00144
COPY,(Q=K!=V)+,562,0.00144
COPY,(Q=K!=V)+,563,0.00144
COPY,(Q=K!=V)+,564,0.00144
COPY,(Q=K!=V)+,565,0.00144
COPY,(Q=K!=V)+,566,0.00144
COPY,(Q=K!=V)+,567,0.00143
COPY,(Q=K!=V)+,568,0.00143
COPY,(Q=K!=V)+,569,0.00143
COPY,(Q=K!=V)+,570,0.00143
COPY,(Q=K!=V)+,571,0.00143
COPY,(Q=K!=V)+,572,0.00143
COPY,(Q=K!=V)+,573,0.00143
COPY,(Q=K!=V)+,574,0.00143
COPY,(Q=K!=V)+,575,0.00142
COPY,(Q=K!=V)+,576,0.00143
COPY,(Q=K!=V)+,577,0.00142
COPY,(Q=K!=V)+,578,0.00142
COPY,(Q=K!=V)+,579,0.00142
COPY,(Q=K!=V)+,580,0.00142
COPY,(Q=K!=V)+,581,0.00142
COPY,(Q=K!=V)+,582,0.00142
COPY,(Q=K!=V)+,583,0.00142
COPY,(Q=K!=V)+,584,0.00141
COPY,(Q=K!=V)+,585,0.00141
COPY,(Q=K!=V)+,586,0.00141
COPY,(Q=K!=V)+,587,0.00141
COPY,(Q=K!=V)+,588,0.00141
COPY,(Q=K!=V)+,589,0.00141
COPY,(Q=K!=V)+,590,0.00141
COPY,(Q=K!=V)+,591,0.00141
COPY,(Q=K!=V)+,592,0.00141
COPY,(Q=K!=V)+,593,0.00141
COPY,(Q=K!=V)+,594,0.00140
COPY,(Q=K!=V)+,595,0.00140
COPY,(Q=K!=V)+,596,0.00140
COPY,(Q=K!=V)+,597,0.00140
COPY,(Q=K!=V)+,598,0.00140
COPY,(Q=K!=V)+,599,0.00140
COPY,(Q=K!=V)+,600,0.00140
COPY,(Q=K!=V)+,601,0.00140
COPY,(Q=K!=V)+,602,0.00140
COPY,(Q=K!=V)+,603,0.00140
COPY,(Q=K!=V)+,604,0.00139
COPY,(Q=K!=V)+,605,0.00139
COPY,(Q=K!=V)+,606,0.00139
COPY,(Q=K!=V)+,607,0.00139
COPY,(Q=K!=V)+,608,0.00139
COPY,(Q=K!=V)+,609,0.00139
COPY,(Q=K!=V)+,610,0.00139
COPY,(Q=K!=V)+,611,0.00139
COPY,(Q=K!=V)+,612,0.00139
COPY,(Q=K!=V)+,613,0.00139
COPY,(Q=K!=V)+,614,0.00139
COPY,(Q=K!=V)+,615,0.00138
COPY,(Q=K!=V)+,616,0.00139
COPY,(Q=K!=V)+,617,0.00138
COPY,(Q=K!=V)+,618,0.00138
COPY,(Q=K!=V)+,619,0.00138
COPY,(Q=K!=V)+,620,0.00138
COPY,(Q=K!=V)+,621,0.00138
COPY,(Q=K!=V)+,622,0.00138
COPY,(Q=K!=V)+,623,0.00138
COPY,(Q=K!=V)+,624,0.00138
COPY,(Q=K!=V)+,625,0.00138
COPY,(Q=K!=V)+,626,0.00138
COPY,(Q=K!=V)+,627,0.00138
COPY,(Q=K!=V)+,628,0.00138
COPY,(Q=K!=V)+,629,0.00137
COPY,(Q=K!=V)+,630,0.00138
COPY,(Q=K!=V)+,631,0.00137
COPY,(Q=K!=V)+,632,0.00137
COPY,(Q=K!=V)+,633,0.00137
COPY,(Q=K!=V)+,634,0.00137
COPY,(Q=K!=V)+,635,0.00137
COPY,(Q=K!=V)+,636,0.00137
COPY,(Q=K!=V)+,637,0.00137
COPY,(Q=K!=V)+,638,0.00137
COPY,(Q=K!=V)+,639,0.00137
COPY,(Q=K!=V)+,640,0.00137
COPY,(Q=K!=V)+,641,0.00137
COPY,(Q=K!=V)+,642,0.00137
COPY,(Q=K!=V)+,643,0.00137
COPY,(Q=K!=V)+,644,0.00137
COPY,(Q=K!=V)+,645,0.00136
COPY,(Q=K!=V)+,646,0.00137
COPY,(Q=K!=V)+,647,0.00136
COPY,(Q=K!=V)+,648,0.00136
COPY,(Q=K!=V)+,649,0.00136
COPY,(Q=K!=V)+,650,0.00136
COPY,(Q=K!=V)+,651,0.00136
COPY,(Q=K!=V)+,652,0.00136
COPY,(Q=K!=V)+,653,0.00136
COPY,(Q=K!=V)+,654,0.00136
COPY,(Q=K!=V)+,655,0.00136
COPY,(Q=K!=V)+,656,0.00136
COPY,(Q=K!=V)+,657,0.00136
COPY,(Q=K!=V)+,658,0.00136
COPY,(Q=K!=V)+,659,0.00136
COPY,(Q=K!=V)+,660,0.00136
COPY,(Q=K!=V)+,661,0.00136
COPY,(Q=K!=V)+,662,0.00136
COPY,(Q=K!=V)+,663,0.00136
COPY,(Q=K!=V)+,664,0.00135
COPY,(Q=K!=V)+,665,0.00135
COPY,(Q=K!=V)+,666,0.00135
COPY,(Q=K!=V)+,667,0.00135
COPY,(Q=K!=V)+,668,0.00135
COPY,(Q=K!=V)+,669,0.00135
COPY,(Q=K!=V)+,670,0.00135
COPY,(Q=K!=V)+,671,0.00135
COPY,(Q=K!=V)+,672,0.00135
COPY,(Q=K!=V)+,673,0.00135
COPY,(Q=K!=V)+,674,0.00135
COPY,(Q=K!=V)+,675,0.00135
COPY,(Q=K!=V)+,676,0.00135
COPY,(Q=K!=V)+,677,0.00135
COPY,(Q=K!=V)+,678,0.00135
COPY,(Q=K!=V)+,679,0.00135
COPY,(Q=K!=V)+,680,0.00135
COPY,(Q=K!=V)+,681,0.00135
COPY,(Q=K!=V)+,682,0.00135
COPY,(Q=K!=V)+,683,0.00135
COPY,(Q=K!=V)+,684,0.00135
COPY,(Q=K!=V)+,685,0.00135
COPY,(Q=K!=V)+,686,0.00135
COPY,(Q=K!=V)+,687,0.00135
COPY,(Q=K!=V)+,688,0.00135
COPY,(Q=K!=V)+,689,0.00135
COPY,(Q=K!=V)+,690,0.00135
COPY,(Q=K!=V)+,691,0.00135
COPY,(Q=K!=V)+,692,0.00135
COPY,(Q=K!=V)+,693,0.00135
COPY,(Q=K!=V)+,694,0.00135
COPY,(Q=K!=V)+,695,0.00134
COPY,(Q=K!=V)+,696,0.00135
COPY,(Q=K!=V)+,697,0.00135
COPY,(Q=K!=V)+,698,0.00134
COPY,(Q=K!=V)+,699,0.00135
COPY,(Q=K!=V)+,700,0.00135
COPY,(Q=K!=V)+,701,0.00134
COPY,(Q=K!=V)+,702,0.00134
COPY,(Q=K!=V)+,703,0.00134
COPY,(Q=K!=V)+,704,0.00134
COPY,(Q=K!=V)+,705,0.00134
COPY,(Q=K!=V)+,706,0.00134
COPY,(Q=K!=V)+,707,0.00134
COPY,(Q=K!=V)+,708,0.00134
COPY,(Q=K!=V)+,709,0.00134
COPY,(Q=K!=V)+,710,0.00135
COPY,(Q=K!=V)+,711,0.00134
COPY,(Q=K!=V)+,712,0.00134
COPY,(Q=K!=V)+,713,0.00134
COPY,(Q=K!=V)+,714,0.00134
COPY,(Q=K!=V)+,715,0.00134
COPY,(Q=K!=V)+,716,0.00134
COPY,(Q=K!=V)+,717,0.00134
COPY,(Q=K!=V)+,718,0.00134
COPY,(Q=K!=V)+,719,0.00134
COPY,(Q=K!=V)+,720,0.00134
COPY,(Q=K!=V)+,721,0.00134
COPY,(Q=K!=V)+,722,0.00134
COPY,(Q=K!=V)+,723,0.00134
COPY,(Q=K!=V)+,724,0.00134
COPY,(Q=K!=V)+,725,0.00134
COPY,(Q=K!=V)+,726,0.00134
COPY,(Q=K!=V)+,727,0.00134
COPY,(Q=K!=V)+,728,0.00134
COPY,(Q=K!=V)+,729,0.00134
COPY,(Q=K!=V)+,730,0.00134
COPY,(Q=K!=V)+,731,0.00134
COPY,(Q=K!=V)+,732,0.00134
COPY,(Q=K!=V)+,733,0.00134
COPY,(Q=K!=V)+,734,0.00134
COPY,(Q=K!=V)+,735,0.00134
COPY,(Q=K!=V)+,736,0.00134
COPY,(Q=K!=V)+,737,0.00134
COPY,(Q=K!=V)+,738,0.00134
COPY,(Q=K!=V)+,739,0.00134
COPY,(Q=K!=V)+,740,0.00134
COPY,(Q=K!=V)+,741,0.00134
COPY,(Q=K!=V)+,742,0.00134
COPY,(Q=K!=V)+,743,0.00134
COPY,(Q=K!=V)+,744,0.00134
COPY,(Q=K!=V)+,745,0.00134
COPY,(Q=K!=V)+,746,0.00134
COPY,(Q=K!=V)+,747,0.00134
COPY,(Q=K!=V)+,748,0.00134
COPY,(Q=K!=V)+,749,0.00134
COPY,(Q=K!=V)+,750,0.00134
COPY,(Q=K!=V)+,751,0.00134
COPY,(Q=K!=V)+,752,0.00134
COPY,(Q=K!=V)+,753,0.00134
COPY,(Q=K!=V)+,754,0.00134
COPY,(Q=K!=V)+,755,0.00134
COPY,(Q=K!=V)+,756,0.00134
COPY,(Q=K!=V)+,757,0.00134
COPY,(Q=K!=V)+,758,0.00134
COPY,(Q=K!=V)+,759,0.00134
COPY,(Q=K!=V)+,760,0.00134
COPY,(Q=K!=V)+,761,0.00134
COPY,(Q=K!=V)+,762,0.00134
COPY,(Q=K!=V)+,763,0.00134
COPY,(Q=K!=V)+,764,0.00134
COPY,(Q=K!=V)+,765,0.00134
COPY,(Q=K!=V)+,766,0.00134
COPY,(Q=K!=V)+,767,0.00134
COPY,(Q=K!=V)+,768,0.00134
COPY,(Q=K!=V)+,769,0.00134
COPY,(Q=K!=V)+,770,0.00134
COPY,(Q=K!=V)+,771,0.00134
COPY,(Q=K!=V)+,772,0.00134
COPY,(Q=K!=V)+,773,0.00134
COPY,(Q=K!=V)+,774,0.00134
COPY,(Q=K!=V)+,775,0.00134
COPY,(Q=K!=V)+,776,0.00134
COPY,(Q=K!=V)+,777,0.00134
COPY,(Q=K!=V)+,778,0.00134
COPY,(Q=K!=V)+,779,0.00134
COPY,(Q=K!=V)+,780,0.00134
COPY,(Q=K!=V)+,781,0.00134
COPY,(Q=K!=V)+,782,0.00134
COPY,(Q=K!=V)+,783,0.00134
COPY,(Q=K!=V)+,784,0.00134
COPY,(Q=K!=V)+,785,0.00134
COPY,(Q=K!=V)+,786,0.00134
COPY,(Q=K!=V)+,787,0.00134
COPY,(Q=K!=V)+,788,0.00134
COPY,(Q=K!=V)+,789,0.00134
COPY,Q!=K=V,0,2.47903
COPY,Q!=K=V,1,2.47806
COPY,Q!=K=V,2,2.47402
COPY,Q!=K=V,3,2.46657
COPY,Q!=K=V,4,2.46739
COPY,Q!=K=V,5,2.44823
COPY,Q!=K=V,6,2.43323
COPY,Q!=K=V,7,2.43300
COPY,Q!=K=V,8,2.41507
COPY,Q!=K=V,9,2.40053
COPY,Q!=K=V,10,2.38542
COPY,Q!=K=V,11,2.36732
COPY,Q!=K=V,12,2.34854
COPY,Q!=K=V,13,2.32850
COPY,Q!=K=V,14,2.30290
COPY,Q!=K=V,15,2.28178
COPY,Q!=K=V,16,2.26262
COPY,Q!=K=V,17,2.24397
COPY,Q!=K=V,18,2.21835
COPY,Q!=K=V,19,2.18773
COPY,Q!=K=V,20,2.16910
COPY,Q!=K=V,21,2.14021
COPY,Q!=K=V,22,2.10938
COPY,Q!=K=V,23,2.08896
COPY,Q!=K=V,24,2.05456
COPY,Q!=K=V,25,2.01903
COPY,Q!=K=V,26,1.98826
COPY,Q!=K=V,27,1.94705
COPY,Q!=K=V,28,1.90614
COPY,Q!=K=V,29,1.86751
COPY,Q!=K=V,30,1.82211
COPY,Q!=K=V,31,1.77253
COPY,Q!=K=V,32,1.72029
COPY,Q!=K=V,33,1.67132
COPY,Q!=K=V,34,1.61429
COPY,Q!=K=V,35,1.55758
COPY,Q!=K=V,36,1.48734
COPY,Q!=K=V,37,1.41856
COPY,Q!=K=V,38,1.34297
COPY,Q!=K=V,39,1.26929
COPY,Q!=K=V,40,1.18870
COPY,Q!=K=V,41,1.11618
COPY,Q!=K=V,42,1.03644
COPY,Q!=K=V,43,0.95672
COPY,Q!=K=V,44,0.87662
COPY,Q!=K=V,45,0.80496
COPY,Q!=K=V,46,0.73635
COPY,Q!=K=V,47,0.67083
COPY,Q!=K=V,48,0.60440
COPY,Q!=K=V,49,0.54018
COPY,Q!=K=V,50,0.48238
COPY,Q!=K=V,51,0.42996
COPY,Q!=K=V,52,0.37827
COPY,Q!=K=V,53,0.34102
COPY,Q!=K=V,54,0.30049
COPY,Q!=K=V,55,0.26509
COPY,Q!=K=V,56,0.23526
COPY,Q!=K=V,57,0.20731
COPY,Q!=K=V,58,0.18396
COPY,Q!=K=V,59,0.16264
COPY,Q!=K=V,60,0.14308
COPY,Q!=K=V,61,0.12916
COPY,Q!=K=V,62,0.11523
COPY,Q!=K=V,63,0.10270
COPY,Q!=K=V,64,0.09170
COPY,Q!=K=V,65,0.08254
COPY,Q!=K=V,66,0.07389
COPY,Q!=K=V,67,0.06765
COPY,Q!=K=V,68,0.06150
COPY,Q!=K=V,69,0.05583
COPY,Q!=K=V,70,0.05118
COPY,Q!=K=V,71,0.04739
COPY,Q!=K=V,72,0.04393
COPY,Q!=K=V,73,0.04047
COPY,Q!=K=V,74,0.03779
COPY,Q!=K=V,75,0.03535
COPY,Q!=K=V,76,0.03320
COPY,Q!=K=V,77,0.03116
COPY,Q!=K=V,78,0.02963
COPY,Q!=K=V,79,0.02796
COPY,Q!=K=V,80,0.02662
COPY,Q!=K=V,81,0.02543
COPY,Q!=K=V,82,0.02412
COPY,Q!=K=V,83,0.02298
COPY,Q!=K=V,84,0.02210
COPY,Q!=K=V,85,0.02125
COPY,Q!=K=V,86,0.02039
COPY,Q!=K=V,87,0.01966
COPY,Q!=K=V,88,0.01890
COPY,Q!=K=V,89,0.01828
COPY,Q!=K=V,90,0.01762
COPY,Q!=K=V,91,0.01704
COPY,Q!=K=V,92,0.01658
COPY,Q!=K=V,93,0.01603
COPY,Q!=K=V,94,0.01559
COPY,Q!=K=V,95,0.01517
COPY,Q!=K=V,96,0.01474
COPY,Q!=K=V,97,0.01435
COPY,Q!=K=V,98,0.01399
COPY,Q!=K=V,99,0.01365
COPY,Q!=K=V,100,0.01338
COPY,Q!=K=V,101,0.01306
COPY,Q!=K=V,102,0.01278
COPY,Q!=K=V,103,0.01251
COPY,Q!=K=V,104,0.01222
COPY,Q!=K=V,105,0.01199
COPY,Q!=K=V,106,0.01174
COPY,Q!=K=V,107,0.01154
COPY,Q!=K=V,108,0.01131
COPY,Q!=K=V,109,0.01109
COPY,Q!=K=V,110,0.01093
COPY,Q!=K=V,111,0.01075
COPY,Q!=K=V,112,0.01055
COPY,Q!=K=V,113,0.01037
COPY,Q!=K=V,114,0.01027
COPY,Q!=K=V,115,0.01005
COPY,Q!=K=V,116,0.00992
COPY,Q!=K=V,117,0.00980
COPY,Q!=K=V,118,0.00963
COPY,Q!=K=V,119,0.00949
COPY,Q!=K=V,120,0.00938
COPY,Q!=K=V,121,0.00926
COPY,Q!=K=V,122,0.00913
COPY,Q!=K=V,123,0.00901
COPY,Q!=K=V,124,0.00888
COPY,Q!=K=V,125,0.00880
COPY,Q!=K=V,126,0.00865
COPY,Q!=K=V,127,0.00855
COPY,Q!=K=V,128,0.00846
COPY,Q!=K=V,129,0.00836
COPY,Q!=K=V,130,0.00827
COPY,Q!=K=V,131,0.00817
COPY,Q!=K=V,132,0.00806
COPY,Q!=K=V,133,0.00796
COPY,Q!=K=V,134,0.00787
COPY,Q!=K=V,135,0.00778
COPY,Q!=K=V,136,0.00768
COPY,Q!=K=V,137,0.00762
COPY,Q!=K=V,138,0.00753
COPY,Q!=K=V,139,0.00746
COPY,Q!=K=V,140,0.00739
COPY,Q!=K=V,141,0.00732
COPY,Q!=K=V,142,0.00722
COPY,Q!=K=V,143,0.00716
COPY,Q!=K=V,144,0.00709
COPY,Q!=K=V,145,0.00701
COPY,Q!=K=V,146,0.00694
COPY,Q!=K=V,147,0.00687
COPY,Q!=K=V,148,0.00683
COPY,Q!=K=V,149,0.00674
COPY,Q!=K=V,150,0.00669
COPY,Q!=K=V,151,0.00661
COPY,Q!=K=V,152,0.00657
COPY,Q!=K=V,153,0.00650
COPY,Q!=K=V,154,0.00644
COPY,Q!=K=V,155,0.00639
COPY,Q!=K=V,156,0.00632
COPY,Q!=K=V,157,0.00624
COPY,Q!=K=V,158,0.00621
COPY,Q!=K=V,159,0.00616
COPY,Q!=K=V,160,0.00611
COPY,Q!=K=V,161,0.00606
COPY,Q!=K=V,162,0.00600
COPY,Q!=K=V,163,0.00595
COPY,Q!=K=V,164,0.00591
COPY,Q!=K=V,165,0.00585
COPY,Q!=K=V,166,0.00580
COPY,Q!=K=V,167,0.00576
COPY,Q!=K=V,168,0.00572
COPY,Q!=K=V,169,0.00565
COPY,Q!=K=V,170,0.00561
COPY,Q!=K=V,171,0.00556
COPY,Q!=K=V,172,0.00553
COPY,Q!=K=V,173,0.00548
COPY,Q!=K=V,174,0.00543
COPY,Q!=K=V,175,0.00540
COPY,Q!=K=V,176,0.00536
COPY,Q!=K=V,177,0.00530
COPY,Q!=K=V,178,0.00527
COPY,Q!=K=V,179,0.00523
COPY,Q!=K=V,180,0.00519
COPY,Q!=K=V,181,0.00515
COPY,Q!=K=V,182,0.00513
COPY,Q!=K=V,183,0.00507
COPY,Q!=K=V,184,0.00505
COPY,Q!=K=V,185,0.00501
COPY,Q!=K=V,186,0.00497
COPY,Q!=K=V,187,0.00494
COPY,Q!=K=V,188,0.00490
COPY,Q!=K=V,189,0.00486
COPY,Q!=K=V,190,0.00482
COPY,Q!=K=V,191,0.00480
COPY,Q!=K=V,192,0.00476
COPY,Q!=K=V,193,0.00474
COPY,Q!=K=V,194,0.00471
COPY,Q!=K=V,195,0.00467
COPY,Q!=K=V,196,0.00463
COPY,Q!=K=V,197,0.00460
COPY,Q!=K=V,198,0.00458
COPY,Q!=K=V,199,0.00455
COPY,Q!=K=V,200,0.00450
COPY,Q!=K=V,201,0.00447
COPY,Q!=K=V,202,0.00445
COPY,Q!=K=V,203,0.00442
COPY,Q!=K=V,204,0.00440
COPY,Q!=K=V,205,0.00436
COPY,Q!=K=V,206,0.00434
COPY,Q!=K=V,207,0.00430
COPY,Q!=K=V,208,0.00428
COPY,Q!=K=V,209,0.00425
COPY,Q!=K=V,210,0.00423
COPY,Q!=K=V,211,0.00421
COPY,Q!=K=V,212,0.00418
COPY,Q!=K=V,213,0.00415
COPY,Q!=K=V,214,0.00413
COPY,Q!=K=V,215,0.00410
COPY,Q!=K=V,216,0.00408
COPY,Q!=K=V,217,0.00406
COPY,Q!=K=V,218,0.00403
COPY,Q!=K=V,219,0.00400
COPY,Q!=K=V,220,0.00398
COPY,Q!=K=V,221,0.00396
COPY,Q!=K=V,222,0.00394
COPY,Q!=K=V,223,0.00391
COPY,Q!=K=V,224,0.00388
COPY,Q!=K=V,225,0.00387
COPY,Q!=K=V,226,0.00385
COPY,Q!=K=V,227,0.00383
COPY,Q!=K=V,228,0.00380
COPY,Q!=K=V,229,0.00378
COPY,Q!=K=V,230,0.00375
COPY,Q!=K=V,231,0.00373
COPY,Q!=K=V,232,0.00372
COPY,Q!=K=V,233,0.00370
COPY,Q!=K=V,234,0.00367
COPY,Q!=K=V,235,0.00366
COPY,Q!=K=V,236,0.00362
COPY,Q!=K=V,237,0.00362
COPY,Q!=K=V,238,0.00360
COPY,Q!=K=V,239,0.00357
COPY,Q!=K=V,240,0.00355
COPY,Q!=K=V,241,0.00354
COPY,Q!=K=V,242,0.00353
COPY,Q!=K=V,243,0.00350
COPY,Q!=K=V,244,0.00349
COPY,Q!=K=V,245,0.00347
COPY,Q!=K=V,246,0.00345
COPY,Q!=K=V,247,0.00343
COPY,Q!=K=V,248,0.00341
COPY,Q!=K=V,249,0.00339
COPY,Q!=K=V,250,0.00338
COPY,Q!=K=V,251,0.00336
COPY,Q!=K=V,252,0.00334
COPY,Q!=K=V,253,0.00333
COPY,Q!=K=V,254,0.00330
COPY,Q!=K=V,255,0.00330
COPY,Q!=K=V,256,0.00328
COPY,Q!=K=V,257,0.00326
COPY,Q!=K=V,258,0.00325
COPY,Q!=K=V,259,0.00323
COPY,Q!=K=V,260,0.00321
COPY,Q!=K=V,261,0.00320
COPY,Q!=K=V,262,0.00318
COPY,Q!=K=V,263,0.00318
COPY,Q!=K=V,264,0.00316
COPY,Q!=K=V,265,0.00314
COPY,Q!=K=V,266,0.00313
COPY,Q!=K=V,267,0.00311
COPY,Q!=K=V,268,0.00310
COPY,Q!=K=V,269,0.00308
COPY,Q!=K=V,270,0.00307
COPY,Q!=K=V,271,0.00306
COPY,Q!=K=V,272,0.00304
COPY,Q!=K=V,273,0.00302
COPY,Q!=K=V,274,0.00301
COPY,Q!=K=V,275,0.00300
COPY,Q!=K=V,276,0.00298
COPY,Q!=K=V,277,0.00297
COPY,Q!=K=V,278,0.00296
COPY,Q!=K=V,279,0.00295
COPY,Q!=K=V,280,0.00294
COPY,Q!=K=V,281,0.00292
COPY,Q!=K=V,282,0.00291
COPY,Q!=K=V,283,0.00290
COPY,Q!=K=V,284,0.00288
COPY,Q!=K=V,285,0.00288
COPY,Q!=K=V,286,0.00286
COPY,Q!=K=V,287,0.00285
COPY,Q!=K=V,288,0.00284
COPY,Q!=K=V,289,0.00283
COPY,Q!=K=V,290,0.00281
COPY,Q!=K=V,291,0.00280
COPY,Q!=K=V,292,0.00279
COPY,Q!=K=V,293,0.00278
COPY,Q!=K=V,294,0.00277
COPY,Q!=K=V,295,0.00276
COPY,Q!=K=V,296,0.00274
COPY,Q!=K=V,297,0.00274
COPY,Q!=K=V,298,0.00272
COPY,Q!=K=V,299,0.00272
COPY,Q!=K=V,300,0.00270
COPY,Q!=K=V,301,0.00269
COPY,Q!=K=V,302,0.00267
COPY,Q!=K=V,303,0.00267
COPY,Q!=K=V,304,0.00266
COPY,Q!=K=V,305,0.00265
COPY,Q!=K=V,306,0.00264
COPY,Q!=K=V,307,0.00263
COPY,Q!=K=V,308,0.00262
COPY,Q!=K=V,309,0.00261
COPY,Q!=K=V,310,0.00260
COPY,Q!=K=V,311,0.00259
COPY,Q!=K=V,312,0.00258
COPY,Q!=K=V,313,0.00257
COPY,Q!=K=V,314,0.00256
COPY,Q!=K=V,315,0.00255
COPY,Q!=K=V,316,0.00254
COPY,Q!=K=V,317,0.00254
COPY,Q!=K=V,318,0.00252
COPY,Q!=K=V,319,0.00252
COPY,Q!=K=V,320,0.00251
COPY,Q!=K=V,321,0.00249
COPY,Q!=K=V,322,0.00248
COPY,Q!=K=V,323,0.00248
COPY,Q!=K=V,324,0.00247
COPY,Q!=K=V,325,0.00246
COPY,Q!=K=V,326,0.00245
COPY,Q!=K=V,327,0.00244
COPY,Q!=K=V,328,0.00244
COPY,Q!=K=V,329,0.00243
COPY,Q!=K=V,330,0.00242
COPY,Q!=K=V,331,0.00241
COPY,Q!=K=V,332,0.00240
COPY,Q!=K=V,333,0.00240
COPY,Q!=K=V,334,0.00238
COPY,Q!=K=V,335,0.00238
COPY,Q!=K=V,336,0.00237
COPY,Q!=K=V,337,0.00236
COPY,Q!=K=V,338,0.00236
COPY,Q!=K=V,339,0.00234
COPY,Q!=K=V,340,0.00234
COPY,Q!=K=V,341,0.00233
COPY,Q!=K=V,342,0.00232
COPY,Q!=K=V,343,0.00231
COPY,Q!=K=V,344,0.00231
COPY,Q!=K=V,345,0.00230
COPY,Q!=K=V,346,0.00229
COPY,Q!=K=V,347,0.00228
COPY,Q!=K=V,348,0.00228
COPY,Q!=K=V,349,0.00227
COPY,Q!=K=V,350,0.00227
COPY,Q!=K=V,351,0.00226
COPY,Q!=K=V,352,0.00225
COPY,Q!=K=V,353,0.00225
COPY,Q!=K=V,354,0.00224
COPY,Q!=K=V,355,0.00223
COPY,Q!=K=V,356,0.00222
COPY,Q!=K=V,357,0.00221
COPY,Q!=K=V,358,0.00221
COPY,Q!=K=V,359,0.00221
COPY,Q!=K=V,360,0.00220
COPY,Q!=K=V,361,0.00219
COPY,Q!=K=V,362,0.00219
COPY,Q!=K=V,363,0.00217
COPY,Q!=K=V,364,0.00217
COPY,Q!=K=V,365,0.00217
COPY,Q!=K=V,366,0.00216
COPY,Q!=K=V,367,0.00215
COPY,Q!=K=V,368,0.00215
COPY,Q!=K=V,369,0.00214
COPY,Q!=K=V,370,0.00213
COPY,Q!=K=V,371,0.00212
COPY,Q!=K=V,372,0.00212
COPY,Q!=K=V,373,0.00211
COPY,Q!=K=V,374,0.00211
COPY,Q!=K=V,375,0.00210
COPY,Q!=K=V,376,0.00210
COPY,Q!=K=V,377,0.00209
COPY,Q!=K=V,378,0.00208
COPY,Q!=K=V,379,0.00208
COPY,Q!=K=V,380,0.00207
COPY,Q!=K=V,381,0.00207
COPY,Q!=K=V,382,0.00207
COPY,Q!=K=V,383,0.00206
COPY,Q!=K=V,384,0.00205
COPY,Q!=K=V,385,0.00205
COPY,Q!=K=V,386,0.00204
COPY,Q!=K=V,387,0.00204
COPY,Q!=K=V,388,0.00203
COPY,Q!=K=V,389,0.00202
COPY,Q!=K=V,390,0.00202
COPY,Q!=K=V,391,0.00202
COPY,Q!=K=V,392,0.00201
COPY,Q!=K=V,393,0.00200
COPY,Q!=K=V,394,0.00200
COPY,Q!=K=V,395,0.00199
COPY,Q!=K=V,396,0.00199
COPY,Q!=K=V,397,0.00198
COPY,Q!=K=V,398,0.00198
COPY,Q!=K=V,399,0.00197
COPY,Q!=K=V,400,0.00197
COPY,Q!=K=V,401,0.00197
COPY,Q!=K=V,402,0.00196
COPY,Q!=K=V,403,0.00195
COPY,Q!=K=V,404,0.00195
COPY,Q!=K=V,405,0.00194
COPY,Q!=K=V,406,0.00194
COPY,Q!=K=V,407,0.00194
COPY,Q!=K=V,408,0.00193
COPY,Q!=K=V,409,0.00193
COPY,Q!=K=V,410,0.00192
COPY,Q!=K=V,411,0.00191
COPY,Q!=K=V,412,0.00191
COPY,Q!=K=V,413,0.00191
COPY,Q!=K=V,414,0.00191
COPY,Q!=K=V,415,0.00190
COPY,Q!=K=V,416,0.00189
COPY,Q!=K=V,417,0.00189
COPY,Q!=K=V,418,0.00189
COPY,Q!=K=V,419,0.00189
COPY,Q!=K=V,420,0.00188
COPY,Q!=K=V,421,0.00187
COPY,Q!=K=V,422,0.00187
COPY,Q!=K=V,423,0.00186
COPY,Q!=K=V,424,0.00187
COPY,Q!=K=V,425,0.00186
COPY,Q!=K=V,426,0.00185
COPY,Q!=K=V,427,0.00185
COPY,Q!=K=V,428,0.00185
COPY,Q!=K=V,429,0.00184
COPY,Q!=K=V,430,0.00184
COPY,Q!=K=V,431,0.00183
COPY,Q!=K=V,432,0.00183
COPY,Q!=K=V,433,0.00183
COPY,Q!=K=V,434,0.00182
COPY,Q!=K=V,435,0.00182
COPY,Q!=K=V,436,0.00181
COPY,Q!=K=V,437,0.00181
COPY,Q!=K=V,438,0.00181
COPY,Q!=K=V,439,0.00181
COPY,Q!=K=V,440,0.00180
COPY,Q!=K=V,441,0.00180
COPY,Q!=K=V,442,0.00179
COPY,Q!=K=V,443,0.00179
COPY,Q!=K=V,444,0.00179
COPY,Q!=K=V,445,0.00178
COPY,Q!=K=V,446,0.00178
COPY,Q!=K=V,447,0.00178
COPY,Q!=K=V,448,0.00177
COPY,Q!=K=V,449,0.00177
COPY,Q!=K=V,450,0.00177
COPY,Q!=K=V,451,0.00176
COPY,Q!=K=V,452,0.00176
COPY,Q!=K=V,453,0.00175
COPY,Q!=K=V,454,0.00175
COPY,Q!=K=V,455,0.00175
COPY,Q!=K=V,456,0.00174
COPY,Q!=K=V,457,0.00174
COPY,Q!=K=V,458,0.00174
COPY,Q!=K=V,459,0.00174
COPY,Q!=K=V,460,0.00173
COPY,Q!=K=V,461,0.00173
COPY,Q!=K=V,462,0.00173
COPY,Q!=K=V,463,0.00172
COPY,Q!=K=V,464,0.00172
COPY,Q!=K=V,465,0.00172
COPY,Q!=K=V,466,0.00172
COPY,Q!=K=V,467,0.00171
COPY,Q!=K=V,468,0.00171
COPY,Q!=K=V,469,0.00171
COPY,Q!=K=V,470,0.00170
COPY,Q!=K=V,471,0.00170
COPY,Q!=K=V,472,0.00170
COPY,Q!=K=V,473,0.00170
COPY,Q!=K=V,474,0.00169
COPY,Q!=K=V,475,0.00169
COPY,Q!=K=V,476,0.00169
COPY,Q!=K=V,477,0.00168
COPY,Q!=K=V,478,0.00168
COPY,Q!=K=V,479,0.00168
COPY,Q!=K=V,480,0.00168
COPY,Q!=K=V,481,0.00167
COPY,Q!=K=V,482,0.00167
COPY,Q!=K=V,483,0.00167
COPY,Q!=K=V,484,0.00167
COPY,Q!=K=V,485,0.00166
COPY,Q!=K=V,486,0.00166
COPY,Q!=K=V,487,0.00166
COPY,Q!=K=V,488,0.00165
COPY,Q!=K=V,489,0.00165
COPY,Q!=K=V,490,0.00165
COPY,Q!=K=V,491,0.00165
COPY,Q!=K=V,492,0.00164
COPY,Q!=K=V,493,0.00164
COPY,Q!=K=V,494,0.00164
COPY,Q!=K=V,495,0.00164
COPY,Q!=K=V,496,0.00163
COPY,Q!=K=V,497,0.00163
COPY,Q!=K=V,498,0.00163
COPY,Q!=K=V,499,0.00163
COPY,Q!=K=V,500,0.00162
COPY,Q!=K=V,501,0.00162
COPY,Q!=K=V,502,0.00162
COPY,Q!=K=V,503,0.00162
COPY,Q!=K=V,504,0.00161
COPY,Q!=K=V,505,0.00162
COPY,Q!=K=V,506,0.00161
COPY,Q!=K=V,507,0.00161
COPY,Q!=K=V,508,0.00161
COPY,Q!=K=V,509,0.00160
COPY,Q!=K=V,510,0.00160
COPY,Q!=K=V,511,0.00160
COPY,Q!=K=V,512,0.00160
COPY,Q!=K=V,513,0.00160
COPY,Q!=K=V,514,0.00160
COPY,Q!=K=V,515,0.00159
COPY,Q!=K=V,516,0.00159
COPY,Q!=K=V,517,0.00159
COPY,Q!=K=V,518,0.00159
COPY,Q!=K=V,519,0.00158
COPY,Q!=K=V,520,0.00158
COPY,Q!=K=V,521,0.00158
COPY,Q!=K=V,522,0.00158
COPY,Q!=K=V,523,0.00157
COPY,Q!=K=V,524,0.00158
COPY,Q!=K=V,525,0.00157
COPY,Q!=K=V,526,0.00157
COPY,Q!=K=V,527,0.00157
COPY,Q!=K=V,528,0.00157
COPY,Q!=K=V,529,0.00156
COPY,Q!=K=V,530,0.00156
COPY,Q!=K=V,531,0.00156
COPY,Q!=K=V,532,0.00156
COPY,Q!=K=V,533,0.00156
COPY,Q!=K=V,534,0.00155
COPY,Q!=K=V,535,0.00155
COPY,Q!=K=V,536,0.00155
COPY,Q!=K=V,537,0.00155
COPY,Q!=K=V,538,0.00155
COPY,Q!=K=V,539,0.00155
COPY,Q!=K=V,540,0.00154
COPY,Q!=K=V,541,0.00154
COPY,Q!=K=V,542,0.00154
COPY,Q!=K=V,543,0.00154
COPY,Q!=K=V,544,0.00154
COPY,Q!=K=V,545,0.00154
COPY,Q!=K=V,546,0.00154
COPY,Q!=K=V,547,0.00154
COPY,Q!=K=V,548,0.00153
COPY,Q!=K=V,549,0.00153
COPY,Q!=K=V,550,0.00153
COPY,Q!=K=V,551,0.00153
COPY,Q!=K=V,552,0.00153
COPY,Q!=K=V,553,0.00152
COPY,Q!=K=V,554,0.00152
COPY,Q!=K=V,555,0.00152
COPY,Q!=K=V,556,0.00152
COPY,Q!=K=V,557,0.00152
COPY,Q!=K=V,558,0.00152
COPY,Q!=K=V,559,0.00152
COPY,Q!=K=V,560,0.00151
COPY,Q!=K=V,561,0.00151
COPY,Q!=K=V,562,0.00151
COPY,Q!=K=V,563,0.00151
COPY,Q!=K=V,564,0.00151
COPY,Q!=K=V,565,0.00151
COPY,Q!=K=V,566,0.00151
COPY,Q!=K=V,567,0.00151
COPY,Q!=K=V,568,0.00150
COPY,Q!=K=V,569,0.00150
COPY,Q!=K=V,570,0.00150
COPY,Q!=K=V,571,0.00150
COPY,Q!=K=V,572,0.00150
COPY,Q!=K=V,573,0.00149
COPY,Q!=K=V,574,0.00149
COPY,Q!=K=V,575,0.00149
COPY,Q!=K=V,576,0.00149
COPY,Q!=K=V,577,0.00149
COPY,Q!=K=V,578,0.00149
COPY,Q!=K=V,579,0.00149
COPY,Q!=K=V,580,0.00149
COPY,Q!=K=V,581,0.00149
COPY,Q!=K=V,582,0.00148
COPY,Q!=K=V,583,0.00149
COPY,Q!=K=V,584,0.00148
COPY,Q!=K=V,585,0.00148
COPY,Q!=K=V,586,0.00148
COPY,Q!=K=V,587,0.00148
COPY,Q!=K=V,588,0.00148
COPY,Q!=K=V,589,0.00148
COPY,Q!=K=V,590,0.00148
COPY,Q!=K=V,591,0.00147
COPY,Q!=K=V,592,0.00147
COPY,Q!=K=V,593,0.00147
COPY,Q!=K=V,594,0.00147
COPY,Q!=K=V,595,0.00147
COPY,Q!=K=V,596,0.00147
COPY,Q!=K=V,597,0.00147
COPY,Q!=K=V,598,0.00147
COPY,Q!=K=V,599,0.00147
COPY,Q!=K=V,600,0.00147
COPY,Q!=K=V,601,0.00147
COPY,Q!=K=V,602,0.00146
COPY,Q!=K=V,603,0.00146
COPY,Q!=K=V,604,0.00146
COPY,Q!=K=V,605,0.00146
COPY,Q!=K=V,606,0.00146
COPY,Q!=K=V,607,0.00146
COPY,Q!=K=V,608,0.00146
COPY,Q!=K=V,609,0.00146
COPY,Q!=K=V,610,0.00146
COPY,Q!=K=V,611,0.00146
COPY,Q!=K=V,612,0.00146
COPY,Q!=K=V,613,0.00146
COPY,Q!=K=V,614,0.00145
COPY,Q!=K=V,615,0.00145
COPY,Q!=K=V,616,0.00145
COPY,Q!=K=V,617,0.00145
COPY,Q!=K=V,618,0.00145
COPY,Q!=K=V,619,0.00145
COPY,Q!=K=V,620,0.00145
COPY,Q!=K=V,621,0.00145
COPY,Q!=K=V,622,0.00145
COPY,Q!=K=V,623,0.00144
COPY,Q!=K=V,624,0.00144
COPY,Q!=K=V,625,0.00144
COPY,Q!=K=V,626,0.00145
COPY,Q!=K=V,627,0.00144
COPY,Q!=K=V,628,0.00145
COPY,Q!=K=V,629,0.00144
COPY,Q!=K=V,630,0.00144
COPY,Q!=K=V,631,0.00144
COPY,Q!=K=V,632,0.00144
COPY,Q!=K=V,633,0.00144
COPY,Q!=K=V,634,0.00144
COPY,Q!=K=V,635,0.00144
COPY,Q!=K=V,636,0.00144
COPY,Q!=K=V,637,0.00144
COPY,Q!=K=V,638,0.00144
COPY,Q!=K=V,639,0.00143
COPY,Q!=K=V,640,0.00143
COPY,Q!=K=V,641,0.00143
COPY,Q!=K=V,642,0.00143
COPY,Q!=K=V,643,0.00144
COPY,Q!=K=V,644,0.00143
COPY,Q!=K=V,645,0.00143
COPY,Q!=K=V,646,0.00143
COPY,Q!=K=V,647,0.00143
COPY,Q!=K=V,648,0.00143
COPY,Q!=K=V,649,0.00143
COPY,Q!=K=V,650,0.00143
COPY,Q!=K=V,651,0.00143
COPY,Q!=K=V,652,0.00143
COPY,Q!=K=V,653,0.00143
COPY,Q!=K=V,654,0.00143
COPY,Q!=K=V,655,0.00143
COPY,Q!=K=V,656,0.00143
COPY,Q!=K=V,657,0.00142
COPY,Q!=K=V,658,0.00142
COPY,Q!=K=V,659,0.00142
COPY,Q!=K=V,660,0.00142
COPY,Q!=K=V,661,0.00142
COPY,Q!=K=V,662,0.00142
COPY,Q!=K=V,663,0.00142
COPY,Q!=K=V,664,0.00142
COPY,Q!=K=V,665,0.00142
COPY,Q!=K=V,666,0.00142
COPY,Q!=K=V,667,0.00142
COPY,Q!=K=V,668,0.00142
COPY,Q!=K=V,669,0.00142
COPY,Q!=K=V,670,0.00142
COPY,Q!=K=V,671,0.00142
COPY,Q!=K=V,672,0.00142
COPY,Q!=K=V,673,0.00142
COPY,Q!=K=V,674,0.00142
COPY,Q!=K=V,675,0.00142
COPY,Q!=K=V,676,0.00142
COPY,Q!=K=V,677,0.00142
COPY,Q!=K=V,678,0.00142
COPY,Q!=K=V,679,0.00142
COPY,Q!=K=V,680,0.00142
COPY,Q!=K=V,681,0.00142
COPY,Q!=K=V,682,0.00142
COPY,Q!=K=V,683,0.00142
COPY,Q!=K=V,684,0.00141
COPY,Q!=K=V,685,0.00141
COPY,Q!=K=V,686,0.00141
COPY,Q!=K=V,687,0.00142
COPY,Q!=K=V,688,0.00141
COPY,Q!=K=V,689,0.00141
COPY,Q!=K=V,690,0.00141
COPY,Q!=K=V,691,0.00141
COPY,Q!=K=V,692,0.00141
COPY,Q!=K=V,693,0.00141
COPY,Q!=K=V,694,0.00141
COPY,Q!=K=V,695,0.00141
COPY,Q!=K=V,696,0.00141
COPY,Q!=K=V,697,0.00141
COPY,Q!=K=V,698,0.00141
COPY,Q!=K=V,699,0.00141
COPY,Q!=K=V,700,0.00141
COPY,Q!=K=V,701,0.00141
COPY,Q!=K=V,702,0.00141
COPY,Q!=K=V,703,0.00141
COPY,Q!=K=V,704,0.00141
COPY,Q!=K=V,705,0.00141
COPY,Q!=K=V,706,0.00141
COPY,Q!=K=V,707,0.00141
COPY,Q!=K=V,708,0.00141
COPY,Q!=K=V,709,0.00141
COPY,Q!=K=V,710,0.00141
COPY,Q!=K=V,711,0.00141
COPY,Q!=K=V,712,0.00141
COPY,Q!=K=V,713,0.00141
COPY,Q!=K=V,714,0.00141
COPY,Q!=K=V,715,0.00141
COPY,Q!=K=V,716,0.00140
COPY,Q!=K=V,717,0.00141
COPY,Q!=K=V,718,0.00141
COPY,Q!=K=V,719,0.00141
COPY,Q!=K=V,720,0.00140
COPY,Q!=K=V,721,0.00140
COPY,Q!=K=V,722,0.00140
COPY,Q!=K=V,723,0.00140
COPY,Q!=K=V,724,0.00141
COPY,Q!=K=V,725,0.00141
COPY,Q!=K=V,726,0.00140
COPY,Q!=K=V,727,0.00141
COPY,Q!=K=V,728,0.00140
COPY,Q!=K=V,729,0.00141
COPY,Q!=K=V,730,0.00141
COPY,Q!=K=V,731,0.00140
COPY,Q!=K=V,732,0.00140
COPY,Q!=K=V,733,0.00140
COPY,Q!=K=V,734,0.00141
COPY,Q!=K=V,735,0.00140
COPY,Q!=K=V,736,0.00140
COPY,Q!=K=V,737,0.00140
COPY,Q!=K=V,738,0.00140
COPY,Q!=K=V,739,0.00140
COPY,Q!=K=V,740,0.00140
COPY,Q!=K=V,741,0.00140
COPY,Q!=K=V,742,0.00140
COPY,Q!=K=V,743,0.00140
COPY,Q!=K=V,744,0.00140
COPY,Q!=K=V,745,0.00140
COPY,Q!=K=V,746,0.00140
COPY,Q!=K=V,747,0.00141
COPY,Q!=K=V,748,0.00140
COPY,Q!=K=V,749,0.00140
COPY,Q!=K=V,750,0.00140
COPY,Q!=K=V,751,0.00140
COPY,Q!=K=V,752,0.00140
COPY,Q!=K=V,753,0.00140
COPY,Q!=K=V,754,0.00140
COPY,Q!=K=V,755,0.00140
COPY,Q!=K=V,756,0.00140
COPY,Q!=K=V,757,0.00140
COPY,Q!=K=V,758,0.00141
COPY,Q!=K=V,759,0.00140
COPY,Q!=K=V,760,0.00140
COPY,Q!=K=V,761,0.00140
COPY,Q!=K=V,762,0.00140
COPY,Q!=K=V,763,0.00140
COPY,Q!=K=V,764,0.00140
COPY,Q!=K=V,765,0.00140
COPY,Q!=K=V,766,0.00140
COPY,Q!=K=V,767,0.00141
COPY,Q!=K=V,768,0.00140
COPY,Q!=K=V,769,0.00141
COPY,Q!=K=V,770,0.00140
COPY,Q!=K=V,771,0.00140
COPY,Q!=K=V,772,0.00140
COPY,Q!=K=V,773,0.00140
COPY,Q!=K=V,774,0.00140
COPY,Q!=K=V,775,0.00140
COPY,Q!=K=V,776,0.00140
COPY,Q!=K=V,777,0.00140
COPY,Q!=K=V,778,0.00140
COPY,Q!=K=V,779,0.00140
COPY,Q!=K=V,780,0.00140
COPY,Q!=K=V,781,0.00140
COPY,Q!=K=V,782,0.00140
COPY,Q!=K=V,783,0.00140
COPY,Q!=K=V,784,0.00140
COPY,Q!=K=V,785,0.00140
COPY,Q!=K=V,786,0.00140
COPY,Q!=K=V,787,0.00140
COPY,Q!=K=V,788,0.00140
COPY,Q!=K=V,789,0.00140
COPY,Q=K=V,0,2.47248
COPY,Q=K=V,1,2.47629
COPY,Q=K=V,2,2.46538
COPY,Q=K=V,3,2.46150
COPY,Q=K=V,4,2.45136
COPY,Q=K=V,5,2.44461
COPY,Q=K=V,6,2.43627
COPY,Q=K=V,7,2.42170
COPY,Q=K=V,8,2.41216
COPY,Q=K=V,9,2.39487
COPY,Q=K=V,10,2.37591
COPY,Q=K=V,11,2.35603
COPY,Q=K=V,12,2.34352
COPY,Q=K=V,13,2.32081
COPY,Q=K=V,14,2.30154
COPY,Q=K=V,15,2.28204
COPY,Q=K=V,16,2.26347
COPY,Q=K=V,17,2.23997
COPY,Q=K=V,18,2.21346
COPY,Q=K=V,19,2.18556
COPY,Q=K=V,20,2.16503
COPY,Q=K=V,21,2.13236
COPY,Q=K=V,22,2.11036
COPY,Q=K=V,23,2.07378
COPY,Q=K=V,24,2.04522
COPY,Q=K=V,25,2.01066
COPY,Q=K=V,26,1.97897
COPY,Q=K=V,27,1.93558
COPY,Q=K=V,28,1.89829
COPY,Q=K=V,29,1.85675
COPY,Q=K=V,30,1.81470
COPY,Q=K=V,31,1.76178
COPY,Q=K=V,32,1.70962
COPY,Q=K=V,33,1.65479
COPY,Q=K=V,34,1.60252
COPY,Q=K=V,35,1.54303
COPY,Q=K=V,36,1.47388
COPY,Q=K=V,37,1.40046
COPY,Q=K=V,38,1.32354
COPY,Q=K=V,39,1.25185
COPY,Q=K=V,40,1.16691
COPY,Q=K=V,41,1.09401
COPY,Q=K=V,42,1.01692
COPY,Q=K=V,43,0.93286
COPY,Q=K=V,44,0.86073
COPY,Q=K=V,45,0.78315
COPY,Q=K=V,46,0.71394
COPY,Q=K=V,47,0.64516
COPY,Q=K=V,48,0.58480
COPY,Q=K=V,49,0.52041
COPY,Q=K=V,50,0.46651
COPY,Q=K=V,51,0.41785
COPY,Q=K=V,52,0.36879
COPY,Q=K=V,53,0.33179
COPY,Q=K=V,54,0.28919
COPY,Q=K=V,55,0.25487
COPY,Q=K=V,56,0.22471
COPY,Q=K=V,57,0.19797
COPY,Q=K=V,58,0.17446
COPY,Q=K=V,59,0.15328
COPY,Q=K=V,60,0.13477
COPY,Q=K=V,61,0.12005
COPY,Q=K=V,62,0.10592
COPY,Q=K=V,63,0.09451
COPY,Q=K=V,64,0.08400
COPY,Q=K=V,65,0.07569
COPY,Q=K=V,66,0.06854
COPY,Q=K=V,67,0.06280
COPY,Q=K=V,68,0.05744
COPY,Q=K=V,69,0.05294
COPY,Q=K=V,70,0.04857
COPY,Q=K=V,71,0.04537
COPY,Q=K=V,72,0.04221
COPY,Q=K=V,73,0.03925
COPY,Q=K=V,74,0.03666
COPY,Q=K=V,75,0.03472
COPY,Q=K=V,76,0.03229
COPY,Q=K=V,77,0.03045
COPY,Q=K=V,78,0.02917
COPY,Q=K=V,79,0.02757
COPY,Q=K=V,80,0.02597
COPY,Q=K=V,81,0.02472
COPY,Q=K=V,82,0.02372
COPY,Q=K=V,83,0.02260
COPY,Q=K=V,84,0.02180
COPY,Q=K=V,85,0.02089
COPY,Q=K=V,86,0.01996
COPY,Q=K=V,87,0.01931
COPY,Q=K=V,88,0.01853
COPY,Q=K=V,89,0.01806
COPY,Q=K=V,90,0.01752
COPY,Q=K=V,91,0.01677
COPY,Q=K=V,92,0.01638
COPY,Q=K=V,93,0.01582
COPY,Q=K=V,94,0.01546
COPY,Q=K=V,95,0.01497
COPY,Q=K=V,96,0.01451
COPY,Q=K=V,97,0.01422
COPY,Q=K=V,98,0.01394
COPY,Q=K=V,99,0.01354
COPY,Q=K=V,100,0.01325
COPY,Q=K=V,101,0.01297
COPY,Q=K=V,102,0.01273
COPY,Q=K=V,103,0.01240
COPY,Q=K=V,104,0.01214
COPY,Q=K=V,105,0.01195
COPY,Q=K=V,106,0.01176
COPY,Q=K=V,107,0.01147
COPY,Q=K=V,108,0.01131
COPY,Q=K=V,109,0.01107
COPY,Q=K=V,110,0.01101
COPY,Q=K=V,111,0.01070
COPY,Q=K=V,112,0.01057
COPY,Q=K=V,113,0.01036
COPY,Q=K=V,114,0.01022
COPY,Q=K=V,115,0.01009
COPY,Q=K=V,116,0.00994
COPY,Q=K=V,117,0.00979
COPY,Q=K=V,118,0.00961
COPY,Q=K=V,119,0.00949
COPY,Q=K=V,120,0.00936
COPY,Q=K=V,121,0.00922
COPY,Q=K=V,122,0.00907
COPY,Q=K=V,123,0.00894
COPY,Q=K=V,124,0.00886
COPY,Q=K=V,125,0.00875
COPY,Q=K=V,126,0.00863
COPY,Q=K=V,127,0.00849
COPY,Q=K=V,128,0.00844
COPY,Q=K=V,129,0.00829
COPY,Q=K=V,130,0.00825
COPY,Q=K=V,131,0.00814
COPY,Q=K=V,132,0.00803
COPY,Q=K=V,133,0.00794
COPY,Q=K=V,134,0.00781
COPY,Q=K=V,135,0.00776
COPY,Q=K=V,136,0.00766
COPY,Q=K=V,137,0.00760
COPY,Q=K=V,138,0.00749
COPY,Q=K=V,139,0.00739
COPY,Q=K=V,140,0.00733
COPY,Q=K=V,141,0.00725
COPY,Q=K=V,142,0.00716
COPY,Q=K=V,143,0.00713
COPY,Q=K=V,144,0.00702
COPY,Q=K=V,145,0.00695
COPY,Q=K=V,146,0.00687
COPY,Q=K=V,147,0.00684
COPY,Q=K=V,148,0.00676
COPY,Q=K=V,149,0.00669
COPY,Q=K=V,150,0.00664
COPY,Q=K=V,151,0.00660
COPY,Q=K=V,152,0.00647
COPY,Q=K=V,153,0.00645
COPY,Q=K=V,154,0.00636
COPY,Q=K=V,155,0.00632
COPY,Q=K=V,156,0.00624
COPY,Q=K=V,157,0.00618
COPY,Q=K=V,158,0.00613
COPY,Q=K=V,159,0.00608
COPY,Q=K=V,160,0.00605
COPY,Q=K=V,161,0.00599
COPY,Q=K=V,162,0.00594
COPY,Q=K=V,163,0.00585
COPY,Q=K=V,164,0.00583
COPY,Q=K=V,165,0.00578
COPY,Q=K=V,166,0.00572
COPY,Q=K=V,167,0.00570
COPY,Q=K=V,168,0.00563
COPY,Q=K=V,169,0.00557
COPY,Q=K=V,170,0.00553
COPY,Q=K=V,171,0.00550
COPY,Q=K=V,172,0.00544
COPY,Q=K=V,173,0.00541
COPY,Q=K=V,174,0.00537
COPY,Q=K=V,175,0.00532
COPY,Q=K=V,176,0.00526
COPY,Q=K=V,177,0.00521
COPY,Q=K=V,178,0.00519
COPY,Q=K=V,179,0.00515
COPY,Q=K=V,180,0.00510
COPY,Q=K=V,181,0.00507
COPY,Q=K=V,182,0.00502
COPY,Q=K=V,183,0.00499
COPY,Q=K=V,184,0.00495
COPY,Q=K=V,185,0.00492
COPY,Q=K=V,186,0.00489
COPY,Q=K=V,187,0.00487
COPY,Q=K=V,188,0.00479
COPY,Q=K=V,189,0.00478
COPY,Q=K=V,190,0.00475
COPY,Q=K=V,191,0.00471
COPY,Q=K=V,192,0.00467
COPY,Q=K=V,193,0.00464
COPY,Q=K=V,194,0.00461
COPY,Q=K=V,195,0.00458
COPY,Q=K=V,196,0.00454
COPY,Q=K=V,197,0.00451
COPY,Q=K=V,198,0.00449
COPY,Q=K=V,199,0.00444
COPY,Q=K=V,200,0.00442
COPY,Q=K=V,201,0.00438
COPY,Q=K=V,202,0.00437
COPY,Q=K=V,203,0.00433
COPY,Q=K=V,204,0.00429
COPY,Q=K=V,205,0.00427
COPY,Q=K=V,206,0.00422
COPY,Q=K=V,207,0.00421
COPY,Q=K=V,208,0.00419
COPY,Q=K=V,209,0.00417
COPY,Q=K=V,210,0.00415
COPY,Q=K=V,211,0.00410
COPY,Q=K=V,212,0.00409
COPY,Q=K=V,213,0.00406
COPY,Q=K=V,214,0.00403
COPY,Q=K=V,215,0.00401
COPY,Q=K=V,216,0.00398
COPY,Q=K=V,217,0.00396
COPY,Q=K=V,218,0.00394
COPY,Q=K=V,219,0.00390
COPY,Q=K=V,220,0.00387
COPY,Q=K=V,221,0.00386
COPY,Q=K=V,222,0.00385
COPY,Q=K=V,223,0.00381
COPY,Q=K=V,224,0.00378
COPY,Q=K=V,225,0.00376
COPY,Q=K=V,226,0.00375
COPY,Q=K=V,227,0.00372
COPY,Q=K=V,228,0.00370
COPY,Q=K=V,229,0.00369
COPY,Q=K=V,230,0.00367
COPY,Q=K=V,231,0.00363
COPY,Q=K=V,232,0.00363
COPY,Q=K=V,233,0.00360
COPY,Q=K=V,234,0.00358
COPY,Q=K=V,235,0.00355
COPY,Q=K=V,236,0.00352
COPY,Q=K=V,237,0.00351
COPY,Q=K=V,238,0.00349
COPY,Q=K=V,239,0.00347
COPY,Q=K=V,240,0.00345
COPY,Q=K=V,241,0.00344
COPY,Q=K=V,242,0.00342
COPY,Q=K=V,243,0.00340
COPY,Q=K=V,244,0.00339
COPY,Q=K=V,245,0.00336
COPY,Q=K=V,246,0.00335
COPY,Q=K=V,247,0.00334
COPY,Q=K=V,248,0.00332
COPY,Q=K=V,249,0.00330
COPY,Q=K=V,250,0.00329
COPY,Q=K=V,251,0.00326
COPY,Q=K=V,252,0.00325
COPY,Q=K=V,253,0.00323
COPY,Q=K=V,254,0.00322
COPY,Q=K=V,255,0.00320
COPY,Q=K=V,256,0.00318
COPY,Q=K=V,257,0.00317
COPY,Q=K=V,258,0.00316
COPY,Q=K=V,259,0.00314
COPY,Q=K=V,260,0.00311
COPY,Q=K=V,261,0.00311
COPY,Q=K=V,262,0.00309
COPY,Q=K=V,263,0.00307
COPY,Q=K=V,264,0.00305
COPY,Q=K=V,265,0.00305
COPY,Q=K=V,266,0.00303
COPY,Q=K=V,267,0.00301
COPY,Q=K=V,268,0.00300
COPY,Q=K=V,269,0.00300
COPY,Q=K=V,270,0.00298
COPY,Q=K=V,271,0.00295
COPY,Q=K=V,272,0.00294
COPY,Q=K=V,273,0.00293
COPY,Q=K=V,274,0.00292
COPY,Q=K=V,275,0.00290
COPY,Q=K=V,276,0.00289
COPY,Q=K=V,277,0.00287
COPY,Q=K=V,278,0.00287
COPY,Q=K=V,279,0.00286
COPY,Q=K=V,280,0.00284
COPY,Q=K=V,281,0.00283
COPY,Q=K=V,282,0.00281
COPY,Q=K=V,283,0.00281
COPY,Q=K=V,284,0.00279
COPY,Q=K=V,285,0.00278
COPY,Q=K=V,286,0.00276
COPY,Q=K=V,287,0.00275
COPY,Q=K=V,288,0.00275
COPY,Q=K=V,289,0.00274
COPY,Q=K=V,290,0.00272
COPY,Q=K=V,291,0.00270
COPY,Q=K=V,292,0.00269
COPY,Q=K=V,293,0.00269
COPY,Q=K=V,294,0.00267
COPY,Q=K=V,295,0.00266
COPY,Q=K=V,296,0.00265
COPY,Q=K=V,297,0.00264
COPY,Q=K=V,298,0.00263
COPY,Q=K=V,299,0.00262
COPY,Q=K=V,300,0.00260
COPY,Q=K=V,301,0.00260
COPY,Q=K=V,302,0.00258
COPY,Q=K=V,303,0.00257
COPY,Q=K=V,304,0.00256
COPY,Q=K=V,305,0.00255
COPY,Q=K=V,306,0.00255
COPY,Q=K=V,307,0.00253
COPY,Q=K=V,308,0.00252
COPY,Q=K=V,309,0.00251
COPY,Q=K=V,310,0.00251
COPY,Q=K=V,311,0.00250
COPY,Q=K=V,312,0.00249
COPY,Q=K=V,313,0.00248
COPY,Q=K=V,314,0.00247
COPY,Q=K=V,315,0.00245
COPY,Q=K=V,316,0.00245
COPY,Q=K=V,317,0.00244
COPY,Q=K=V,318,0.00243
COPY,Q=K=V,319,0.00242
COPY,Q=K=V,320,0.00241
COPY,Q=K=V,321,0.00240
COPY,Q=K=V,322,0.00240
COPY,Q=K=V,323,0.00238
COPY,Q=K=V,324,0.00238
COPY,Q=K=V,325,0.00237
COPY,Q=K=V,326,0.00236
COPY,Q=K=V,327,0.00235
COPY,Q=K=V,328,0.00235
COPY,Q=K=V,329,0.00234
COPY,Q=K=V,330,0.00232
COPY,Q=K=V,331,0.00231
COPY,Q=K=V,332,0.00231
COPY,Q=K=V,333,0.00231
COPY,Q=K=V,334,0.00230
COPY,Q=K=V,335,0.00229
COPY,Q=K=V,336,0.00228
COPY,Q=K=V,337,0.00227
COPY,Q=K=V,338,0.00228
COPY,Q=K=V,339,0.00225
COPY,Q=K=V,340,0.00225
COPY,Q=K=V,341,0.00224
COPY,Q=K=V,342,0.00223
COPY,Q=K=V,343,0.00223
COPY,Q=K=V,344,0.00222
COPY,Q=K=V,345,0.00221
COPY,Q=K=V,346,0.00220
COPY,Q=K=V,347,0.00220
COPY,Q=K=V,348,0.00219
COPY,Q=K=V,349,0.00219
COPY,Q=K=V,350,0.00218
COPY,Q=K=V,351,0.00217
COPY,Q=K=V,352,0.00216
COPY,Q=K=V,353,0.00216
COPY,Q=K=V,354,0.00215
COPY,Q=K=V,355,0.00214
COPY,Q=K=V,356,0.00213
COPY,Q=K=V,357,0.00213
COPY,Q=K=V,358,0.00212
COPY,Q=K=V,359,0.00212
COPY,Q=K=V,360,0.00211
COPY,Q=K=V,361,0.00211
COPY,Q=K=V,362,0.00210
COPY,Q=K=V,363,0.00209
COPY,Q=K=V,364,0.00208
COPY,Q=K=V,365,0.00207
COPY,Q=K=V,366,0.00208
COPY,Q=K=V,367,0.00206
COPY,Q=K=V,368,0.00207
COPY,Q=K=V,369,0.00206
COPY,Q=K=V,370,0.00205
COPY,Q=K=V,371,0.00204
COPY,Q=K=V,372,0.00203
COPY,Q=K=V,373,0.00203
COPY,Q=K=V,374,0.00202
COPY,Q=K=V,375,0.00202
COPY,Q=K=V,376,0.00202
COPY,Q=K=V,377,0.00200
COPY,Q=K=V,378,0.00200
COPY,Q=K=V,379,0.00199
COPY,Q=K=V,380,0.00200
COPY,Q=K=V,381,0.00198
COPY,Q=K=V,382,0.00199
COPY,Q=K=V,383,0.00197
COPY,Q=K=V,384,0.00197
COPY,Q=K=V,385,0.00197
COPY,Q=K=V,386,0.00196
COPY,Q=K=V,387,0.00195
COPY,Q=K=V,388,0.00195
COPY,Q=K=V,389,0.00194
COPY,Q=K=V,390,0.00194
COPY,Q=K=V,391,0.00194
COPY,Q=K=V,392,0.00193
COPY,Q=K=V,393,0.00192
COPY,Q=K=V,394,0.00192
COPY,Q=K=V,395,0.00191
COPY,Q=K=V,396,0.00191
COPY,Q=K=V,397,0.00190
COPY,Q=K=V,398,0.00190
COPY,Q=K=V,399,0.00189
COPY,Q=K=V,400,0.00189
COPY,Q=K=V,401,0.00189
COPY,Q=K=V,402,0.00188
COPY,Q=K=V,403,0.00188
COPY,Q=K=V,404,0.00187
COPY,Q=K=V,405,0.00187
COPY,Q=K=V,406,0.00186
COPY,Q=K=V,407,0.00186
COPY,Q=K=V,408,0.00185
COPY,Q=K=V,409,0.00185
COPY,Q=K=V,410,0.00184
COPY,Q=K=V,411,0.00184
COPY,Q=K=V,412,0.00183
COPY,Q=K=V,413,0.00183
COPY,Q=K=V,414,0.00183
COPY,Q=K=V,415,0.00182
COPY,Q=K=V,416,0.00182
COPY,Q=K=V,417,0.00181
COPY,Q=K=V,418,0.00181
COPY,Q=K=V,419,0.00181
COPY,Q=K=V,420,0.00180
COPY,Q=K=V,421,0.00179
COPY,Q=K=V,422,0.00179
COPY,Q=K=V,423,0.00178
COPY,Q=K=V,424,0.00178
COPY,Q=K=V,425,0.00178
COPY,Q=K=V,426,0.00178
COPY,Q=K=V,427,0.00178
COPY,Q=K=V,428,0.00177
COPY,Q=K=V,429,0.00177
COPY,Q=K=V,430,0.00176
COPY,Q=K=V,431,0.00176
COPY,Q=K=V,432,0.00175
COPY,Q=K=V,433,0.00175
COPY,Q=K=V,434,0.00175
COPY,Q=K=V,435,0.00175
COPY,Q=K=V,436,0.00174
COPY,Q=K=V,437,0.00173
COPY,Q=K=V,438,0.00173
COPY,Q=K=V,439,0.00173
COPY,Q=K=V,440,0.00172
COPY,Q=K=V,441,0.00172
COPY,Q=K=V,442,0.00172
COPY,Q=K=V,443,0.00171
COPY,Q=K=V,444,0.00171
COPY,Q=K=V,445,0.00170
COPY,Q=K=V,446,0.00170
COPY,Q=K=V,447,0.00170
COPY,Q=K=V,448,0.00170
COPY,Q=K=V,449,0.00169
COPY,Q=K=V,450,0.00169
COPY,Q=K=V,451,0.00169
COPY,Q=K=V,452,0.00168
COPY,Q=K=V,453,0.00168
COPY,Q=K=V,454,0.00168
COPY,Q=K=V,455,0.00167
COPY,Q=K=V,456,0.00167
COPY,Q=K=V,457,0.00167
COPY,Q=K=V,458,0.00167
COPY,Q=K=V,459,0.00166
COPY,Q=K=V,460,0.00166
COPY,Q=K=V,461,0.00166
COPY,Q=K=V,462,0.00166
COPY,Q=K=V,463,0.00165
COPY,Q=K=V,464,0.00165
COPY,Q=K=V,465,0.00164
COPY,Q=K=V,466,0.00164
COPY,Q=K=V,467,0.00164
COPY,Q=K=V,468,0.00164
COPY,Q=K=V,469,0.00164
COPY,Q=K=V,470,0.00163
COPY,Q=K=V,471,0.00163
COPY,Q=K=V,472,0.00162
COPY,Q=K=V,473,0.00163
COPY,Q=K=V,474,0.00162
COPY,Q=K=V,475,0.00161
COPY,Q=K=V,476,0.00161
COPY,Q=K=V,477,0.00161
COPY,Q=K=V,478,0.00161
COPY,Q=K=V,479,0.00161
COPY,Q=K=V,480,0.00160
COPY,Q=K=V,481,0.00160
COPY,Q=K=V,482,0.00160
COPY,Q=K=V,483,0.00159
COPY,Q=K=V,484,0.00159
COPY,Q=K=V,485,0.00159
COPY,Q=K=V,486,0.00159
COPY,Q=K=V,487,0.00159
COPY,Q=K=V,488,0.00158
COPY,Q=K=V,489,0.00158
COPY,Q=K=V,490,0.00158
COPY,Q=K=V,491,0.00158
COPY,Q=K=V,492,0.00157
COPY,Q=K=V,493,0.00157
COPY,Q=K=V,494,0.00157
COPY,Q=K=V,495,0.00157
COPY,Q=K=V,496,0.00157
COPY,Q=K=V,497,0.00156
COPY,Q=K=V,498,0.00156
COPY,Q=K=V,499,0.00156
COPY,Q=K=V,500,0.00156
COPY,Q=K=V,501,0.00156
COPY,Q=K=V,502,0.00155
COPY,Q=K=V,503,0.00155
COPY,Q=K=V,504,0.00155
COPY,Q=K=V,505,0.00154
COPY,Q=K=V,506,0.00154
COPY,Q=K=V,507,0.00154
COPY,Q=K=V,508,0.00154
COPY,Q=K=V,509,0.00154
COPY,Q=K=V,510,0.00153
COPY,Q=K=V,511,0.00153
COPY,Q=K=V,512,0.00153
COPY,Q=K=V,513,0.00153
COPY,Q=K=V,514,0.00152
COPY,Q=K=V,515,0.00152
COPY,Q=K=V,516,0.00152
COPY,Q=K=V,517,0.00152
COPY,Q=K=V,518,0.00152
COPY,Q=K=V,519,0.00152
COPY,Q=K=V,520,0.00151
COPY,Q=K=V,521,0.00151
COPY,Q=K=V,522,0.00151
COPY,Q=K=V,523,0.00151
COPY,Q=K=V,524,0.00150
COPY,Q=K=V,525,0.00151
COPY,Q=K=V,526,0.00150
COPY,Q=K=V,527,0.00150
COPY,Q=K=V,528,0.00150
COPY,Q=K=V,529,0.00149
COPY,Q=K=V,530,0.00150
COPY,Q=K=V,531,0.00149
COPY,Q=K=V,532,0.00149
COPY,Q=K=V,533,0.00149
COPY,Q=K=V,534,0.00149
COPY,Q=K=V,535,0.00149
COPY,Q=K=V,536,0.00148
COPY,Q=K=V,537,0.00148
COPY,Q=K=V,538,0.00148
COPY,Q=K=V,539,0.00148
COPY,Q=K=V,540,0.00148
COPY,Q=K=V,541,0.00147
COPY,Q=K=V,542,0.00147
COPY,Q=K=V,543,0.00147
COPY,Q=K=V,544,0.00147
COPY,Q=K=V,545,0.00147
COPY,Q=K=V,546,0.00147
COPY,Q=K=V,547,0.00147
COPY,Q=K=V,548,0.00147
COPY,Q=K=V,549,0.00146
COPY,Q=K=V,550,0.00146
COPY,Q=K=V,551,0.00146
COPY,Q=K=V,552,0.00146
COPY,Q=K=V,553,0.00146
COPY,Q=K=V,554,0.00146
COPY,Q=K=V,555,0.00145
COPY,Q=K=V,556,0.00146
COPY,Q=K=V,557,0.00145
COPY,Q=K=V,558,0.00145
COPY,Q=K=V,559,0.00145
COPY,Q=K=V,560,0.00145
COPY,Q=K=V,561,0.00145
COPY,Q=K=V,562,0.00145
COPY,Q=K=V,563,0.00144
COPY,Q=K=V,564,0.00144
COPY,Q=K=V,565,0.00144
COPY,Q=K=V,566,0.00144
COPY,Q=K=V,567,0.00144
COPY,Q=K=V,568,0.00144
COPY,Q=K=V,569,0.00144
COPY,Q=K=V,570,0.00143
COPY,Q=K=V,571,0.00144
COPY,Q=K=V,572,0.00143
COPY,Q=K=V,573,0.00143
COPY,Q=K=V,574,0.00143
COPY,Q=K=V,575,0.00143
COPY,Q=K=V,576,0.00143
COPY,Q=K=V,577,0.00143
COPY,Q=K=V,578,0.00143
COPY,Q=K=V,579,0.00142
COPY,Q=K=V,580,0.00142
COPY,Q=K=V,581,0.00142
COPY,Q=K=V,582,0.00142
COPY,Q=K=V,583,0.00142
COPY,Q=K=V,584,0.00142
COPY,Q=K=V,585,0.00142
COPY,Q=K=V,586,0.00141
COPY,Q=K=V,587,0.00142
COPY,Q=K=V,588,0.00141
COPY,Q=K=V,589,0.00141
COPY,Q=K=V,590,0.00141
COPY,Q=K=V,591,0.00141
COPY,Q=K=V,592,0.00141
COPY,Q=K=V,593,0.00141
COPY,Q=K=V,594,0.00141
COPY,Q=K=V,595,0.00141
COPY,Q=K=V,596,0.00141
COPY,Q=K=V,597,0.00140
COPY,Q=K=V,598,0.00140
COPY,Q=K=V,599,0.00140
COPY,Q=K=V,600,0.00140
COPY,Q=K=V,601,0.00140
COPY,Q=K=V,602,0.00140
COPY,Q=K=V,603,0.00140
COPY,Q=K=V,604,0.00140
COPY,Q=K=V,605,0.00140
COPY,Q=K=V,606,0.00140
COPY,Q=K=V,607,0.00140
COPY,Q=K=V,608,0.00139
COPY,Q=K=V,609,0.00139
COPY,Q=K=V,610,0.00139
COPY,Q=K=V,611,0.00140
COPY,Q=K=V,612,0.00139
COPY,Q=K=V,613,0.00139
COPY,Q=K=V,614,0.00139
COPY,Q=K=V,615,0.00139
COPY,Q=K=V,616,0.00139
COPY,Q=K=V,617,0.00138
COPY,Q=K=V,618,0.00139
COPY,Q=K=V,619,0.00139
COPY,Q=K=V,620,0.00138
COPY,Q=K=V,621,0.00138
COPY,Q=K=V,622,0.00138
COPY,Q=K=V,623,0.00138
COPY,Q=K=V,624,0.00138
COPY,Q=K=V,625,0.00138
COPY,Q=K=V,626,0.00138
COPY,Q=K=V,627,0.00138
COPY,Q=K=V,628,0.00138
COPY,Q=K=V,629,0.00138
COPY,Q=K=V,630,0.00138
COPY,Q=K=V,631,0.00138
COPY,Q=K=V,632,0.00137
COPY,Q=K=V,633,0.00138
COPY,Q=K=V,634,0.00137
COPY,Q=K=V,635,0.00138
COPY,Q=K=V,636,0.00137
COPY,Q=K=V,637,0.00137
COPY,Q=K=V,638,0.00137
COPY,Q=K=V,639,0.00137
COPY,Q=K=V,640,0.00137
COPY,Q=K=V,641,0.00137
COPY,Q=K=V,642,0.00137
COPY,Q=K=V,643,0.00137
COPY,Q=K=V,644,0.00137
COPY,Q=K=V,645,0.00137
COPY,Q=K=V,646,0.00137
COPY,Q=K=V,647,0.00137
COPY,Q=K=V,648,0.00137
COPY,Q=K=V,649,0.00137
COPY,Q=K=V,650,0.00136
COPY,Q=K=V,651,0.00137
COPY,Q=K=V,652,0.00136
COPY,Q=K=V,653,0.00136
COPY,Q=K=V,654,0.00136
COPY,Q=K=V,655,0.00136
COPY,Q=K=V,656,0.00136
COPY,Q=K=V,657,0.00136
COPY,Q=K=V,658,0.00136
COPY,Q=K=V,659,0.00136
COPY,Q=K=V,660,0.00136
COPY,Q=K=V,661,0.00136
COPY,Q=K=V,662,0.00136
COPY,Q=K=V,663,0.00136
COPY,Q=K=V,664,0.00136
COPY,Q=K=V,665,0.00136
COPY,Q=K=V,666,0.00136
COPY,Q=K=V,667,0.00136
COPY,Q=K=V,668,0.00136
COPY,Q=K=V,669,0.00136
COPY,Q=K=V,670,0.00135
COPY,Q=K=V,671,0.00135
COPY,Q=K=V,672,0.00135
COPY,Q=K=V,673,0.00135
COPY,Q=K=V,674,0.00135
COPY,Q=K=V,675,0.00135
COPY,Q=K=V,676,0.00136
COPY,Q=K=V,677,0.00135
COPY,Q=K=V,678,0.00135
COPY,Q=K=V,679,0.00135
COPY,Q=K=V,680,0.00135
COPY,Q=K=V,681,0.00135
COPY,Q=K=V,682,0.00135
COPY,Q=K=V,683,0.00135
COPY,Q=K=V,684,0.00135
COPY,Q=K=V,685,0.00135
COPY,Q=K=V,686,0.00135
COPY,Q=K=V,687,0.00135
COPY,Q=K=V,688,0.00135
COPY,Q=K=V,689,0.00135
COPY,Q=K=V,690,0.00135
COPY,Q=K=V,691,0.00135
COPY,Q=K=V,692,0.00135
COPY,Q=K=V,693,0.00135
COPY,Q=K=V,694,0.00135
COPY,Q=K=V,695,0.00135
COPY,Q=K=V,696,0.00135
COPY,Q=K=V,697,0.00135
COPY,Q=K=V,698,0.00135
COPY,Q=K=V,699,0.00135
COPY,Q=K=V,700,0.00135
COPY,Q=K=V,701,0.00135
COPY,Q=K=V,702,0.00135
COPY,Q=K=V,703,0.00135
COPY,Q=K=V,704,0.00135
COPY,Q=K=V,705,0.00135
COPY,Q=K=V,706,0.00135
COPY,Q=K=V,707,0.00135
COPY,Q=K=V,708,0.00135
COPY,Q=K=V,709,0.00134
COPY,Q=K=V,710,0.00136
COPY,Q=K=V,711,0.00134
COPY,Q=K=V,712,0.00134
COPY,Q=K=V,713,0.00134
COPY,Q=K=V,714,0.00135
COPY,Q=K=V,715,0.00134
COPY,Q=K=V,716,0.00134
COPY,Q=K=V,717,0.00134
COPY,Q=K=V,718,0.00135
COPY,Q=K=V,719,0.00135
COPY,Q=K=V,720,0.00135
COPY,Q=K=V,721,0.00134
COPY,Q=K=V,722,0.00134
COPY,Q=K=V,723,0.00134
COPY,Q=K=V,724,0.00134
COPY,Q=K=V,725,0.00134
COPY,Q=K=V,726,0.00134
COPY,Q=K=V,727,0.00134
COPY,Q=K=V,728,0.00134
COPY,Q=K=V,729,0.00134
COPY,Q=K=V,730,0.00134
COPY,Q=K=V,731,0.00134
COPY,Q=K=V,732,0.00134
COPY,Q=K=V,733,0.00134
COPY,Q=K=V,734,0.00134
COPY,Q=K=V,735,0.00134
COPY,Q=K=V,736,0.00134
COPY,Q=K=V,737,0.00134
COPY,Q=K=V,738,0.00134
COPY,Q=K=V,739,0.00134
COPY,Q=K=V,740,0.00134
COPY,Q=K=V,741,0.00134
COPY,Q=K=V,742,0.00134
COPY,Q=K=V,743,0.00134
COPY,Q=K=V,744,0.00134
COPY,Q=K=V,745,0.00134
COPY,Q=K=V,746,0.00134
COPY,Q=K=V,747,0.00134
COPY,Q=K=V,748,0.00134
COPY,Q=K=V,749,0.00134
COPY,Q=K=V,750,0.00134
COPY,Q=K=V,751,0.00134
COPY,Q=K=V,752,0.00134
COPY,Q=K=V,753,0.00134
COPY,Q=K=V,754,0.00134
COPY,Q=K=V,755,0.00134
COPY,Q=K=V,756,0.00134
COPY,Q=K=V,757,0.00134
COPY,Q=K=V,758,0.00134
COPY,Q=K=V,759,0.00134
COPY,Q=K=V,760,0.00134
COPY,Q=K=V,761,0.00134
COPY,Q=K=V,762,0.00134
COPY,Q=K=V,763,0.00134
COPY,Q=K=V,764,0.00134
COPY,Q=K=V,765,0.00134
COPY,Q=K=V,766,0.00134
COPY,Q=K=V,767,0.00134
COPY,Q=K=V,768,0.00134
COPY,Q=K=V,769,0.00134
COPY,Q=K=V,770,0.00134
COPY,Q=K=V,771,0.00134
COPY,Q=K=V,772,0.00134
COPY,Q=K=V,773,0.00134
COPY,Q=K=V,774,0.00134
COPY,Q=K=V,775,0.00134
COPY,Q=K=V,776,0.00134
COPY,Q=K=V,777,0.00134
COPY,Q=K=V,778,0.00134
COPY,Q=K=V,779,0.00134
COPY,Q=K=V,780,0.00134
COPY,Q=K=V,781,0.00134
COPY,Q=K=V,782,0.00134
COPY,Q=K=V,783,0.00134
COPY,Q=K=V,784,0.00134
COPY,Q=K=V,785,0.00134
COPY,Q=K=V,786,0.00134
COPY,Q=K=V,787,0.00134
COPY,Q=K=V,788,0.00134
COPY,Q=K=V,789,0.00134
COPY,(Q=K=V)+,0,2.42052
COPY,(Q=K=V)+,1,2.42548
COPY,(Q=K=V)+,2,2.41924
COPY,(Q=K=V)+,3,2.41839
COPY,(Q=K=V)+,4,2.41018
COPY,(Q=K=V)+,5,2.39987
COPY,(Q=K=V)+,6,2.39116
COPY,(Q=K=V)+,7,2.38049
COPY,(Q=K=V)+,8,2.36622
COPY,(Q=K=V)+,9,2.35827
COPY,(Q=K=V)+,10,2.33863
COPY,(Q=K=V)+,11,2.32698
COPY,(Q=K=V)+,12,2.30785
COPY,(Q=K=V)+,13,2.29106
COPY,(Q=K=V)+,14,2.27020
COPY,(Q=K=V)+,15,2.24589
COPY,(Q=K=V)+,16,2.22980
COPY,(Q=K=V)+,17,2.20782
COPY,(Q=K=V)+,18,2.18354
COPY,(Q=K=V)+,19,2.16094
COPY,(Q=K=V)+,20,2.13930
COPY,(Q=K=V)+,21,2.10906
COPY,(Q=K=V)+,22,2.08024
COPY,(Q=K=V)+,23,2.05150
COPY,(Q=K=V)+,24,2.02120
COPY,(Q=K=V)+,25,1.98698
COPY,(Q=K=V)+,26,1.95450
COPY,(Q=K=V)+,27,1.91853
COPY,(Q=K=V)+,28,1.87830
COPY,(Q=K=V)+,29,1.84025
COPY,(Q=K=V)+,30,1.79394
COPY,(Q=K=V)+,31,1.74462
COPY,(Q=K=V)+,32,1.69368
COPY,(Q=K=V)+,33,1.64066
COPY,(Q=K=V)+,34,1.58631
COPY,(Q=K=V)+,35,1.52864
COPY,(Q=K=V)+,36,1.46241
COPY,(Q=K=V)+,37,1.39220
COPY,(Q=K=V)+,38,1.31542
COPY,(Q=K=V)+,39,1.24832
COPY,(Q=K=V)+,40,1.16337
COPY,(Q=K=V)+,41,1.09412
COPY,(Q=K=V)+,42,1.01629
COPY,(Q=K=V)+,43,0.93645
COPY,(Q=K=V)+,44,0.85906
COPY,(Q=K=V)+,45,0.78627
COPY,(Q=K=V)+,46,0.71734
COPY,(Q=K=V)+,47,0.65202
COPY,(Q=K=V)+,48,0.58933
COPY,(Q=K=V)+,49,0.52692
COPY,(Q=K=V)+,50,0.47296
COPY,(Q=K=V)+,51,0.42276
COPY,(Q=K=V)+,52,0.37391
COPY,(Q=K=V)+,53,0.33291
COPY,(Q=K=V)+,54,0.29407
COPY,(Q=K=V)+,55,0.25644
COPY,(Q=K=V)+,56,0.22895
COPY,(Q=K=V)+,57,0.20126
COPY,(Q=K=V)+,58,0.17471
COPY,(Q=K=V)+,59,0.15640
COPY,(Q=K=V)+,60,0.13685
COPY,(Q=K=V)+,61,0.12048
COPY,(Q=K=V)+,62,0.10786
COPY,(Q=K=V)+,63,0.09685
COPY,(Q=K=V)+,64,0.08603
COPY,(Q=K=V)+,65,0.07766
COPY,(Q=K=V)+,66,0.07021
COPY,(Q=K=V)+,67,0.06420
COPY,(Q=K=V)+,68,0.05830
COPY,(Q=K=V)+,69,0.05271
COPY,(Q=K=V)+,70,0.04877
COPY,(Q=K=V)+,71,0.04513
COPY,(Q=K=V)+,72,0.04199
COPY,(Q=K=V)+,73,0.03889
COPY,(Q=K=V)+,74,0.03615
COPY,(Q=K=V)+,75,0.03383
COPY,(Q=K=V)+,76,0.03175
COPY,(Q=K=V)+,77,0.02980
COPY,(Q=K=V)+,78,0.02829
COPY,(Q=K=V)+,79,0.02669
COPY,(Q=K=V)+,80,0.02530
COPY,(Q=K=V)+,81,0.02414
COPY,(Q=K=V)+,82,0.02292
COPY,(Q=K=V)+,83,0.02188
COPY,(Q=K=V)+,84,0.02097
COPY,(Q=K=V)+,85,0.02016
COPY,(Q=K=V)+,86,0.01935
COPY,(Q=K=V)+,87,0.01868
COPY,(Q=K=V)+,88,0.01798
COPY,(Q=K=V)+,89,0.01737
COPY,(Q=K=V)+,90,0.01688
COPY,(Q=K=V)+,91,0.01627
COPY,(Q=K=V)+,92,0.01586
COPY,(Q=K=V)+,93,0.01529
COPY,(Q=K=V)+,94,0.01491
COPY,(Q=K=V)+,95,0.01452
COPY,(Q=K=V)+,96,0.01408
COPY,(Q=K=V)+,97,0.01374
COPY,(Q=K=V)+,98,0.01345
COPY,(Q=K=V)+,99,0.01309
COPY,(Q=K=V)+,100,0.01282
COPY,(Q=K=V)+,101,0.01258
COPY,(Q=K=V)+,102,0.01225
COPY,(Q=K=V)+,103,0.01196
COPY,(Q=K=V)+,104,0.01177
COPY,(Q=K=V)+,105,0.01153
COPY,(Q=K=V)+,106,0.01131
COPY,(Q=K=V)+,107,0.01109
COPY,(Q=K=V)+,108,0.01090
COPY,(Q=K=V)+,109,0.01066
COPY,(Q=K=V)+,110,0.01055
COPY,(Q=K=V)+,111,0.01032
COPY,(Q=K=V)+,112,0.01018
COPY,(Q=K=V)+,113,0.01001
COPY,(Q=K=V)+,114,0.00984
COPY,(Q=K=V)+,115,0.00968
COPY,(Q=K=V)+,116,0.00958
COPY,(Q=K=V)+,117,0.00941
COPY,(Q=K=V)+,118,0.00926
COPY,(Q=K=V)+,119,0.00914
COPY,(Q=K=V)+,120,0.00900
COPY,(Q=K=V)+,121,0.00889
COPY,(Q=K=V)+,122,0.00875
COPY,(Q=K=V)+,123,0.00868
COPY,(Q=K=V)+,124,0.00856
COPY,(Q=K=V)+,125,0.00844
COPY,(Q=K=V)+,126,0.00832
COPY,(Q=K=V)+,127,0.00821
COPY,(Q=K=V)+,128,0.00814
COPY,(Q=K=V)+,129,0.00800
COPY,(Q=K=V)+,130,0.00795
COPY,(Q=K=V)+,131,0.00785
COPY,(Q=K=V)+,132,0.00773
COPY,(Q=K=V)+,133,0.00765
COPY,(Q=K=V)+,134,0.00756
COPY,(Q=K=V)+,135,0.00747
COPY,(Q=K=V)+,136,0.00739
COPY,(Q=K=V)+,137,0.00730
COPY,(Q=K=V)+,138,0.00723
COPY,(Q=K=V)+,139,0.00714
COPY,(Q=K=V)+,140,0.00709
COPY,(Q=K=V)+,141,0.00701
COPY,(Q=K=V)+,142,0.00691
COPY,(Q=K=V)+,143,0.00687
COPY,(Q=K=V)+,144,0.00677
COPY,(Q=K=V)+,145,0.00672
COPY,(Q=K=V)+,146,0.00665
COPY,(Q=K=V)+,147,0.00658
COPY,(Q=K=V)+,148,0.00653
COPY,(Q=K=V)+,149,0.00645
COPY,(Q=K=V)+,150,0.00640
COPY,(Q=K=V)+,151,0.00634
COPY,(Q=K=V)+,152,0.00627
COPY,(Q=K=V)+,153,0.00621
COPY,(Q=K=V)+,154,0.00614
COPY,(Q=K=V)+,155,0.00611
COPY,(Q=K=V)+,156,0.00604
COPY,(Q=K=V)+,157,0.00598
COPY,(Q=K=V)+,158,0.00593
COPY,(Q=K=V)+,159,0.00586
COPY,(Q=K=V)+,160,0.00584
COPY,(Q=K=V)+,161,0.00578
COPY,(Q=K=V)+,162,0.00572
COPY,(Q=K=V)+,163,0.00566
COPY,(Q=K=V)+,164,0.00563
COPY,(Q=K=V)+,165,0.00558
COPY,(Q=K=V)+,166,0.00553
COPY,(Q=K=V)+,167,0.00549
COPY,(Q=K=V)+,168,0.00544
COPY,(Q=K=V)+,169,0.00538
COPY,(Q=K=V)+,170,0.00536
COPY,(Q=K=V)+,171,0.00532
COPY,(Q=K=V)+,172,0.00527
COPY,(Q=K=V)+,173,0.00521
COPY,(Q=K=V)+,174,0.00518
COPY,(Q=K=V)+,175,0.00513
COPY,(Q=K=V)+,176,0.00509
COPY,(Q=K=V)+,177,0.00505
COPY,(Q=K=V)+,178,0.00501
COPY,(Q=K=V)+,179,0.00498
COPY,(Q=K=V)+,180,0.00493
COPY,(Q=K=V)+,181,0.00490
COPY,(Q=K=V)+,182,0.00486
COPY,(Q=K=V)+,183,0.00481
COPY,(Q=K=V)+,184,0.00478
COPY,(Q=K=V)+,185,0.00476
COPY,(Q=K=V)+,186,0.00471
COPY,(Q=K=V)+,187,0.00469
COPY,(Q=K=V)+,188,0.00465
COPY,(Q=K=V)+,189,0.00461
COPY,(Q=K=V)+,190,0.00458
COPY,(Q=K=V)+,191,0.00455
COPY,(Q=K=V)+,192,0.00452
COPY,(Q=K=V)+,193,0.00449
COPY,(Q=K=V)+,194,0.00446
COPY,(Q=K=V)+,195,0.00443
COPY,(Q=K=V)+,196,0.00439
COPY,(Q=K=V)+,197,0.00436
COPY,(Q=K=V)+,198,0.00434
COPY,(Q=K=V)+,199,0.00430
COPY,(Q=K=V)+,200,0.00428
COPY,(Q=K=V)+,201,0.00423
COPY,(Q=K=V)+,202,0.00421
COPY,(Q=K=V)+,203,0.00419
COPY,(Q=K=V)+,204,0.00416
COPY,(Q=K=V)+,205,0.00413
COPY,(Q=K=V)+,206,0.00412
COPY,(Q=K=V)+,207,0.00407
COPY,(Q=K=V)+,208,0.00405
COPY,(Q=K=V)+,209,0.00403
COPY,(Q=K=V)+,210,0.00400
COPY,(Q=K=V)+,211,0.00398
COPY,(Q=K=V)+,212,0.00395
COPY,(Q=K=V)+,213,0.00393
COPY,(Q=K=V)+,214,0.00390
COPY,(Q=K=V)+,215,0.00388
COPY,(Q=K=V)+,216,0.00385
COPY,(Q=K=V)+,217,0.00383
COPY,(Q=K=V)+,218,0.00381
COPY,(Q=K=V)+,219,0.00378
COPY,(Q=K=V)+,220,0.00375
COPY,(Q=K=V)+,221,0.00373
COPY,(Q=K=V)+,222,0.00372
COPY,(Q=K=V)+,223,0.00369
COPY,(Q=K=V)+,224,0.00366
COPY,(Q=K=V)+,225,0.00365
COPY,(Q=K=V)+,226,0.00363
COPY,(Q=K=V)+,227,0.00361
COPY,(Q=K=V)+,228,0.00358
COPY,(Q=K=V)+,229,0.00357
COPY,(Q=K=V)+,230,0.00354
COPY,(Q=K=V)+,231,0.00352
COPY,(Q=K=V)+,232,0.00351
COPY,(Q=K=V)+,233,0.00349
COPY,(Q=K=V)+,234,0.00347
COPY,(Q=K=V)+,235,0.00344
COPY,(Q=K=V)+,236,0.00340
COPY,(Q=K=V)+,237,0.00340
COPY,(Q=K=V)+,238,0.00339
COPY,(Q=K=V)+,239,0.00337
COPY,(Q=K=V)+,240,0.00335
COPY,(Q=K=V)+,241,0.00333
COPY,(Q=K=V)+,242,0.00332
COPY,(Q=K=V)+,243,0.00329
COPY,(Q=K=V)+,244,0.00328
COPY,(Q=K=V)+,245,0.00326
COPY,(Q=K=V)+,246,0.00324
COPY,(Q=K=V)+,247,0.00323
COPY,(Q=K=V)+,248,0.00321
COPY,(Q=K=V)+,249,0.00319
COPY,(Q=K=V)+,250,0.00318
COPY,(Q=K=V)+,251,0.00317
COPY,(Q=K=V)+,252,0.00315
COPY,(Q=K=V)+,253,0.00313
COPY,(Q=K=V)+,254,0.00311
COPY,(Q=K=V)+,255,0.00310
COPY,(Q=K=V)+,256,0.00309
COPY,(Q=K=V)+,257,0.00306
COPY,(Q=K=V)+,258,0.00305
COPY,(Q=K=V)+,259,0.00304
COPY,(Q=K=V)+,260,0.00303
COPY,(Q=K=V)+,261,0.00301
COPY,(Q=K=V)+,262,0.00299
COPY,(Q=K=V)+,263,0.00298
COPY,(Q=K=V)+,264,0.00296
COPY,(Q=K=V)+,265,0.00295
COPY,(Q=K=V)+,266,0.00295
COPY,(Q=K=V)+,267,0.00292
COPY,(Q=K=V)+,268,0.00292
COPY,(Q=K=V)+,269,0.00290
COPY,(Q=K=V)+,270,0.00288
COPY,(Q=K=V)+,271,0.00287
COPY,(Q=K=V)+,272,0.00287
COPY,(Q=K=V)+,273,0.00284
COPY,(Q=K=V)+,274,0.00283
COPY,(Q=K=V)+,275,0.00282
COPY,(Q=K=V)+,276,0.00281
COPY,(Q=K=V)+,277,0.00279
COPY,(Q=K=V)+,278,0.00278
COPY,(Q=K=V)+,279,0.00277
COPY,(Q=K=V)+,280,0.00276
COPY,(Q=K=V)+,281,0.00274
COPY,(Q=K=V)+,282,0.00273
COPY,(Q=K=V)+,283,0.00272
COPY,(Q=K=V)+,284,0.00271
COPY,(Q=K=V)+,285,0.00270
COPY,(Q=K=V)+,286,0.00268
COPY,(Q=K=V)+,287,0.00267
COPY,(Q=K=V)+,288,0.00267
COPY,(Q=K=V)+,289,0.00265
COPY,(Q=K=V)+,290,0.00264
COPY,(Q=K=V)+,291,0.00263
COPY,(Q=K=V)+,292,0.00262
COPY,(Q=K=V)+,293,0.00261
COPY,(Q=K=V)+,294,0.00259
COPY,(Q=K=V)+,295,0.00258
COPY,(Q=K=V)+,296,0.00258
COPY,(Q=K=V)+,297,0.00257
COPY,(Q=K=V)+,298,0.00255
COPY,(Q=K=V)+,299,0.00254
COPY,(Q=K=V)+,300,0.00253
COPY,(Q=K=V)+,301,0.00253
COPY,(Q=K=V)+,302,0.00251
COPY,(Q=K=V)+,303,0.00250
COPY,(Q=K=V)+,304,0.00249
COPY,(Q=K=V)+,305,0.00249
COPY,(Q=K=V)+,306,0.00248
COPY,(Q=K=V)+,307,0.00247
COPY,(Q=K=V)+,308,0.00245
COPY,(Q=K=V)+,309,0.00244
COPY,(Q=K=V)+,310,0.00244
COPY,(Q=K=V)+,311,0.00243
COPY,(Q=K=V)+,312,0.00242
COPY,(Q=K=V)+,313,0.00241
COPY,(Q=K=V)+,314,0.00240
COPY,(Q=K=V)+,315,0.00240
COPY,(Q=K=V)+,316,0.00238
COPY,(Q=K=V)+,317,0.00237
COPY,(Q=K=V)+,318,0.00236
COPY,(Q=K=V)+,319,0.00236
COPY,(Q=K=V)+,320,0.00234
COPY,(Q=K=V)+,321,0.00233
COPY,(Q=K=V)+,322,0.00233
COPY,(Q=K=V)+,323,0.00232
COPY,(Q=K=V)+,324,0.00231
COPY,(Q=K=V)+,325,0.00230
COPY,(Q=K=V)+,326,0.00230
COPY,(Q=K=V)+,327,0.00229
COPY,(Q=K=V)+,328,0.00228
COPY,(Q=K=V)+,329,0.00227
COPY,(Q=K=V)+,330,0.00226
COPY,(Q=K=V)+,331,0.00226
COPY,(Q=K=V)+,332,0.00225
COPY,(Q=K=V)+,333,0.00225
COPY,(Q=K=V)+,334,0.00223
COPY,(Q=K=V)+,335,0.00223
COPY,(Q=K=V)+,336,0.00222
COPY,(Q=K=V)+,337,0.00221
COPY,(Q=K=V)+,338,0.00221
COPY,(Q=K=V)+,339,0.00219
COPY,(Q=K=V)+,340,0.00219
COPY,(Q=K=V)+,341,0.00218
COPY,(Q=K=V)+,342,0.00218
COPY,(Q=K=V)+,343,0.00217
COPY,(Q=K=V)+,344,0.00216
COPY,(Q=K=V)+,345,0.00215
COPY,(Q=K=V)+,346,0.00214
COPY,(Q=K=V)+,347,0.00214
COPY,(Q=K=V)+,348,0.00213
COPY,(Q=K=V)+,349,0.00213
COPY,(Q=K=V)+,350,0.00212
COPY,(Q=K=V)+,351,0.00212
COPY,(Q=K=V)+,352,0.00210
COPY,(Q=K=V)+,353,0.00210
COPY,(Q=K=V)+,354,0.00209
COPY,(Q=K=V)+,355,0.00209
COPY,(Q=K=V)+,356,0.00208
COPY,(Q=K=V)+,357,0.00207
COPY,(Q=K=V)+,358,0.00207
COPY,(Q=K=V)+,359,0.00206
COPY,(Q=K=V)+,360,0.00205
COPY,(Q=K=V)+,361,0.00205
COPY,(Q=K=V)+,362,0.00204
COPY,(Q=K=V)+,363,0.00204
COPY,(Q=K=V)+,364,0.00203
COPY,(Q=K=V)+,365,0.00202
COPY,(Q=K=V)+,366,0.00202
COPY,(Q=K=V)+,367,0.00201
COPY,(Q=K=V)+,368,0.00201
COPY,(Q=K=V)+,369,0.00200
COPY,(Q=K=V)+,370,0.00200
COPY,(Q=K=V)+,371,0.00199
COPY,(Q=K=V)+,372,0.00198
COPY,(Q=K=V)+,373,0.00198
COPY,(Q=K=V)+,374,0.00198
COPY,(Q=K=V)+,375,0.00197
COPY,(Q=K=V)+,376,0.00196
COPY,(Q=K=V)+,377,0.00196
COPY,(Q=K=V)+,378,0.00195
COPY,(Q=K=V)+,379,0.00195
COPY,(Q=K=V)+,380,0.00194
COPY,(Q=K=V)+,381,0.00193
COPY,(Q=K=V)+,382,0.00193
COPY,(Q=K=V)+,383,0.00193
COPY,(Q=K=V)+,384,0.00192
COPY,(Q=K=V)+,385,0.00191
COPY,(Q=K=V)+,386,0.00191
COPY,(Q=K=V)+,387,0.00190
COPY,(Q=K=V)+,388,0.00190
COPY,(Q=K=V)+,389,0.00189
COPY,(Q=K=V)+,390,0.00189
COPY,(Q=K=V)+,391,0.00189
COPY,(Q=K=V)+,392,0.00188
COPY,(Q=K=V)+,393,0.00187
COPY,(Q=K=V)+,394,0.00187
COPY,(Q=K=V)+,395,0.00187
COPY,(Q=K=V)+,396,0.00186
COPY,(Q=K=V)+,397,0.00185
COPY,(Q=K=V)+,398,0.00185
COPY,(Q=K=V)+,399,0.00185
COPY,(Q=K=V)+,400,0.00184
COPY,(Q=K=V)+,401,0.00184
COPY,(Q=K=V)+,402,0.00183
COPY,(Q=K=V)+,403,0.00183
COPY,(Q=K=V)+,404,0.00183
COPY,(Q=K=V)+,405,0.00182
COPY,(Q=K=V)+,406,0.00181
COPY,(Q=K=V)+,407,0.00181
COPY,(Q=K=V)+,408,0.00180
COPY,(Q=K=V)+,409,0.00180
COPY,(Q=K=V)+,410,0.00180
COPY,(Q=K=V)+,411,0.00179
COPY,(Q=K=V)+,412,0.00179
COPY,(Q=K=V)+,413,0.00179
COPY,(Q=K=V)+,414,0.00178
COPY,(Q=K=V)+,415,0.00177
COPY,(Q=K=V)+,416,0.00177
COPY,(Q=K=V)+,417,0.00177
COPY,(Q=K=V)+,418,0.00176
COPY,(Q=K=V)+,419,0.00176
COPY,(Q=K=V)+,420,0.00175
COPY,(Q=K=V)+,421,0.00175
COPY,(Q=K=V)+,422,0.00175
COPY,(Q=K=V)+,423,0.00174
COPY,(Q=K=V)+,424,0.00174
COPY,(Q=K=V)+,425,0.00174
COPY,(Q=K=V)+,426,0.00173
COPY,(Q=K=V)+,427,0.00173
COPY,(Q=K=V)+,428,0.00173
COPY,(Q=K=V)+,429,0.00172
COPY,(Q=K=V)+,430,0.00172
COPY,(Q=K=V)+,431,0.00171
COPY,(Q=K=V)+,432,0.00171
COPY,(Q=K=V)+,433,0.00171
COPY,(Q=K=V)+,434,0.00171
COPY,(Q=K=V)+,435,0.00170
COPY,(Q=K=V)+,436,0.00170
COPY,(Q=K=V)+,437,0.00170
COPY,(Q=K=V)+,438,0.00169
COPY,(Q=K=V)+,439,0.00169
COPY,(Q=K=V)+,440,0.00168
COPY,(Q=K=V)+,441,0.00168
COPY,(Q=K=V)+,442,0.00168
COPY,(Q=K=V)+,443,0.00167
COPY,(Q=K=V)+,444,0.00167
COPY,(Q=K=V)+,445,0.00167
COPY,(Q=K=V)+,446,0.00166
COPY,(Q=K=V)+,447,0.00166
COPY,(Q=K=V)+,448,0.00165
COPY,(Q=K=V)+,449,0.00165
COPY,(Q=K=V)+,450,0.00165
COPY,(Q=K=V)+,451,0.00165
COPY,(Q=K=V)+,452,0.00165
COPY,(Q=K=V)+,453,0.00164
COPY,(Q=K=V)+,454,0.00164
COPY,(Q=K=V)+,455,0.00163
COPY,(Q=K=V)+,456,0.00163
COPY,(Q=K=V)+,457,0.00163
COPY,(Q=K=V)+,458,0.00162
COPY,(Q=K=V)+,459,0.00162
COPY,(Q=K=V)+,460,0.00162
COPY,(Q=K=V)+,461,0.00162
COPY,(Q=K=V)+,462,0.00161
COPY,(Q=K=V)+,463,0.00161
COPY,(Q=K=V)+,464,0.00160
COPY,(Q=K=V)+,465,0.00160
COPY,(Q=K=V)+,466,0.00161
COPY,(Q=K=V)+,467,0.00160
COPY,(Q=K=V)+,468,0.00160
COPY,(Q=K=V)+,469,0.00160
COPY,(Q=K=V)+,470,0.00160
COPY,(Q=K=V)+,471,0.00159
COPY,(Q=K=V)+,472,0.00159
COPY,(Q=K=V)+,473,0.00158
COPY,(Q=K=V)+,474,0.00158
COPY,(Q=K=V)+,475,0.00158
COPY,(Q=K=V)+,476,0.00157
COPY,(Q=K=V)+,477,0.00157
COPY,(Q=K=V)+,478,0.00157
COPY,(Q=K=V)+,479,0.00157
COPY,(Q=K=V)+,480,0.00157
COPY,(Q=K=V)+,481,0.00156
COPY,(Q=K=V)+,482,0.00156
COPY,(Q=K=V)+,483,0.00156
COPY,(Q=K=V)+,484,0.00155
COPY,(Q=K=V)+,485,0.00156
COPY,(Q=K=V)+,486,0.00155
COPY,(Q=K=V)+,487,0.00155
COPY,(Q=K=V)+,488,0.00155
COPY,(Q=K=V)+,489,0.00154
COPY,(Q=K=V)+,490,0.00154
COPY,(Q=K=V)+,491,0.00154
COPY,(Q=K=V)+,492,0.00154
COPY,(Q=K=V)+,493,0.00154
COPY,(Q=K=V)+,494,0.00153
COPY,(Q=K=V)+,495,0.00153
COPY,(Q=K=V)+,496,0.00152
COPY,(Q=K=V)+,497,0.00153
COPY,(Q=K=V)+,498,0.00152
COPY,(Q=K=V)+,499,0.00152
COPY,(Q=K=V)+,500,0.00152
COPY,(Q=K=V)+,501,0.00152
COPY,(Q=K=V)+,502,0.00152
COPY,(Q=K=V)+,503,0.00151
COPY,(Q=K=V)+,504,0.00151
COPY,(Q=K=V)+,505,0.00151
COPY,(Q=K=V)+,506,0.00150
COPY,(Q=K=V)+,507,0.00150
COPY,(Q=K=V)+,508,0.00150
COPY,(Q=K=V)+,509,0.00150
COPY,(Q=K=V)+,510,0.00150
COPY,(Q=K=V)+,511,0.00150
COPY,(Q=K=V)+,512,0.00149
COPY,(Q=K=V)+,513,0.00149
COPY,(Q=K=V)+,514,0.00149
COPY,(Q=K=V)+,515,0.00149
COPY,(Q=K=V)+,516,0.00149
COPY,(Q=K=V)+,517,0.00148
COPY,(Q=K=V)+,518,0.00148
COPY,(Q=K=V)+,519,0.00148
COPY,(Q=K=V)+,520,0.00148
COPY,(Q=K=V)+,521,0.00148
COPY,(Q=K=V)+,522,0.00147
COPY,(Q=K=V)+,523,0.00147
COPY,(Q=K=V)+,524,0.00147
COPY,(Q=K=V)+,525,0.00147
COPY,(Q=K=V)+,526,0.00147
COPY,(Q=K=V)+,527,0.00147
COPY,(Q=K=V)+,528,0.00146
COPY,(Q=K=V)+,529,0.00146
COPY,(Q=K=V)+,530,0.00146
COPY,(Q=K=V)+,531,0.00146
COPY,(Q=K=V)+,532,0.00146
COPY,(Q=K=V)+,533,0.00146
COPY,(Q=K=V)+,534,0.00145
COPY,(Q=K=V)+,535,0.00145
COPY,(Q=K=V)+,536,0.00145
COPY,(Q=K=V)+,537,0.00145
COPY,(Q=K=V)+,538,0.00145
COPY,(Q=K=V)+,539,0.00144
COPY,(Q=K=V)+,540,0.00144
COPY,(Q=K=V)+,541,0.00144
COPY,(Q=K=V)+,542,0.00144
COPY,(Q=K=V)+,543,0.00144
COPY,(Q=K=V)+,544,0.00144
COPY,(Q=K=V)+,545,0.00144
COPY,(Q=K=V)+,546,0.00144
COPY,(Q=K=V)+,547,0.00143
COPY,(Q=K=V)+,548,0.00143
COPY,(Q=K=V)+,549,0.00143
COPY,(Q=K=V)+,550,0.00143
COPY,(Q=K=V)+,551,0.00143
COPY,(Q=K=V)+,552,0.00143
COPY,(Q=K=V)+,553,0.00143
COPY,(Q=K=V)+,554,0.00142
COPY,(Q=K=V)+,555,0.00142
COPY,(Q=K=V)+,556,0.00142
COPY,(Q=K=V)+,557,0.00142
COPY,(Q=K=V)+,558,0.00142
COPY,(Q=K=V)+,559,0.00142
COPY,(Q=K=V)+,560,0.00142
COPY,(Q=K=V)+,561,0.00142
COPY,(Q=K=V)+,562,0.00141
COPY,(Q=K=V)+,563,0.00141
COPY,(Q=K=V)+,564,0.00141
COPY,(Q=K=V)+,565,0.00141
COPY,(Q=K=V)+,566,0.00141
COPY,(Q=K=V)+,567,0.00141
COPY,(Q=K=V)+,568,0.00140
COPY,(Q=K=V)+,569,0.00140
COPY,(Q=K=V)+,570,0.00140
COPY,(Q=K=V)+,571,0.00140
COPY,(Q=K=V)+,572,0.00140
COPY,(Q=K=V)+,573,0.00140
COPY,(Q=K=V)+,574,0.00140
COPY,(Q=K=V)+,575,0.00140
COPY,(Q=K=V)+,576,0.00139
COPY,(Q=K=V)+,577,0.00140
COPY,(Q=K=V)+,578,0.00139
COPY,(Q=K=V)+,579,0.00139
COPY,(Q=K=V)+,580,0.00139
COPY,(Q=K=V)+,581,0.00139
COPY,(Q=K=V)+,582,0.00139
COPY,(Q=K=V)+,583,0.00139
COPY,(Q=K=V)+,584,0.00139
COPY,(Q=K=V)+,585,0.00138
COPY,(Q=K=V)+,586,0.00138
COPY,(Q=K=V)+,587,0.00138
COPY,(Q=K=V)+,588,0.00138
COPY,(Q=K=V)+,589,0.00138
COPY,(Q=K=V)+,590,0.00138
COPY,(Q=K=V)+,591,0.00138
COPY,(Q=K=V)+,592,0.00138
COPY,(Q=K=V)+,593,0.00138
COPY,(Q=K=V)+,594,0.00138
COPY,(Q=K=V)+,595,0.00138
COPY,(Q=K=V)+,596,0.00137
COPY,(Q=K=V)+,597,0.00137
COPY,(Q=K=V)+,598,0.00137
COPY,(Q=K=V)+,599,0.00137
COPY,(Q=K=V)+,600,0.00137
COPY,(Q=K=V)+,601,0.00137
COPY,(Q=K=V)+,602,0.00137
COPY,(Q=K=V)+,603,0.00137
COPY,(Q=K=V)+,604,0.00137
COPY,(Q=K=V)+,605,0.00137
COPY,(Q=K=V)+,606,0.00136
COPY,(Q=K=V)+,607,0.00136
COPY,(Q=K=V)+,608,0.00136
COPY,(Q=K=V)+,609,0.00136
COPY,(Q=K=V)+,610,0.00136
COPY,(Q=K=V)+,611,0.00136
COPY,(Q=K=V)+,612,0.00136
COPY,(Q=K=V)+,613,0.00136
COPY,(Q=K=V)+,614,0.00136
COPY,(Q=K=V)+,615,0.00136
COPY,(Q=K=V)+,616,0.00136
COPY,(Q=K=V)+,617,0.00135
COPY,(Q=K=V)+,618,0.00136
COPY,(Q=K=V)+,619,0.00135
COPY,(Q=K=V)+,620,0.00135
COPY,(Q=K=V)+,621,0.00135
COPY,(Q=K=V)+,622,0.00135
COPY,(Q=K=V)+,623,0.00135
COPY,(Q=K=V)+,624,0.00135
COPY,(Q=K=V)+,625,0.00135
COPY,(Q=K=V)+,626,0.00135
COPY,(Q=K=V)+,627,0.00135
COPY,(Q=K=V)+,628,0.00135
COPY,(Q=K=V)+,629,0.00135
COPY,(Q=K=V)+,630,0.00135
COPY,(Q=K=V)+,631,0.00135
COPY,(Q=K=V)+,632,0.00135
COPY,(Q=K=V)+,633,0.00134
COPY,(Q=K=V)+,634,0.00134
COPY,(Q=K=V)+,635,0.00134
COPY,(Q=K=V)+,636,0.00134
COPY,(Q=K=V)+,637,0.00135
COPY,(Q=K=V)+,638,0.00134
COPY,(Q=K=V)+,639,0.00134
COPY,(Q=K=V)+,640,0.00134
COPY,(Q=K=V)+,641,0.00134
COPY,(Q=K=V)+,642,0.00134
COPY,(Q=K=V)+,643,0.00134
COPY,(Q=K=V)+,644,0.00134
COPY,(Q=K=V)+,645,0.00134
COPY,(Q=K=V)+,646,0.00134
COPY,(Q=K=V)+,647,0.00134
COPY,(Q=K=V)+,648,0.00134
COPY,(Q=K=V)+,649,0.00134
COPY,(Q=K=V)+,650,0.00133
COPY,(Q=K=V)+,651,0.00133
COPY,(Q=K=V)+,652,0.00133
COPY,(Q=K=V)+,653,0.00133
COPY,(Q=K=V)+,654,0.00133
COPY,(Q=K=V)+,655,0.00133
COPY,(Q=K=V)+,656,0.00133
COPY,(Q=K=V)+,657,0.00133
COPY,(Q=K=V)+,658,0.00133
COPY,(Q=K=V)+,659,0.00133
COPY,(Q=K=V)+,660,0.00133
COPY,(Q=K=V)+,661,0.00133
COPY,(Q=K=V)+,662,0.00133
COPY,(Q=K=V)+,663,0.00133
COPY,(Q=K=V)+,664,0.00133
COPY,(Q=K=V)+,665,0.00133
COPY,(Q=K=V)+,666,0.00133
COPY,(Q=K=V)+,667,0.00133
COPY,(Q=K=V)+,668,0.00133
COPY,(Q=K=V)+,669,0.00133
COPY,(Q=K=V)+,670,0.00133
COPY,(Q=K=V)+,671,0.00133
COPY,(Q=K=V)+,672,0.00133
COPY,(Q=K=V)+,673,0.00133
COPY,(Q=K=V)+,674,0.00132
COPY,(Q=K=V)+,675,0.00132
COPY,(Q=K=V)+,676,0.00133
COPY,(Q=K=V)+,677,0.00132
COPY,(Q=K=V)+,678,0.00132
COPY,(Q=K=V)+,679,0.00132
COPY,(Q=K=V)+,680,0.00133
COPY,(Q=K=V)+,681,0.00132
COPY,(Q=K=V)+,682,0.00132
COPY,(Q=K=V)+,683,0.00132
COPY,(Q=K=V)+,684,0.00132
COPY,(Q=K=V)+,685,0.00132
COPY,(Q=K=V)+,686,0.00132
COPY,(Q=K=V)+,687,0.00132
COPY,(Q=K=V)+,688,0.00132
COPY,(Q=K=V)+,689,0.00132
COPY,(Q=K=V)+,690,0.00132
COPY,(Q=K=V)+,691,0.00132
COPY,(Q=K=V)+,692,0.00132
COPY,(Q=K=V)+,693,0.00132
COPY,(Q=K=V)+,694,0.00132
COPY,(Q=K=V)+,695,0.00132
COPY,(Q=K=V)+,696,0.00132
COPY,(Q=K=V)+,697,0.00132
COPY,(Q=K=V)+,698,0.00132
COPY,(Q=K=V)+,699,0.00132
COPY,(Q=K=V)+,700,0.00132
COPY,(Q=K=V)+,701,0.00132
COPY,(Q=K=V)+,702,0.00132
COPY,(Q=K=V)+,703,0.00132
COPY,(Q=K=V)+,704,0.00132
COPY,(Q=K=V)+,705,0.00132
COPY,(Q=K=V)+,706,0.00132
COPY,(Q=K=V)+,707,0.00132
COPY,(Q=K=V)+,708,0.00132
COPY,(Q=K=V)+,709,0.00132
COPY,(Q=K=V)+,710,0.00132
COPY,(Q=K=V)+,711,0.00132
COPY,(Q=K=V)+,712,0.00132
COPY,(Q=K=V)+,713,0.00132
COPY,(Q=K=V)+,714,0.00132
COPY,(Q=K=V)+,715,0.00131
COPY,(Q=K=V)+,716,0.00131
COPY,(Q=K=V)+,717,0.00131
COPY,(Q=K=V)+,718,0.00131
COPY,(Q=K=V)+,719,0.00131
COPY,(Q=K=V)+,720,0.00131
COPY,(Q=K=V)+,721,0.00131
COPY,(Q=K=V)+,722,0.00131
COPY,(Q=K=V)+,723,0.00131
COPY,(Q=K=V)+,724,0.00131
COPY,(Q=K=V)+,725,0.00132
COPY,(Q=K=V)+,726,0.00131
COPY,(Q=K=V)+,727,0.00131
COPY,(Q=K=V)+,728,0.00131
COPY,(Q=K=V)+,729,0.00131
COPY,(Q=K=V)+,730,0.00131
COPY,(Q=K=V)+,731,0.00131
COPY,(Q=K=V)+,732,0.00131
COPY,(Q=K=V)+,733,0.00131
COPY,(Q=K=V)+,734,0.00131
COPY,(Q=K=V)+,735,0.00131
COPY,(Q=K=V)+,736,0.00131
COPY,(Q=K=V)+,737,0.00131
COPY,(Q=K=V)+,738,0.00131
COPY,(Q=K=V)+,739,0.00131
COPY,(Q=K=V)+,740,0.00131
COPY,(Q=K=V)+,741,0.00131
COPY,(Q=K=V)+,742,0.00131
COPY,(Q=K=V)+,743,0.00131
COPY,(Q=K=V)+,744,0.00131
COPY,(Q=K=V)+,745,0.00131
COPY,(Q=K=V)+,746,0.00131
COPY,(Q=K=V)+,747,0.00131
COPY,(Q=K=V)+,748,0.00131
COPY,(Q=K=V)+,749,0.00131
COPY,(Q=K=V)+,750,0.00131
COPY,(Q=K=V)+,751,0.00131
COPY,(Q=K=V)+,752,0.00131
COPY,(Q=K=V)+,753,0.00131
COPY,(Q=K=V)+,754,0.00131
COPY,(Q=K=V)+,755,0.00131
COPY,(Q=K=V)+,756,0.00131
COPY,(Q=K=V)+,757,0.00131
COPY,(Q=K=V)+,758,0.00131
COPY,(Q=K=V)+,759,0.00131
COPY,(Q=K=V)+,760,0.00131
COPY,(Q=K=V)+,761,0.00131
COPY,(Q=K=V)+,762,0.00131
COPY,(Q=K=V)+,763,0.00131
COPY,(Q=K=V)+,764,0.00131
COPY,(Q=K=V)+,765,0.00131
COPY,(Q=K=V)+,766,0.00131
COPY,(Q=K=V)+,767,0.00131
COPY,(Q=K=V)+,768,0.00131
COPY,(Q=K=V)+,769,0.00131
COPY,(Q=K=V)+,770,0.00131
COPY,(Q=K=V)+,771,0.00131
COPY,(Q=K=V)+,772,0.00131
COPY,(Q=K=V)+,773,0.00131
COPY,(Q=K=V)+,774,0.00131
COPY,(Q=K=V)+,775,0.00131
COPY,(Q=K=V)+,776,0.00131
COPY,(Q=K=V)+,777,0.00131
COPY,(Q=K=V)+,778,0.00131
COPY,(Q=K=V)+,779,0.00131
COPY,(Q=K=V)+,780,0.00131
COPY,(Q=K=V)+,781,0.00131
COPY,(Q=K=V)+,782,0.00131
COPY,(Q=K=V)+,783,0.00131
COPY,(Q=K=V)+,784,0.00131
COPY,(Q=K=V)+,785,0.00131
COPY,(Q=K=V)+,786,0.00131
COPY,(Q=K=V)+,787,0.00131
COPY,(Q=K=V)+,788,0.00131
COPY,(Q=K=V)+,789,0.00131
